pair,interface,mode,atom_id,element,response_group,DFT_plus_minus_delta_fx_eV_A,DFT_plus_minus_delta_fy_eV_A,DFT_plus_minus_delta_fz_eV_A,V16_plus_minus_delta_fx_eV_A,V16_plus_minus_delta_fy_eV_A,V16_plus_minus_delta_fz_eV_A,V16_minus_DFT_response_error_norm_eV_A
AgC_framework_neighbor,AgC,framework_neighbor,113766,Ti,framework_outside_shell,-0.0006678300000000359,-0.0011221500000000023,-0.00058072000000009,-0.00028998620198261715,-0.0007661172176001985,-0.0011137576883211153,0.0007440796026059285
AgC_framework_neighbor,AgC,framework_neighbor,600768,Ti,framework_outside_shell,-0.0005323100000000913,-0.0005656600000000234,0.0003991800000000545,0.0032125293684777123,0.0021528692490140333,-0.0028351531801993346,0.005645806788580783
AgC_framework_neighbor,AgC,framework_neighbor,602398,Ti,framework_outside_shell,0.010530759999999972,0.0022295900000000035,-0.002526330000000021,0.0017955040166499625,0.0029959588589589803,-0.003549227945046196,0.00882826928274245
AgC_framework_neighbor,AgC,framework_neighbor,602560,Ti,framework_outside_shell,-0.0016106499999999357,0.017031259999999993,-0.009886139999999877,-0.004911304505376468,-0.0005687267085592307,0.0018508704900930262,0.021410541038233352
AgC_framework_neighbor,AgC,framework_neighbor,602563,C,framework_outside_shell,-0.0053899199999999925,0.0035779799999999806,-0.001196680000000061,-0.00035841250497931076,0.005127977632628511,0.00015802515411156293,0.005436339429080927
AgC_framework_neighbor,AgC,framework_neighbor,602564,C,framework_neighbor_shell_nonAg_within_3p5A,-0.06591892000000055,0.060756709999999714,0.002798450000000008,-0.07192453074775074,0.04280267263679516,-0.012398833885612554,0.02427699024987935
AgC_framework_neighbor,AgC,framework_neighbor,602568,C,framework_outside_shell,0.0010446200000000516,0.0037017200000000194,0.0035003299999998294,-0.004150129916773104,-0.003478965222441288,-0.00647141155686537,0.013341038064502854
AgC_framework_neighbor,AgC,framework_neighbor,602569,Ti,framework_outside_shell,-0.01200835999999994,-0.014622090000000032,-0.00675971000000003,-0.0058213130557684956,-0.00040159641308323835,-0.00020710296891623958,0.016835636211604065
AgC_framework_neighbor,AgC,framework_neighbor,602577,C,framework_outside_shell,0.00175323000000005,-0.0020144300000000115,0.0069687699999998465,-0.0018783639708264133,-0.003440518979067164,-2.7204310777406704e-05,0.008010359611291816
AgC_framework_neighbor,AgC,framework_neighbor,602709,Ti,framework_neighbor_shell_nonAg_within_3p5A,-0.03201828000000001,0.00040026999999998036,-0.007149370000000002,-0.039027983177158165,0.004800027114593569,-0.0052152309963292565,0.008499099657304795
AgC_framework_neighbor,AgC,framework_neighbor,602714,Ti,framework_outside_shell,0.013857789999999981,-0.006963319999999884,0.008437959999999967,0.018082827355463627,0.007529800274867604,0.009364097896213952,0.01512478784511181
AgC_framework_neighbor,AgC,framework_neighbor,602717,Si,framework_outside_shell,-0.008999629999999925,-0.0010563199999999995,-0.00905649,-0.005008134430060873,-0.006284489924385017,-0.005926633784581026,0.007284352927493553
AgC_framework_neighbor,AgC,framework_neighbor,602720,Ti,framework_outside_shell,0.006677200000000161,0.0011516599999999988,0.001639119999999883,-0.0038136475396626235,0.00017765131559288605,0.002334483882530769,0.010558887533584095
AgC_framework_neighbor,AgC,framework_neighbor,602722,Si,framework_outside_shell,0.006346500000000033,0.004522530000000025,-0.0007197599999999998,0.005844379450129278,0.0015301125351400158,-0.0006439344980400663,0.0030351996371489613
AgC_framework_neighbor,AgC,framework_neighbor,602726,Si,framework_outside_shell,0.002378830000000002,-0.002694120000000022,0.001558069999999967,-0.0040161279791388615,-0.004312770452057968,-0.0024699281160907027,0.007729184023176651
AgC_framework_neighbor,AgC,framework_neighbor,602728,Si,framework_outside_shell,0.0005065600000000448,0.0009543100000000138,-0.002629910000000013,-4.777901576857868e-05,-0.001379817824693541,0.00021103156796209444,0.003718385864725041
AgC_framework_neighbor,AgC,framework_neighbor,604584,Ti,framework_outside_shell,0.01667424999999989,-0.011308000000000096,-0.0057933100000000515,0.005675149264590118,0.0058051873049693725,0.004840680869619529,0.022954806872152345
AgC_framework_neighbor,AgC,framework_neighbor,604585,C,framework_outside_shell,-0.00024127000000007115,-0.015329609999999994,-0.0034845399999999804,-0.0026223330117793875,0.0032478692012697374,0.006401654928037459,0.021178504307311843
AgC_framework_neighbor,AgC,framework_neighbor,604586,Ti,framework_outside_shell,-0.0074035900000000154,0.009601370000000164,-0.0026943999999999996,0.0039026367289840547,-0.005841106060014312,0.001041700529820222,0.019500237867273236
AgC_framework_neighbor,AgC,framework_neighbor,604587,C,framework_outside_shell,0.019783120000000043,0.00889527999999995,0.059473200000000004,0.011224237189676689,0.010144157587068214,0.039320385624913134,0.02193057448917009
AgC_framework_neighbor,AgC,framework_neighbor,604588,Ti,framework_outside_shell,-0.011694050000000011,0.017312919999999954,-0.009163169999999998,-0.002630111902917953,-0.01258582882895698,-0.012017083694993325,0.03137251948351072
AgC_framework_neighbor,AgC,framework_neighbor,604589,Ti,framework_neighbor_shell_nonAg_within_3p5A,-0.20245767999999997,0.27161270999999987,0.37510673000000005,-0.15547265021906864,0.30711178569043884,0.33037442766909547,0.07395103968311717
AgC_framework_neighbor,AgC,framework_neighbor,604590,Ti,framework_neighbor_shell_nonAg_within_3p5A,0.019949959999999933,-0.016953210000000496,0.0025914100000000717,0.01869721352391096,-0.018116828527684703,0.018706951881760192,0.016205988768171097
AgC_framework_neighbor,AgC,framework_neighbor,604592,C,framework_neighbor_shell_nonAg_within_3p5A,0.05219292000000042,0.0747803199999999,-0.013674759999999786,0.028533964297015046,0.06399841241205939,-0.0001572970026573195,0.029303882372055005
AgC_framework_neighbor,AgC,framework_neighbor,604593,Si,framework_outside_shell,-0.0017557500000000004,-0.005576190000000009,-0.004867450000000106,0.0057149441451475325,-0.00340207929309036,-0.0004974322532071973,0.008923849140562932
AgC_framework_neighbor,AgC,framework_neighbor,604594,Si,framework_outside_shell,0.019417919999999977,-0.005066389999999976,0.024875410000000042,0.0223769053729177,-0.005840158979595111,0.014711552408527395,0.010614062088129166
AgC_framework_neighbor,AgC,framework_neighbor,604596,C,framework_outside_shell,-0.0045481699999998515,-0.006497069999999994,0.009886820000000185,-0.003695246028539767,0.0026196277380973187,0.0033517012806880686,0.01124941925720717
AgC_framework_neighbor,AgC,framework_neighbor,604598,C,framework_outside_shell,0.004820190000000002,-0.020195350000000056,-0.0038482399999999473,0.0004595636147403104,-0.0025458657019219455,-0.00014780347494758317,0.01855296711946287
AgC_framework_neighbor,AgC,framework_neighbor,604599,Ti,framework_outside_shell,0.0034647500000000164,0.027217300000000222,-0.013698310000000005,-0.01659377198721057,0.006675283164357282,-0.006320386136258127,0.029643760229202037
AgC_framework_neighbor,AgC,framework_neighbor,604600,Ti,framework_outside_shell,0.01617874999999991,0.03827537000000003,-0.011497789999999952,0.015182437830164819,0.029733934372866422,-0.033183503968285066,0.023328500826810646
AgC_framework_neighbor,AgC,framework_neighbor,604601,Ti,framework_outside_shell,-0.0062572699999998704,0.00451066,0.012255580000000016,0.00172065477191774,-0.000245931415224554,-1.1481965113135928e-06,0.015378551025402896
AgC_framework_neighbor,AgC,framework_neighbor,604602,C,framework_neighbor_shell_nonAg_within_3p5A,-0.025242970000000003,-0.08302054000000003,0.15315686,-0.011489663453115528,-0.08849632069860525,0.11617903356537418,0.03983085817630729
AgC_framework_neighbor,AgC,framework_neighbor,604603,C,framework_outside_shell,0.008941979999999905,-0.0033340699999999668,0.0018153899999999723,0.005920081479109385,-0.008895189574661622,0.0003236568718315569,0.00650255252342651
AgC_framework_neighbor,AgC,framework_neighbor,604605,Si,framework_outside_shell,-0.0006248200000000814,-0.009327370000000001,-0.007766229999999874,0.007162704745771853,-0.00357683855049834,0.0005251967741917163,0.012746054745273105
AgC_framework_neighbor,AgC,framework_neighbor,604608,Ti,framework_outside_shell,-0.0034385599999999794,-0.001748010000000022,-0.004736620000000025,-0.002216092522018265,0.00134351965850521,0.0011611177909605086,0.006770176763945273
AgC_framework_neighbor,AgC,framework_neighbor,604611,Ti,framework_outside_shell,-0.006635910000000078,0.006193500000000185,-0.0013713499999998824,0.0018074496050064504,-0.0003001537625220152,-0.000764078111391342,0.010668956825935182
AgC_framework_neighbor,AgC,framework_neighbor,604794,Ti,framework_outside_shell,0.0009211800000000214,0.0195926700000002,-0.045769200000000065,-0.0023670051569442685,0.014340223595684654,-0.02000345850335994,0.02650044885899556
AgC_framework_neighbor,AgC,framework_neighbor,604795,Ti,framework_outside_shell,-0.010876899999999967,0.011382540000000052,0.015782399999999974,-0.009732887650865552,0.009953015591738001,0.010805853692386735,0.005302670783728514
AgC_framework_neighbor,AgC,framework_neighbor,604796,Ti,framework_neighbor_shell_nonAg_within_3p5A,0.12597013,0.14187251,-0.07116482000000002,0.10625480474225985,0.1104251904755999,-0.10583451156664614,0.050789915028621346
AgC_framework_neighbor,AgC,framework_neighbor,604803,Si,framework_outside_shell,0.027985040000000017,-0.014902149999999947,-0.018819370000000002,0.010967581188330189,-0.025556068540793397,-0.0022900506126465325,0.02600612012757537
AgC_framework_neighbor,AgC,framework_neighbor,604804,C,moved_atoms,-0.022609620000000025,-0.6346163599999999,-0.3807549699999999,-0.01954337887636301,-0.6157898995274707,-0.3582830510349446,0.02947583061635414
AgC_framework_neighbor,AgC,framework_neighbor,604805,Ti,framework_outside_shell,-0.0036816900000000152,0.0020643199999998973,-0.011300700000000052,-0.0013448236717787387,0.01689482676409515,-0.003950437692120445,0.01671619667001095
AgC_framework_neighbor,AgC,framework_neighbor,604806,Ti,framework_outside_shell,-0.031084440000000102,-0.040372359999999996,0.01564024999999991,-0.016328460768504804,-0.02588420358357829,0.007377928326385508,0.02226907180071276
AgC_framework_neighbor,AgC,framework_neighbor,604810,C,framework_neighbor_shell_nonAg_within_3p5A,0.015480139999999976,-0.028636090000000003,-0.049599210000000005,0.007032032764463736,0.00208356169017887,0.007472846670990546,0.06536273531979661
AgC_framework_neighbor,AgC,framework_neighbor,604813,Si,framework_outside_shell,-0.006076759999999903,0.0022229899999999247,-0.0016779899999999903,-0.0014785630841929187,0.006740880758591361,-0.003875533557150479,0.006810576294901658
AgC_framework_neighbor,AgC,framework_neighbor,606503,Si,framework_outside_shell,0.0021812900000000024,-0.0020431899999999725,0.00033018999999989695,0.0005338050429162244,0.000298877443541401,0.0014778751541884017,0.0030849096918805345
AgC_framework_neighbor,AgC,framework_neighbor,688433,Ag,marked_pair_other_member,0.09183463,0.19206353999999992,0.014065800000000017,0.10365971650169639,0.1711316453703795,0.01647811383774833,0.024161873718938402
AgC_framework_neighbor,AgC,framework_neighbor,751743,Ag,other_Ag,0.0040612599999998444,0.006618429999999842,-0.007420140000000006,0.0010015783792027833,0.008044407349471872,-0.006284992131533482,0.003561407545498647
AgSi_transverse_Ag,AgSi,transverse_Ag,365143,C,framework_outside_shell,-0.0127480499999999,-0.03564431999999995,-0.12040843000000001,0.018310971282140542,-0.033092027390898116,-0.12939629030375327,0.03243391178083076
AgSi_transverse_Ag,AgSi,transverse_Ag,365320,Ti,framework_outside_shell,-0.015189340000000051,0.005286730000000017,-0.0073526000000003755,-0.0072721282764334205,0.030718550220770913,-0.015753661276546538,0.02792915236432491
AgSi_transverse_Ag,AgSi,transverse_Ag,366772,C,framework_outside_shell,0.04182973000000012,0.05178124000000017,0.0005368400000000939,0.00815399413281992,0.027589751233546123,0.011130002160281371,0.04279600915374674
AgSi_transverse_Ag,AgSi,transverse_Ag,366778,C,framework_neighbor_shell_nonAg_within_3p5A,-0.06941117000000008,-0.10946326000000006,0.13508038000000003,-0.0686130979243833,-0.09093682458161056,0.12082207155176605,0.023391560190688786
AgSi_transverse_Ag,AgSi,transverse_Ag,366929,Si,framework_neighbor_shell_nonAg_within_3p5A,-0.016180389999999933,0.0015612499999999585,0.043492520000000034,0.008354924823843257,0.03747046790202302,0.06339309553972472,0.047827675154165306
AgSi_transverse_Ag,AgSi,transverse_Ag,366931,C,framework_neighbor_shell_nonAg_within_3p5A,-0.06229229000000003,-0.08234932000000006,0.036457340000000116,-0.06411610603583573,-0.0948394605151266,0.02928244931999391,0.014519262078019556
AgSi_transverse_Ag,AgSi,transverse_Ag,366933,Si,framework_outside_shell,-0.017694030000000027,-0.01420100000000002,0.003494459999999977,-0.012215715346534928,0.01598933992348195,-0.035624419177641364,0.04971675033882103
AgSi_transverse_Ag,AgSi,transverse_Ag,366934,Si,marked_pair_other_member,-0.5275046499999999,-0.07558684999999998,0.09117919999999999,-0.4761934616159046,-0.03914412338716167,0.13845453728377927,0.07871383545261458
AgSi_transverse_Ag,AgSi,transverse_Ag,366935,Ti,framework_neighbor_shell_nonAg_within_3p5A,0.06072068000000019,-0.23769012999999983,0.16273000999999998,0.0539144680461745,-0.22823064245122815,0.15511604717409827,0.013920447397981841
AgSi_transverse_Ag,AgSi,transverse_Ag,366936,Si,framework_neighbor_shell_nonAg_within_3p5A,-0.20106849,0.14493051999999998,-0.24503240999999998,-0.2620180581088599,0.12803030259353426,-0.21453288892701328,0.0702188577714272
AgSi_transverse_Ag,AgSi,transverse_Ag,367109,C,framework_outside_shell,-0.007036319999999999,-0.014924079999999895,-0.00014127999999979934,0.019310608059786183,-0.008702942531304103,-0.01903285626757345,0.033011434738064796
AgSi_transverse_Ag,AgSi,transverse_Ag,367110,Si,framework_outside_shell,5.987999999998439e-05,-0.02001166,0.0006618800000000036,0.01056385937004456,-0.003752957735988466,0.0068790551531056066,0.020330574236860344
AgSi_transverse_Ag,AgSi,transverse_Ag,367111,C,framework_neighbor_shell_nonAg_within_3p5A,-0.05111626,0.04957351,0.012915230000000166,-0.04811782705651618,-0.03622124548862064,0.04577564473070539,0.09192136599149689
AgSi_transverse_Ag,AgSi,transverse_Ag,367112,Ti,framework_outside_shell,0.005914770000000069,-0.00968426,0.004552959999999828,-0.006756543036884777,-0.0031864449476654566,0.0015859671184590418,0.01454602424348959
AgSi_transverse_Ag,AgSi,transverse_Ag,367113,Ti,framework_outside_shell,0.014387790000000001,-0.019133989999999934,-0.025786770000000014,0.0196004560847588,0.020203774754020576,-0.044519310241319054,0.04388097181520129
AgSi_transverse_Ag,AgSi,transverse_Ag,367115,Si,framework_outside_shell,-0.006355010000000022,-0.0065885800000000105,0.000408590000000153,-0.006425269830488689,-0.010269522236537543,0.006667539340955653,0.007261454334026587
AgSi_transverse_Ag,AgSi,transverse_Ag,367117,Ti,framework_neighbor_shell_nonAg_within_3p5A,-0.23895459000000008,0.430939,-0.2886304700000002,-0.23427647858115486,0.43680518016578285,-0.2860220412955421,0.0079435946831894
AgSi_transverse_Ag,AgSi,transverse_Ag,367118,Si,framework_neighbor_shell_nonAg_within_3p5A,0.017583040000000105,-0.0013618800000000097,0.04098091000000001,-0.0021042466678308225,-0.0009970949960930453,0.037845102064493374,0.01993879675027596
AgSi_transverse_Ag,AgSi,transverse_Ag,367120,Si,framework_neighbor_shell_nonAg_within_3p5A,0.06237739999999997,0.18285937000000008,-0.04549335,0.06578107806514322,0.12093797075685386,-0.044029768674617165,0.06203214311061851
AgSi_transverse_Ag,AgSi,transverse_Ag,367121,Ti,framework_outside_shell,0.04875603,0.031984239999999886,-0.02617908000000002,0.012309404892382553,0.03278713213387441,-0.0442501145521792,0.040688615204991944
AgSi_transverse_Ag,AgSi,transverse_Ag,367122,C,framework_outside_shell,0.0063213599999998316,0.008922470000000016,-0.003666630000000115,0.00757489764196162,-0.008253086270108428,-0.015780932302209782,0.021055341604372012
AgSi_transverse_Ag,AgSi,transverse_Ag,368645,C,framework_neighbor_shell_nonAg_within_3p5A,-0.07124684999999986,0.054586389999999985,-0.11654201,-0.07099185627603388,0.03247344297091859,-0.11831018890002842,0.022184992781894872
AgSi_transverse_Ag,AgSi,transverse_Ag,368823,Ti,framework_outside_shell,-0.016177950000000003,-0.0091831400000002,-0.007954899999999876,0.009584440020315638,-0.016953504541764808,0.0005152854655512407,0.028210341126820943
AgSi_transverse_Ag,AgSi,transverse_Ag,368827,Ti,framework_outside_shell,0.04289543000000018,-0.02691370000000004,0.0073533600000000865,0.0349854666063143,-0.0056559194610192876,-0.02652126205796268,0.04076703047687846
AgSi_transverse_Ag,AgSi,transverse_Ag,368829,C,framework_outside_shell,0.004166499999999962,-0.021142529999999993,0.04117213000000003,0.015364479180065005,0.0014792334492330084,0.023859354609843175,0.03060835034725402
AgSi_transverse_Ag,AgSi,transverse_Ag,368832,Ti,framework_outside_shell,-7.495000000001806e-05,-0.00277489000000003,-0.0014197500000000043,-0.018101109238996993,-0.017497496838277338,-0.00044638688801423854,0.02329474199839827
AgSi_transverse_Ag,AgSi,transverse_Ag,368833,Ti,framework_outside_shell,0.03801116,0.009059780000000073,0.013134760000000023,0.02347588470295814,0.011016262186808401,0.029119933418499278,0.021693958138790367
AgSi_transverse_Ag,AgSi,transverse_Ag,368838,C,framework_neighbor_shell_nonAg_within_3p5A,0.09546999999999994,0.08941841000000006,-0.08044797000000004,0.08514052955231755,0.08267917900979349,-0.061497274979336325,0.022610706221502967
AgSi_transverse_Ag,AgSi,transverse_Ag,368841,C,framework_outside_shell,0.003849659999999977,-0.006340190000000023,0.034449770000000046,-0.007228945830259015,-0.009979633116332376,0.029495566439057597,0.01266985344281939
AgSi_transverse_Ag,AgSi,transverse_Ag,368844,Ti,framework_neighbor_shell_nonAg_within_3p5A,-0.05488869000000007,-0.03021423000000012,0.037986719999999974,-0.04335542792478986,0.014494660646104496,0.044828609852542334,0.04667668040526388
AgSi_transverse_Ag,AgSi,transverse_Ag,369024,C,framework_outside_shell,-0.001500679999999921,0.020769869999999968,-0.004853070000000237,-0.022821361676482965,0.01459899338477988,0.0023563457110729047,0.02333724191598609
AgSi_transverse_Ag,AgSi,transverse_Ag,369026,C,framework_outside_shell,-0.001993530000000021,-0.03478937999999998,-0.007650870000000004,0.011039328504894419,-0.060373188603227934,-0.003608707617184674,0.02899527099690995
AgSi_transverse_Ag,AgSi,transverse_Ag,369031,Ti,framework_outside_shell,-0.015933799999999998,-0.0012783299999999942,0.043845430000000185,-0.001986412709436697,0.0009306342092230135,0.0010867542244077377,0.04503013978651223
AgSi_transverse_Ag,AgSi,transverse_Ag,369042,Ti,framework_outside_shell,0.013391440000000032,-0.049004549999999994,-0.06298680000000001,0.005951028138900805,-0.02729865361344777,-0.008993372518459664,0.05866682092810964
AgSi_transverse_Ag,AgSi,transverse_Ag,683609,Ag,moved_atoms,0.03548114000000002,-0.17813800000000002,0.75864022,0.0318986377635786,-0.1720893528455344,0.7208417218013821,0.038446676328963876
AgSi_transverse_Ag,AgSi,transverse_Ag,685172,Ag,moved_atoms,0.79043169,0.1436914,-0.5402286700000001,0.7432035931224329,0.13015548737881885,-0.5263166253370148,0.05106132638181281
AgSi_transverse_Ag,AgSi,transverse_Ag,696217,Ag,moved_atoms,0.054106999999999995,0.01146741,-0.18065893,0.0653480121740082,0.007377160283063393,-0.19403020882039657,0.01794105890787627
AgSi_transverse_Ag,AgSi,transverse_Ag,700029,Ag,moved_atoms,-0.06687894,0.01054173,0.07473749000000002,-0.04649895752361616,0.008496015920966507,0.05633175723657102,0.02753724079114739
AgSi_transverse_Ag,AgSi,transverse_Ag,701518,Ag,moved_atoms,0.011237049999999998,0.007289859999999995,-0.02391992000000001,0.012131842033092088,0.014197317860608044,-0.027880055489658218,0.008012259355201343
AgSi_transverse_Ag,AgSi,transverse_Ag,703887,Ag,moved_atoms,0.02218690000000001,0.002792770000000111,-0.027612040000000004,0.02903482945240854,0.026307899073967134,-0.009199093420885818,0.030641345187112888
AgSi_transverse_Ag,AgSi,transverse_Ag,707313,Ag,moved_atoms,0.24966855,0.05282606000000001,-0.08678461999999998,0.21111237848656542,0.04269711315084803,-0.106497504771498,0.04447214580004756
AgSi_transverse_Ag,AgSi,transverse_Ag,710704,Ag,moved_atoms,0.02683234999999984,0.08495877000000002,0.055185470000000014,0.02979696822700184,0.015551856878665338,0.046412414342188624,0.0700219612395956
AgSi_transverse_Ag,AgSi,transverse_Ag,714846,Ag,moved_atoms,-0.01807972999999996,-0.04434853999999999,-0.05020831,-0.003271801946170605,-0.048742364076991285,-0.01911063329524,0.03472241235428074
AgSi_transverse_Ag,AgSi,transverse_Ag,729574,Ag,moved_atoms,-0.03654338,-0.016547429999999974,-0.02351173000000001,-0.021196710890609705,-0.010642004201006527,-0.003774722951995893,0.025689370444475588
AgSi_transverse_Ag,AgSi,transverse_Ag,730721,Ag,moved_atoms,0.03155046,-0.04503275999999999,0.07098285,0.06053001255625495,-0.04160392147801602,0.09065053742012132,0.03519075629233027
AgSi_transverse_Ag,AgSi,transverse_Ag,735549,Ag,moved_atoms,-0.019722470000000047,-0.11123585000000002,0.10435903999999996,-0.035193660613111466,-0.12274568084118381,0.11910561254056484,0.024275406210278638
AgSi_transverse_Ag,AgSi,transverse_Ag,737082,Ag,moved_atoms,0.023440619999999995,-0.035098090000000026,-0.01031187,0.03817693451509738,-0.02218270812313139,-0.0014677564746403936,0.021498474331046503
AgSi_transverse_Ag,AgSi,transverse_Ag,737200,Ag,moved_atoms,-0.09304630999999997,-0.06754619000000006,0.0810398,-0.09517642813622612,-0.0405454781638277,0.08907605754324639,0.028251677441095115
AgSi_transverse_Ag,AgSi,transverse_Ag,744883,Ag,moved_atoms,-0.019792080000000004,0.0017525700000000088,0.013965909999999998,-0.010674846775969755,-0.012779718487077318,0.002856417427480551,0.02043849738977565
AgSi_transverse_Ag,AgSi,transverse_Ag,752169,Ag,moved_atoms,-0.02063516999999998,-0.036824439999999986,0.05839722,-0.005972758595179872,-0.039601149216433346,0.03889273692889263,0.024558527686893993
AgSi_transverse_Ag,AgSi,transverse_Ag,755982,Ag,moved_atoms,-0.03236900000000009,-0.04786132,0.05215554,-0.06006981681755208,-0.0466705799480724,0.04421546014192679,0.02884090814075409
AgSi_framework_neighbor,AgSi,framework_neighbor,365143,C,framework_outside_shell,0.0058938199999998275,-0.004143730000000012,-0.008887470000000008,0.002768432687553002,-0.0008454108737896426,-0.0022832789687599053,0.008016376618413144
AgSi_framework_neighbor,AgSi,framework_neighbor,365320,Ti,framework_outside_shell,-0.0012657200000001367,0.0017936199999999958,-0.003748780000000007,-0.0038782307664222415,0.0009855633464163627,-0.0009217308676028324,0.003933239740603134
AgSi_framework_neighbor,AgSi,framework_neighbor,366772,C,framework_outside_shell,0.003812479999999896,0.00011819999999995723,-0.00203954999999989,-0.004224711576166218,0.0029147963912192765,0.004158462060024348,0.010527713583850122
AgSi_framework_neighbor,AgSi,framework_neighbor,366778,C,framework_outside_shell,-0.005160399999999843,-0.002689520000000001,0.0013571099999999947,-0.0021432854249512356,-0.0026571352847987173,0.004548357907636191,0.0043918210729425
AgSi_framework_neighbor,AgSi,framework_neighbor,366929,Si,framework_neighbor_shell_nonAg_within_3p5A,0.020233100000000004,0.023879470000000014,0.01791746999999999,0.0012334226723254016,0.0067157827946130455,0.016006079018224928,0.025675539186652493
AgSi_framework_neighbor,AgSi,framework_neighbor,366931,C,framework_outside_shell,-0.0008912500000000101,0.001829989999999837,-0.008581740000000115,-0.010110074097334776,0.01568865552909182,-0.0017107372899285433,0.01800722094679391
AgSi_framework_neighbor,AgSi,framework_neighbor,366933,Si,framework_neighbor_shell_nonAg_within_3p5A,0.0076769399999999655,-0.0017332499999999085,-0.000691919999999957,-0.00727217634162125,0.008463837070738056,-0.010387143764442719,0.020529345531851557
AgSi_framework_neighbor,AgSi,framework_neighbor,366934,Si,moved_atoms,0.3390799899999999,0.03543989000000003,-0.03475607,0.4405897630551303,-0.00144862865073625,-0.12333845239061375,0.13968477119552697
AgSi_framework_neighbor,AgSi,framework_neighbor,366935,Ti,framework_neighbor_shell_nonAg_within_3p5A,-0.0679247799999998,0.09274760000000004,-0.05505396000000001,-0.05309273704630613,0.1025241858522481,-0.0826956978613535,0.03285782709039619
AgSi_framework_neighbor,AgSi,framework_neighbor,366936,Si,framework_neighbor_shell_nonAg_within_3p5A,0.015438719999999961,0.0013577000000000172,0.13421265000000004,-0.0014329539184257944,-0.006219646680158564,0.18699799384234717,0.055931762783554495
AgSi_framework_neighbor,AgSi,framework_neighbor,367109,C,framework_outside_shell,-0.0014447500000000085,0.009869250000000163,-0.012133369999999921,-0.023492196272548116,0.022281759425507808,-0.013459964367465993,0.025336142760787488
AgSi_framework_neighbor,AgSi,framework_neighbor,367110,Si,framework_outside_shell,-0.004252719999999988,0.013910010000000014,-0.0051751600000000675,-0.001751324478429711,0.008017135531008829,-0.0010793779693277772,0.007599893387765253
AgSi_framework_neighbor,AgSi,framework_neighbor,367111,C,framework_neighbor_shell_nonAg_within_3p5A,-0.0030547000000000213,-0.006942470000000003,-0.015813379999999988,-0.005681425973280418,-0.010358659263337122,-0.026874842635438934,0.011871225465673608
AgSi_framework_neighbor,AgSi,framework_neighbor,367112,Ti,framework_outside_shell,-0.0013739600000000074,0.0040384600000000215,-0.0016159599999996388,0.0023305181869157643,0.002610183539564548,0.002048154069010266,0.005402671949645395
AgSi_framework_neighbor,AgSi,framework_neighbor,367113,Ti,framework_outside_shell,-0.005549940000000003,-0.0037946500000000105,-0.004556959999999999,0.000658928030863315,-0.0026856395650034504,-0.0023341245571826263,0.0066873719632941685
AgSi_framework_neighbor,AgSi,framework_neighbor,367115,Si,framework_outside_shell,-0.000847330000000035,-0.0020465799999999645,0.001059710000000047,-0.002299692382689955,0.002114280369408361,0.004150419872280597,0.005382806240148161
AgSi_framework_neighbor,AgSi,framework_neighbor,367117,Ti,framework_neighbor_shell_nonAg_within_3p5A,0.0001684099999998967,0.00650821,-0.017598290000000016,-0.009233780611898723,0.00271365218099201,-0.007920367503626125,0.014016491757572188
AgSi_framework_neighbor,AgSi,framework_neighbor,367118,Si,framework_neighbor_shell_nonAg_within_3p5A,0.017078090000000046,-0.012247290000000022,-0.02298313000000002,0.00573954310143221,0.0003387952826966467,-0.0012950853755943625,0.027519874057570594
AgSi_framework_neighbor,AgSi,framework_neighbor,367120,Si,framework_outside_shell,0.002971400000000013,-0.0011743500000001017,-0.0024989600000000084,0.0002742012656786197,0.003077491913822117,-0.0010816020240709823,0.005230864584797616
AgSi_framework_neighbor,AgSi,framework_neighbor,367121,Ti,framework_outside_shell,0.008888880000000002,-0.0035896800000001505,0.0033414299999999786,-0.005167238563734439,-0.00701909227641373,-0.004585260914000244,0.016497507887116458
AgSi_framework_neighbor,AgSi,framework_neighbor,367122,C,framework_outside_shell,-0.004163979999999956,0.002937610000000007,-0.005755619999999961,-0.0017585458219842032,0.003658599309505517,7.197816445847494e-05,0.006345615772766808
AgSi_framework_neighbor,AgSi,framework_neighbor,368645,C,framework_outside_shell,-0.004467459999999868,-0.0022470100000000492,0.0018738399999999877,-0.004506352057404461,-0.0011680248474461585,-0.0011282517125490443,0.0031903410792760837
AgSi_framework_neighbor,AgSi,framework_neighbor,368823,Ti,framework_outside_shell,-0.01088245,0.0025469299999998363,-0.0008456999999999493,-0.010842851037162093,-0.010439546303924185,-0.000562465134844814,0.012989624969916468
AgSi_framework_neighbor,AgSi,framework_neighbor,368827,Ti,framework_outside_shell,7.54599999996941e-05,0.03070001,0.015550019999999942,0.01960726643011279,0.023718375661370306,0.013030562771096266,0.020894553002876504
AgSi_framework_neighbor,AgSi,framework_neighbor,368829,C,framework_outside_shell,-0.007516019999999957,-0.0072687899999999694,-0.027379580000000014,-0.01961155164321171,-0.013020428044369425,-0.02534340718907535,0.013547295879300925
AgSi_framework_neighbor,AgSi,framework_neighbor,368832,Ti,framework_outside_shell,-0.002838399999999963,0.0009421500000000305,0.002115439999999996,0.007168048926004367,-0.014563118946605502,0.002948940381598375,0.018472604258778124
AgSi_framework_neighbor,AgSi,framework_neighbor,368833,Ti,framework_neighbor_shell_nonAg_within_3p5A,-0.13250385,-0.007767419999999969,0.01925222999999998,-0.13692825657967972,0.01835283643882679,0.021206760205473518,0.026564324917763154
AgSi_framework_neighbor,AgSi,framework_neighbor,368838,C,framework_outside_shell,0.0010581000000000618,-0.0006625600000000897,-0.0004789199999999383,-0.00011977809362462288,7.658872522176008e-05,-0.0004843761936290658,0.0013905996589554182
AgSi_framework_neighbor,AgSi,framework_neighbor,368841,C,framework_outside_shell,0.0025575900000001095,0.0021250099999999827,0.0006381399999999537,-0.007726516299088049,0.010175821857581868,0.00020301613533491025,0.013067813386895562
AgSi_framework_neighbor,AgSi,framework_neighbor,368844,Ti,framework_outside_shell,-0.007490699999999961,-0.006496370000000029,-0.005827130000000014,-0.00811309038880803,-0.0061664798422429445,0.002568095752956301,0.00842472627183617
AgSi_framework_neighbor,AgSi,framework_neighbor,369024,C,framework_outside_shell,-0.006997410000000315,-0.04886896000000007,0.025112350000000117,-0.013996343069181627,-0.039429482117117276,0.022445114329807225,0.01205001879370578
AgSi_framework_neighbor,AgSi,framework_neighbor,369026,C,framework_outside_shell,-0.004882380000000186,0.016678639999999967,0.013457270000000007,-0.01286487002346326,0.02163286358220029,0.022351304779900716,0.012937091363332051
AgSi_framework_neighbor,AgSi,framework_neighbor,369031,Ti,framework_outside_shell,-0.008023539999999996,-0.008094770000000029,-0.0013169800000001342,0.0024611684004455098,-0.004051734832910769,-0.01746503024020929,0.019673199286466145
AgSi_framework_neighbor,AgSi,framework_neighbor,369042,Ti,framework_outside_shell,0.0014638200000000046,-0.007722409999999999,-0.009312409999999938,0.006050883055203071,-0.006089161164945428,-0.0033634415442810317,0.0076875792624697264
AgSi_framework_neighbor,AgSi,framework_neighbor,683609,Ag,marked_pair_other_member,0.029884409999999972,-0.12294648999999991,-0.016055420000000042,0.03218773895297217,-0.10769726809447189,-0.013668738669145752,0.015605779082272184
AgSi_framework_neighbor,AgSi,framework_neighbor,685172,Ag,other_Ag,-0.17760202999999986,-0.0007033000000000178,0.028277220000000103,-0.17985111541577314,-0.020312099620906188,0.04074235314166952,0.023344013194389678
AgSi_framework_neighbor,AgSi,framework_neighbor,696217,Ag,other_Ag,-7.445999999999842e-05,0.00039463,0.0013236399999999593,0.0012648813702000605,0.0011212332954587748,-0.0007642529471011961,0.0025847794129201184
AgSi_framework_neighbor,AgSi,framework_neighbor,700029,Ag,other_Ag,-0.0012189499999999964,0.0011064100000000021,0.0015189899999999978,-0.00015779087596368147,-0.0005424817610131943,3.4567528293671934e-05,0.0024593521099203013
AgSi_framework_neighbor,AgSi,framework_neighbor,701518,Ag,other_Ag,-0.004444719999999999,-0.0028539399999999993,0.002141069999999995,-0.0015821954945721972,-0.002943842207158126,-0.00035261629033409014,0.003797446545460088
AgSi_framework_neighbor,AgSi,framework_neighbor,703887,Ag,other_Ag,-0.0012931300000000034,0.0016915299999999966,-0.0002590199999999987,0.0002230392994304886,-0.0003080178186882776,0.0005391011737056473,0.002633241012834538
AgSi_framework_neighbor,AgSi,framework_neighbor,707313,Ag,other_Ag,-0.0032021999999999884,0.0012278800000000006,0.001144220000000029,0.0008006430583352986,0.0008084208064875337,0.00027256827214627855,0.004118066937211627
AgSi_framework_neighbor,AgSi,framework_neighbor,710704,Ag,other_Ag,0.0023444599999999927,-0.00221718999999998,-0.0029347599999999807,-0.0025950026837480156,-0.0024778836905832158,-0.00421356658062727,0.005108972408919884
AgSi_framework_neighbor,AgSi,framework_neighbor,714846,Ag,other_Ag,0.0019556899999999544,0.0014810500000000393,0.0011000700000000016,-0.0004083350115141604,-0.00014072632277062347,5.759300139548951e-05,0.0030504968429394116
AgSi_framework_neighbor,AgSi,framework_neighbor,729574,Ag,other_Ag,0.0010550600000000035,-8.416999999999453e-05,-0.0011406799999999911,0.0003874062613294371,-0.00030318469266465975,0.00048394765268031104,0.0017700689139740552
AgSi_framework_neighbor,AgSi,framework_neighbor,730721,Ag,other_Ag,-0.0005628200000000194,-0.0012258099999999938,0.00019775999999999821,0.0024826379898639783,-0.0014309999366075576,0.0041389915261485916,0.004984999821546541
AgSi_framework_neighbor,AgSi,framework_neighbor,735549,Ag,other_Ag,0.003920560000000073,0.0004075299999999893,-0.005083009999999999,0.0038796238090190727,0.0019927442070012957,-0.002911723120786136,0.002688692352363336
AgSi_framework_neighbor,AgSi,framework_neighbor,737082,Ag,other_Ag,0.0023689600000000033,0.0003179799999999955,0.0013412100000000002,-1.598687569448476e-05,-0.0009068984525170132,0.0019278683937392696,0.002744534003117852
AgSi_framework_neighbor,AgSi,framework_neighbor,737200,Ag,other_Ag,0.0034118399999999993,0.0011150199999999666,-0.00010657999999999501,6.004988146646184e-05,-0.00046356127780255996,-0.000734885097376653,0.0037578162734116225
AgSi_framework_neighbor,AgSi,framework_neighbor,744883,Ag,other_Ag,0.0005414099999999922,-0.001680930000000025,-0.0005795000000000106,-0.0004207877599199522,0.0007040414113323457,0.0005661752514846408,0.002815401382384419
AgSi_framework_neighbor,AgSi,framework_neighbor,752169,Ag,other_Ag,-0.004792350000000001,0.0016675200000000057,0.001226060000000001,0.0032185405452239135,0.004275966395169278,-0.0002646611434158827,0.008555735471101045
AgSi_framework_neighbor,AgSi,framework_neighbor,755982,Ag,other_Ag,0.0024323299999999826,0.00224945,-0.0005090799999999951,-0.0021075403949006866,-0.0012744583484968347,-0.00027332287862907867,0.005751863582472931
AgTi_framework_neighbor,AgTi,framework_neighbor,478831,C,framework_outside_shell,0.005072050000000106,-0.0022724999999996776,-0.010738820000000038,0.005014605717942766,0.004059454231186699,-0.008783888282998253,0.006627118698915818
AgTi_framework_neighbor,AgTi,framework_neighbor,478840,Ti,framework_outside_shell,0.0036536000000000346,0.00031833999999997253,-0.004096099999999936,0.0016185758542011097,-0.002703662310851951,-0.0026107009143734317,0.00393449255741564
AgTi_framework_neighbor,AgTi,framework_neighbor,478841,Si,framework_outside_shell,0.0011791700000000072,0.005146300000000048,-0.00576541999999991,0.0004194052574556517,0.00065055839607564,-0.0004980385151847067,0.006966652190244918
AgTi_framework_neighbor,AgTi,framework_neighbor,478844,C,framework_outside_shell,-0.004474459999999958,-0.0022109999999999908,-0.0037755299999999714,0.002834195594942912,-0.00048213318226386637,-0.0014147736352743134,0.007872648708824207
AgTi_framework_neighbor,AgTi,framework_neighbor,479021,Ti,framework_neighbor_shell_nonAg_within_3p5A,-0.02693698999999994,-0.024632600000000116,-0.015883589999999836,0.005466413238771617,-0.00731111675655427,-0.03064189329617828,0.03959573006511431
AgTi_framework_neighbor,AgTi,framework_neighbor,479027,Ti,moved_atoms,-0.74884697,0.6169109700000002,-0.4388270499999999,-0.7449009246941061,0.5869332979240287,-0.47500087992565887,0.047146347346757926
AgTi_framework_neighbor,AgTi,framework_neighbor,479028,Ti,framework_neighbor_shell_nonAg_within_3p5A,-0.0070471699999999915,-0.021799709999999972,-0.014288720000000144,0.0031673206396662934,-0.025563504095438117,0.005451893013019182,0.02254315344290752
AgTi_framework_neighbor,AgTi,framework_neighbor,479030,C,framework_neighbor_shell_nonAg_within_3p5A,0.08691995999999991,-0.18153266999999995,0.18363805,0.09024284782617342,-0.21255291211845284,0.14565755190191065,0.0491509434331808
AgTi_framework_neighbor,AgTi,framework_neighbor,479031,C,framework_outside_shell,0.0021693699999998373,0.005816539999999648,-0.0015026300000000603,0.00111052871851669,0.00042279727159311165,-0.0036920044385497786,0.005916668480807942
AgTi_framework_neighbor,AgTi,framework_neighbor,480798,C,framework_outside_shell,0.006992029999999927,-0.008931819999999924,-0.01702022000000003,-0.013620598718884658,-0.01583424595919214,-0.004761379654149689,0.024956023590503442
AgTi_framework_neighbor,AgTi,framework_neighbor,480801,Ti,framework_outside_shell,0.00046288000000060947,0.01942424999999992,0.01874893,0.0068644994586266606,0.020269762717127437,0.017809044723085393,0.006525259211835565
AgTi_framework_neighbor,AgTi,framework_neighbor,480802,C,framework_outside_shell,-0.0020517399999999963,-0.0056722600000000956,0.0020215499999998165,0.001102786069346301,-0.0001575981164050333,0.005549993439954992,0.007267217041036022
AgTi_framework_neighbor,AgTi,framework_neighbor,480805,C,framework_neighbor_shell_nonAg_within_3p5A,0.15578826,0.12131244000000002,0.05435603999999994,0.16510350706210408,0.15404530313330633,0.10270690373817054,0.059127152653911406
AgTi_framework_neighbor,AgTi,framework_neighbor,480807,C,framework_outside_shell,-0.019641630000000077,0.005812970000000028,0.015957559999999982,-0.013482274079681389,0.01710558393133843,0.008404674647851884,0.014916664234945974
AgTi_framework_neighbor,AgTi,framework_neighbor,480810,Ti,framework_neighbor_shell_nonAg_within_3p5A,0.16635416999999997,-0.031659660000000006,0.11790092999999996,0.1796289644133856,-0.03812768869381877,0.11830806768244412,0.0147723161012139
AgTi_framework_neighbor,AgTi,framework_neighbor,480811,Ti,framework_outside_shell,0.006312730000000001,-0.0034421099999999982,0.015768580000000032,-0.020611996026330258,-0.007984883482604344,-0.0016148572979559628,0.0323691451045462
AgTi_framework_neighbor,AgTi,framework_neighbor,480812,Ti,framework_neighbor_shell_nonAg_within_3p5A,0.05666302000000001,-0.00490547999999999,-0.026637919999999995,0.02463803628445871,0.01301441494859526,-0.0083878077774453,0.04098522676630221
AgTi_framework_neighbor,AgTi,framework_neighbor,480813,C,framework_outside_shell,-0.00984694999999991,0.0039445000000000174,-0.010658049999999974,0.0042768208648183426,-0.0006458546021658185,0.0065403224292067685,0.022723033975004584
AgTi_framework_neighbor,AgTi,framework_neighbor,480974,C,framework_outside_shell,-0.0012186599999999825,-0.000391749999999913,-0.003990880000000363,-0.0014083472861714519,0.00223965534034809,-0.00404810559976454,0.0026388539370369585
AgTi_framework_neighbor,AgTi,framework_neighbor,480975,C,framework_outside_shell,-0.007938029999999999,0.006037010000000009,-0.004938539999999936,-0.007477607314034809,-0.009818797370925836,-0.0009881009992918077,0.016347005375051835
AgTi_framework_neighbor,AgTi,framework_neighbor,480980,Ti,framework_neighbor_shell_nonAg_within_3p5A,0.028922319999999946,-0.03343015000000005,0.00152447,0.015385217593664624,-0.0308936087289573,-0.0013614656916158263,0.014071808980918367
AgTi_framework_neighbor,AgTi,framework_neighbor,682693,Ag,other_Ag,0.002176270000000008,-0.44330873000000004,0.09654819000000003,-0.011674425031983848,-0.44068729747889446,0.08485473711546837,0.01831530785148025
AgTi_framework_neighbor,AgTi,framework_neighbor,685396,Ag,other_Ag,-0.003556310000000007,9.550000000024816e-06,0.0017745899999999926,-0.0008377194645999286,0.00014373405088524693,0.0002941735617890684,0.003098446818843914
AgTi_framework_neighbor,AgTi,framework_neighbor,685467,Ag,other_Ag,0.003582150000000006,0.00543815999999997,-0.004302349999999983,0.0015627370678651942,0.0005211089121539558,0.0009958583101008778,0.007505093689500672
AgTi_framework_neighbor,AgTi,framework_neighbor,686309,Ag,other_Ag,0.0010803399999999852,0.0037537300000000107,-0.0012866100000000213,-8.083990490551085e-05,0.0035389976000796686,0.0026618489065665663,0.004121259093041458
AgTi_framework_neighbor,AgTi,framework_neighbor,686324,Ag,other_Ag,0.0009158499999999958,-0.002429050000000002,0.003445439999999994,0.005100600071221262,0.0003750387944800593,0.0030059980077055404,0.005056496454117885
AgTi_framework_neighbor,AgTi,framework_neighbor,686418,Ag,other_Ag,0.00305917,-0.0037679600000000008,0.00033228000000000077,0.0025641967794904144,-0.007916038405954715,0.0013336053412467963,0.004295835819720354
AgTi_framework_neighbor,AgTi,framework_neighbor,686622,Ag,other_Ag,-0.0005635099999999893,0.0004483100000000073,-0.001540929999999996,-0.0032163642289924077,-0.0012283361174789675,0.0007907910125365403,0.003909693164922881
AgTi_framework_neighbor,AgTi,framework_neighbor,686899,Ag,other_Ag,0.001821009999999998,0.0018344299999999997,0.001094509999999993,0.0002781543039863249,-0.0004416081316062914,0.0002800791036188244,0.002867760617664579
AgTi_framework_neighbor,AgTi,framework_neighbor,687243,Ag,other_Ag,-0.002516850000000015,-0.0007889799999999947,0.0013715499999999992,0.0012661716127486122,-0.0005551721437811463,0.0005499737995192377,0.0038782607041493848
AgTi_framework_neighbor,AgTi,framework_neighbor,687247,Ag,marked_pair_other_member,0.31080013,-0.01723683000000001,0.03113463,0.30470747893355454,-0.002860461697851119,0.02276963087500221,0.017713654985284776
AgTi_framework_neighbor,AgTi,framework_neighbor,688096,Ag,other_Ag,-0.0022499999999999742,-0.0031826000000000076,-0.0010416300000000156,0.001751366013867106,0.0006215589166218005,0.0019085197718083646,0.006259867308173934
AgTi_framework_neighbor,AgTi,framework_neighbor,688280,Ag,other_Ag,-0.003020519999999971,-0.0002886299999999564,0.0002513499999999974,0.0009678064361568484,-0.0004952741903990754,-0.0014972739822176617,0.004359717354824715
AgTi_framework_neighbor,AgTi,framework_neighbor,688689,Ag,other_Ag,0.0009872799999999793,0.00014457999999999138,0.0005097200000000052,-0.0015381854577747323,0.0017587088210260504,-0.000507716855468493,0.003165211743966876
AgTi_framework_neighbor,AgTi,framework_neighbor,688707,Ag,other_Ag,0.001819909999999994,0.0014723199999999992,-0.00017674999999999635,0.00013744045355751355,0.0003293001444501509,0.00033676670715650225,0.002097831636098668
AgTi_framework_neighbor,AgTi,framework_neighbor,689682,Ag,other_Ag,-0.0019021399999999966,-0.001231519999999986,0.0007033400000000002,0.008061693121100388,-0.0024713283981305234,0.002117463505314783,0.010139765313728706
AgTi_framework_neighbor,AgTi,framework_neighbor,690927,Ag,other_Ag,-0.00144992,0.0016088400000000003,0.0005409800000000242,0.0026960499766118876,0.0024597900689704577,0.003484807155329228,0.005155511748342897
AgTi_framework_neighbor,AgTi,framework_neighbor,691757,Ag,other_Ag,0.00015278000000000513,-0.00413754999999999,-0.001370529999999981,-0.0010823346964673117,-0.0020368950613264825,-0.0015454221940278123,0.0024431223392075187
AgTi_framework_neighbor,AgTi,framework_neighbor,694331,Ag,other_Ag,0.0025415199999999916,-0.0023564900000000166,0.003874249999999968,-0.0014067169390024337,0.0005693773942227753,0.0009664692382381768,0.005710031864495267
AgTi_framework_neighbor,AgTi,framework_neighbor,696686,Ag,other_Ag,-0.0024577299999999913,-0.0017390300000000025,0.00041780999999996293,0.0012221500159714793,-0.00030229000904882786,0.0003887810532281488,0.003950516600812514
AgTi_framework_neighbor,AgTi,framework_neighbor,700223,Ag,other_Ag,0.002465109999999937,-0.004235019999999978,0.004562639999999951,-0.002591272181495019,-0.0038309640342996387,0.0059510006153438155,0.005259069041854815
AgTi_framework_neighbor,AgTi,framework_neighbor,701905,Ag,other_Ag,-0.003009280000000003,0.0027513299999999963,0.0020530899999999797,0.001227790938482659,0.0018494079225122029,0.0032351954731679733,0.004490390508774039
AgTi_framework_neighbor,AgTi,framework_neighbor,703736,Ag,other_Ag,0.002222349999999984,0.0022845299999999513,-0.0013123500000000177,0.00016866827866995893,0.0011000069624642617,-0.00042394726081823597,0.0025317904466925227
AgTi_framework_neighbor,AgTi,framework_neighbor,704767,Ag,other_Ag,-0.002855790000000004,-0.010094480000000003,0.008684560000000063,-0.004278991510428237,-0.005510855792267358,0.003669259721537532,0.006941782933810612
AgTi_framework_neighbor,AgTi,framework_neighbor,716228,Ag,other_Ag,-4.6519999999994344e-05,1.0540000000003324e-05,-0.0008111499999999827,0.006677260588950809,0.0018014040400973486,-0.0017423704120280714,0.007020227266566458
AgTi_framework_neighbor,AgTi,framework_neighbor,720990,Ag,other_Ag,-0.0013161800000000001,0.010678669999999994,0.0029853499999999977,-0.015337280724428637,0.016641655621364285,0.00826185756301534,0.01612420525507315
AgTi_framework_neighbor,AgTi,framework_neighbor,721910,Ag,other_Ag,-0.0006608300000000011,0.003980819999999996,0.0020514499999999547,0.0001935958791477732,-0.0027167731713809984,-0.0030885566058433955,0.00848572128816402
AgTi_framework_neighbor,AgTi,framework_neighbor,728014,Ag,other_Ag,-0.0008458000000000077,2.2540000000015326e-05,0.0013549400000000267,0.0017563031906839277,-0.0013538566878145142,-0.001678903558866185,0.004227246810498333
AgTi_framework_neighbor,AgTi,framework_neighbor,741114,Ag,other_Ag,0.0003388100000000227,-0.003898059999999981,-0.003434850000000017,-0.0036673099968529965,-0.005967760405062028,-0.003997181515625836,0.004544103204083911
