frame,config_type,atoms,formula,evidence_status,training_file_sha256
0,Ti_gap_2p3,32,C8Ag10Si2Ti12,pending_full_trace,24f454e3a6d5fb1e4f1b576d70b136f20ffff202bd4ad22476c85a2912d60bd0
1,Ti_gap_2p6,32,C8Ag10Si2Ti12,pending_full_trace,24f454e3a6d5fb1e4f1b576d70b136f20ffff202bd4ad22476c85a2912d60bd0
2,Ti_gap_2p9,32,C8Ag10Si2Ti12,pending_full_trace,24f454e3a6d5fb1e4f1b576d70b136f20ffff202bd4ad22476c85a2912d60bd0
3,Si_gap_2p6,20,C4Ag6Si4Ti6,pending_full_trace,24f454e3a6d5fb1e4f1b576d70b136f20ffff202bd4ad22476c85a2912d60bd0
4,C_gap_2p6,20,C6Ag6Si2Ti6,pending_full_trace,24f454e3a6d5fb1e4f1b576d70b136f20ffff202bd4ad22476c85a2912d60bd0
5,Si_gap_2p4,20,C4Ag6Si4Ti6,pending_full_trace,24f454e3a6d5fb1e4f1b576d70b136f20ffff202bd4ad22476c85a2912d60bd0
6,C_gap_2p4,20,C6Ag6Si2Ti6,pending_full_trace,24f454e3a6d5fb1e4f1b576d70b136f20ffff202bd4ad22476c85a2912d60bd0
7,Si_gap_2p8,20,C4Ag6Si4Ti6,pending_full_trace,24f454e3a6d5fb1e4f1b576d70b136f20ffff202bd4ad22476c85a2912d60bd0
8,C_gap_2p8,20,C6Ag6Si2Ti6,pending_full_trace,24f454e3a6d5fb1e4f1b576d70b136f20ffff202bd4ad22476c85a2912d60bd0
9,AgTi_2p55_periodic_PW_PBE_energy_force,49,C11Ag28SiTi9,pending_full_trace,24f454e3a6d5fb1e4f1b576d70b136f20ffff202bd4ad22476c85a2912d60bd0
10,v10_element_reference_Ag_fcc,4,Ag4,pending_full_trace,24f454e3a6d5fb1e4f1b576d70b136f20ffff202bd4ad22476c85a2912d60bd0
11,v10_element_reference_Ti_hcp,2,Ti2,pending_full_trace,24f454e3a6d5fb1e4f1b576d70b136f20ffff202bd4ad22476c85a2912d60bd0
12,v10_element_reference_Si_diamond,8,Si8,pending_full_trace,24f454e3a6d5fb1e4f1b576d70b136f20ffff202bd4ad22476c85a2912d60bd0
13,v10_element_reference_C_diamond,8,C8,pending_full_trace,24f454e3a6d5fb1e4f1b576d70b136f20ffff202bd4ad22476c85a2912d60bd0
14,AgSi_d2p2_periodic_PW_PBE_energy_force,51,C13Ag17Si8Ti13,pending_full_trace,24f454e3a6d5fb1e4f1b576d70b136f20ffff202bd4ad22476c85a2912d60bd0
15,AgSi_d2p8_periodic_PW_PBE_energy_force,51,C13Ag17Si8Ti13,pending_full_trace,24f454e3a6d5fb1e4f1b576d70b136f20ffff202bd4ad22476c85a2912d60bd0
16,AgC_d2p0_periodic_PW_PBE_energy_force,48,C13Ag2Si10Ti23,pending_full_trace,24f454e3a6d5fb1e4f1b576d70b136f20ffff202bd4ad22476c85a2912d60bd0
17,AgC_d2p4_periodic_PW_PBE_energy_force,48,C13Ag2Si10Ti23,pending_full_trace,24f454e3a6d5fb1e4f1b576d70b136f20ffff202bd4ad22476c85a2912d60bd0
18,AgC_validation_d2p30_periodic_PW_PBE_energy_force,48,C13Ag2Si10Ti23,pending_full_trace,24f454e3a6d5fb1e4f1b576d70b136f20ffff202bd4ad22476c85a2912d60bd0
19,AgSi_validation_d2p60_periodic_PW_PBE_energy_force,51,C13Ag17Si8Ti13,pending_full_trace,24f454e3a6d5fb1e4f1b576d70b136f20ffff202bd4ad22476c85a2912d60bd0
20,AgTi_validation_d2p60_periodic_PW_PBE_energy_force,49,C11Ag28SiTi9,pending_full_trace,24f454e3a6d5fb1e4f1b576d70b136f20ffff202bd4ad22476c85a2912d60bd0
21,AgC_lateral_registry_holdout_v13_periodic_PW_PBE_energy_force_v14_train,48,C13Ag2Si10Ti23,pending_full_trace,24f454e3a6d5fb1e4f1b576d70b136f20ffff202bd4ad22476c85a2912d60bd0
22,AgSi_lateral_registry_holdout_v13_periodic_PW_PBE_energy_force_v14_train,51,C13Ag17Si8Ti13,pending_full_trace,24f454e3a6d5fb1e4f1b576d70b136f20ffff202bd4ad22476c85a2912d60bd0
23,AgTi_registry_probe_v13_01_periodic_PW_PBE_energy_force_v14_train,49,C11Ag28SiTi9,pending_full_trace,24f454e3a6d5fb1e4f1b576d70b136f20ffff202bd4ad22476c85a2912d60bd0
24,AgC_registry_strain_acq_v14_01_periodic_PW_PBE_energy_force_v14_train,48,C13Ag2Si10Ti23,pending_full_trace,24f454e3a6d5fb1e4f1b576d70b136f20ffff202bd4ad22476c85a2912d60bd0
25,AgSi_registry_strain_acq_v14_01_periodic_PW_PBE_energy_force_v14_train,51,C13Ag17Si8Ti13,pending_full_trace,24f454e3a6d5fb1e4f1b576d70b136f20ffff202bd4ad22476c85a2912d60bd0
26,AgC_residual_shell_v15_01_periodic_PW_PBE_energy_force_v15_draft_train,48,C13Ag2Si10Ti23,pending_full_trace,24f454e3a6d5fb1e4f1b576d70b136f20ffff202bd4ad22476c85a2912d60bd0
27,AgSi_residual_shell_v15_01_periodic_PW_PBE_energy_force_v15_draft_train,51,C13Ag17Si8Ti13,pending_full_trace,24f454e3a6d5fb1e4f1b576d70b136f20ffff202bd4ad22476c85a2912d60bd0
28,AgTi_residual_shell_v15_01_periodic_PW_PBE_energy_force_v15_draft_train,49,C11Ag28SiTi9,pending_full_trace,24f454e3a6d5fb1e4f1b576d70b136f20ffff202bd4ad22476c85a2912d60bd0
29,AgC_widespan_registry_acq_v16_01_PW_PBE_v16_train,48,C13Ag2Si10Ti23,pending_full_trace,24f454e3a6d5fb1e4f1b576d70b136f20ffff202bd4ad22476c85a2912d60bd0
30,AgSi_widespan_registry_acq_v16_01_PW_PBE_v16_train,51,C13Ag17Si8Ti13,pending_full_trace,24f454e3a6d5fb1e4f1b576d70b136f20ffff202bd4ad22476c85a2912d60bd0
31,AgTi_widespan_registry_acq_v16_01_PW_PBE_v16_train,49,C11Ag28SiTi9,pending_full_trace,24f454e3a6d5fb1e4f1b576d70b136f20ffff202bd4ad22476c85a2912d60bd0
32,AgC_widespan_distance_acq_v16_01_PW_PBE_v16_train,48,C13Ag2Si10Ti23,pending_full_trace,24f454e3a6d5fb1e4f1b576d70b136f20ffff202bd4ad22476c85a2912d60bd0
33,AgSi_widespan_distance_acq_v16_01_PW_PBE_v16_train,51,C13Ag17Si8Ti13,pending_full_trace,24f454e3a6d5fb1e4f1b576d70b136f20ffff202bd4ad22476c85a2912d60bd0
34,AgTi_widespan_distance_acq_v16_01_PW_PBE_v16_train,49,C11Ag28SiTi9,pending_full_trace,24f454e3a6d5fb1e4f1b576d70b136f20ffff202bd4ad22476c85a2912d60bd0
