label,index,id,element,local_4p5A,distance_to_marked_contact_A,DFT_Fx_eV_A,DFT_Fy_eV_A,DFT_Fz_eV_A,MACE_Fx_eV_A,MACE_Fy_eV_A,MACE_Fz_eV_A,error_Fx_eV_A,error_Fy_eV_A,error_Fz_eV_A,force_error_norm_eV_A
AgC_registry_holdout_v15_01,0,113766,Ti,False,5.140365697259218,-0.71893763,-0.04194106,-1.98625399,-0.704695395912226,-0.03837415131509248,-1.9759702648813002,0.01424223408777403,0.00356690868490752,0.010283725118699794,0.017925375078206823
AgC_registry_holdout_v15_01,1,600768,Ti,False,5.063791413108523,-1.35688411,-0.59088222,1.66363356,-1.1783046411735092,-0.6816083462966458,1.6187615424688828,0.17857946882649078,-0.09072612629664578,-0.04487201753111725,0.20526898118434603
AgC_registry_holdout_v15_01,2,602398,Ti,False,4.80150306440671,-1.20229684,-1.43260895,1.84178385,-1.111122645299034,-1.4573737341172825,1.8436497927482656,0.0911741947009661,-0.024764784117282446,0.001865942748265681,0.09449608486114695
AgC_registry_holdout_v15_01,3,602560,Ti,True,4.056899599866926,0.91239147,1.36549557,-1.19487797,0.8687623094332442,1.3041535984235955,-1.207804471164311,-0.04362916056675581,-0.06134197157640453,-0.012926501164310933,0.07637693081677943
AgC_registry_holdout_v15_01,4,602563,C,True,4.270407405877869,0.31265671,-0.55462241,0.69509617,0.31746113747624327,-0.542634047532395,0.7136836510198548,0.004804427476243267,0.01198836246760504,0.018587481019854746,0.022633996745882574
AgC_registry_holdout_v15_01,5,602564,C,True,3.463781532191114,5.12688018,-2.5445381,-0.16138373,5.205644082498361,-2.56074187288751,-0.18732405433689042,0.07876390249836174,-0.01620377288750996,-0.02594032433689042,0.08449387563169597
AgC_registry_holdout_v15_01,6,602568,C,True,3.981112408021359,0.44478466,0.76203316,1.61437072,0.30746888358466884,0.9026263036397555,1.6266419616023946,-0.13731577641533116,0.1405931436397555,0.012271241602394678,0.19690768868055528
AgC_registry_holdout_v15_01,7,602569,Ti,True,3.3657542408819854,-0.57879271,0.63349244,0.32873116,-0.44241563340168416,0.5154680286953326,0.30866441511118403,0.13637707659831583,-0.11802441130466745,-0.02006674488881599,0.18146939944725954
AgC_registry_holdout_v15_01,8,602577,C,False,4.748147829821231,-1.73262857,-4.47995836,-1.98609733,-1.7453836649233425,-4.428417952642251,-1.9886290311574029,-0.012755094923342591,0.05154040735774945,-0.002531701157402866,0.05315557870869838
AgC_registry_holdout_v15_01,9,602709,Ti,True,2.6502117834910877,0.22264856,-0.33147277,0.03583584,0.12367003530514939,-0.4820937742022305,0.294280539982528,-0.0989785246948506,-0.15062100420223046,0.258444699982528,0.31508268471421336
AgC_registry_holdout_v15_01,10,602714,Ti,True,4.329030877869089,-0.81566129,1.74245349,-1.39050372,-0.817345229145785,1.7395279989411898,-1.387474945076579,-0.0016839391457850184,-0.0029254910588101257,0.003028774923421018,0.004535154519818388
AgC_registry_holdout_v15_01,11,602717,Si,True,4.070713105842623,-0.58925974,-0.03591202,0.15527511,-0.5804915180987279,-0.04218956361665921,0.12688262271190587,0.008768221901272133,-0.006277543616659206,-0.028392487288094126,0.030371410957899102
AgC_registry_holdout_v15_01,12,602720,Ti,False,5.156472657235632,-1.5596532,0.70031731,-1.0366687,-1.4725737270753314,0.7506734542795502,-1.055832975547167,0.08707947292466867,0.05035614427955026,-0.01916427554716682,0.10240041664362856
AgC_registry_holdout_v15_01,13,602722,Si,True,4.077844372515014,1.00706926,0.54922857,-0.01442957,0.9913809432081538,0.5703545784196555,-0.0247561452610372,-0.015688316791846124,0.021126008419655506,-0.0103265752610372,0.028267820434737127
AgC_registry_holdout_v15_01,14,602726,Si,True,3.9472599792709273,-0.05522368,0.32334541,-1.43280749,-0.09212255810862272,0.3164702453612005,-1.4360647096518155,-0.03689887810862272,-0.0068751646387995025,-0.0032572196518154684,0.037674986056344714
AgC_registry_holdout_v15_01,15,602728,Si,False,4.621567805117097,-0.56462785,-1.70362838,0.82890969,-0.561452563373706,-1.691229031704347,0.8664775592164473,0.0031752866262940715,0.012399348295653034,0.03756786921644728,0.039688425022670316
AgC_registry_holdout_v15_01,16,604584,Ti,True,4.453410972486209,1.25191884,-3.25047784,-1.39822047,1.2762156302255043,-3.3344604336986947,-1.4962451796589864,0.02429679022550424,-0.08398259369869487,-0.09802470965898635,0.1313478350158494
AgC_registry_holdout_v15_01,17,604585,C,False,5.1243300876796924,1.13647474,0.34715784,0.72017967,1.1156838960979318,0.24490344217294546,0.6826737890825624,-0.02079084390206809,-0.10225439782705453,-0.03750588091743767,0.1108824249758577
AgC_registry_holdout_v15_01,18,604586,Ti,True,4.05096681993575,1.0413344,-1.93287316,0.04636333,1.0184140014585557,-1.8801722242570726,0.05811816997339586,-0.022920398541444342,0.052700935742927335,0.01175483997339586,0.058659266619000144
AgC_registry_holdout_v15_01,19,604587,C,True,3.549752096708295,-3.59064269,-3.17759202,1.37923269,-3.6953680976071537,-3.2247013961349493,1.3599143959863735,-0.10472540760715354,-0.047109376134949255,-0.019318294013626502,0.11644698708814023
AgC_registry_holdout_v15_01,20,604588,Ti,False,4.723909254145136,-3.46399593,0.72051959,-0.54228574,-3.4646238048158216,0.6974084198371907,-0.5009126028586829,-0.0006278748158217162,-0.02311117016280928,0.04137313714131707,0.047394692635282475
AgC_registry_holdout_v15_01,21,604589,Ti,True,1.9371144299373555,-0.62428739,3.5164478,0.26970766,-0.529809853708933,3.295116045263272,0.2553403619315215,0.09447753629106703,-0.22133175473672795,-0.014367298068478529,0.24108125139101438
AgC_registry_holdout_v15_01,22,604590,Ti,True,3.365068859631872,3.88685667,4.80622113,-0.59563805,3.9892076795845766,4.849811625642626,-0.7568302085825213,0.10235100958457677,0.043590495642625626,-0.16119215858252123,0.19585395697264982
AgC_registry_holdout_v15_01,23,604592,C,True,3.124081749548177,-2.34645797,-2.36712034,3.02322323,-2.406672963696178,-2.3783267998706976,3.1221156548868683,-0.060214993696178,-0.011206459870697572,0.09889242488686811,0.11632343662680003
AgC_registry_holdout_v15_01,24,604593,Si,False,4.573692493903866,0.26029075,-0.15946342,1.36427705,0.25940689642397696,-0.17010482066454594,1.3371971698475642,-0.0008838535760230526,-0.010641400664545941,-0.027079880152435898,0.02910911393906622
AgC_registry_holdout_v15_01,25,604594,Si,True,3.983729747941635,0.33282332,0.9922087,-0.52668657,0.3458199524237052,1.0228793367987654,-0.5378368809305824,0.012996632423705246,0.03067063679876536,-0.011150310930582386,0.03512733764245949
AgC_registry_holdout_v15_01,26,604596,C,False,4.971686928535246,1.12400153,0.54041736,-2.62685227,1.1448108488567876,0.5618447931135887,-2.6777966050330937,0.020809318856787717,0.021427433113588745,-0.05094433503309359,0.05905495671901612
AgC_registry_holdout_v15_01,27,604598,C,False,4.6100300693630745,-0.59622905,-0.62180312,1.2298202,-0.5431197917813615,-0.5628934654359077,1.1852867044505968,0.053109258218638544,0.05890965456409236,-0.044533495549403224,0.09096248092067097
AgC_registry_holdout_v15_01,28,604599,Ti,True,4.336597561475172,-0.6752814,2.44430182,-0.08778897,-0.7312102319755773,2.4336922068354268,-0.050533966742665415,-0.0559288319755773,-0.010609613164573428,0.03725500325733458,0.06803332569673672
AgC_registry_holdout_v15_01,29,604600,Ti,True,2.602663001729525,-1.6400158,2.3906022,-1.39716015,-1.8033968764469634,2.456047652093938,-1.5199391669415054,-0.16338107644696342,0.06544545209393782,-0.1227790169415055,0.21459536421337463
AgC_registry_holdout_v15_01,30,604601,Ti,False,5.431712282124001,2.09225123,-0.86690388,0.29697157,2.0724298938085166,-0.8650792763412036,0.2960495819722329,-0.019821336191483407,0.001824603658796331,-0.0009219880277671066,0.019926480091848855
AgC_registry_holdout_v15_01,31,604602,C,True,2.422443461320726,0.32708944,0.50262712,0.21001298,0.34494698771870036,0.6689922790258979,0.4213006020994132,0.01785754771870035,0.16636515902589788,0.21128762209941324,0.269515709005361
AgC_registry_holdout_v15_01,32,604603,C,True,3.6786726794619935,-1.02545595,1.12914043,0.70947986,-1.026463033788061,1.2177964224124362,0.7239626825997089,-0.001007083788060914,0.08865599241243616,0.0144828225997089,0.08983680403289485
AgC_registry_holdout_v15_01,33,604605,Si,False,5.780762118773747,-1.18039207,-0.13774492,1.56788601,-1.2102338557640964,-0.16724244985328465,1.5720471872330803,-0.029841785764096462,-0.02949752985328466,0.004161177233080293,0.042165766220961236
AgC_registry_holdout_v15_01,34,604608,Ti,False,4.900973306690706,1.88155842,-1.350007,0.28181025,1.8344708269123888,-1.473826672839223,0.2701184403175917,-0.047087593087611124,-0.12381967283922313,-0.011691809682408294,0.1329859060895039
AgC_registry_holdout_v15_01,35,604611,Ti,False,5.663225556628967,0.63568929,-1.07036626,1.05864724,0.6835548630325252,-1.082590330541648,1.0783397689845202,0.047865573032525255,-0.012224070541648091,0.01969252898452023,0.05318210864703812
AgC_registry_holdout_v15_01,36,604794,Ti,False,4.549747903213149,0.46946382,1.11816189,-0.87709636,0.4567137877563515,1.0998763047893585,-0.8238594068801762,-0.012750032243648457,-0.01828558521064161,0.05323695311982379,0.05771567487426641
AgC_registry_holdout_v15_01,37,604795,Ti,False,4.839833587928087,1.55616972,2.72982091,-1.07491116,1.5666624164291623,2.6917940428913107,-1.0914002680557024,0.010492696429162285,-0.03802686710868919,-0.01648910805570236,0.042755467310381386
AgC_registry_holdout_v15_01,38,604796,Ti,True,2.104735887853792,-0.29245783,0.31536552,0.47730984,-0.38271256540068876,0.2662448723346921,0.4385483108916351,-0.09025473540068879,-0.04912064766530794,-0.03876152910836489,0.10982354678358502
AgC_registry_holdout_v15_01,39,604803,Si,True,3.936295524345177,0.2431919,0.94243036,-0.48523587,0.25114793907957356,0.9701714728517271,-0.47514069244085777,0.007956039079573568,0.02774111285172709,0.010095177559142243,0.030574180447537246
AgC_registry_holdout_v15_01,40,604804,C,True,0.0,-0.1099582,0.94384664,1.36187882,0.00742656862367367,1.2436245257235354,1.3276280832261955,0.11738476862367367,0.2997778857235355,-0.034250736773804524,0.32375774530234014
AgC_registry_holdout_v15_01,41,604805,Ti,True,3.1176111803439137,0.46620329,1.13922302,-1.33770598,0.44691510352167513,1.1826263147587448,-1.4277252996331171,-0.019288186478324865,0.043403294758744826,-0.09001931963311716,0.10178093161661683
AgC_registry_holdout_v15_01,42,604806,Ti,True,3.7115615214910758,1.13502438,0.30350451,-1.80945061,1.1870701004440862,0.25875289265230406,-1.7910094488471668,0.052045720444086285,-0.04475161734769595,0.01844116115283323,0.07107419149342008
AgC_registry_holdout_v15_01,43,604810,C,True,2.9967465750949227,-1.41448967,-1.29062318,0.33416968,-1.3690381289826576,-1.2993953741184652,0.3221189814520918,0.04545154101734239,-0.008772194118465082,-0.012050698547908245,0.04783318206011125
AgC_registry_holdout_v15_01,44,604813,Si,True,4.431482243906845,0.68660583,-1.69306513,0.19625485,0.7110144192476524,-1.7372098403634846,0.20037412260903287,0.024408589247652435,-0.04414471036348466,0.004119272609032859,0.05061129408505667
AgC_registry_holdout_v15_01,45,606503,Si,False,5.659839420492102,0.54857769,-0.82432731,-1.05005853,0.5421564530412867,-0.8480250027120625,-1.025949802442445,-0.006421236958713328,-0.023697692712062457,0.02410872755755511,0.03440993560586391
AgC_registry_holdout_v15_01,46,688433,Ag,True,0.0,-0.68524822,-0.04425846,0.98387164,-1.0143151127671255,0.14056732189795337,1.0537949911650577,-0.32906689276712553,0.18482578189795337,0.06992335116505766,0.38384223921782334
AgC_registry_holdout_v15_01,47,751743,Ag,True,2.9181713593385563,-0.26338635,-0.45306793,0.34025352,-0.1855837629458659,-0.4527336177103415,0.33506504255310154,0.07780258705413409,0.00033431228965852267,-0.005188477446898432,0.07797611567166003
AgSi_registry_holdout_v15_01,0,365143,C,False,5.963165354660304,-2.24196291,-0.63820014,-0.74417496,-2.1326103730253134,-0.6084398156740064,-0.6834763019290524,0.10935253697468639,0.029760324325993626,0.06069865807094765,0.12856119686127032
AgSi_registry_holdout_v15_01,1,365320,Ti,False,5.322889129797151,-4.0766027,-0.2959543,-2.60153982,-4.062292143563246,-0.29102401147694573,-2.616715663019061,0.014310556436753608,0.0049302885230542715,-0.015175843019060942,0.021433757995023915
AgSi_registry_holdout_v15_01,2,366772,C,False,5.577716985848424,1.26794026,1.45259968,1.32585821,1.130241504164959,1.3954327707164587,1.3394770090480894,-0.1376987558350411,-0.0571669092835414,0.01361879904808938,0.14971464378297522
AgSi_registry_holdout_v15_01,3,366778,C,False,5.179948025080242,-0.65665355,0.2249998,0.5944676,-0.6955496639485409,0.3787875309304988,0.5252973586400524,-0.03889611394854087,0.15378773093049877,-0.06917024135994754,0.17305518239810896
AgSi_registry_holdout_v15_01,4,366929,Si,True,3.4675699430207945,0.75737247,0.96922314,-0.53734104,0.98771955924015,1.0658133410099375,-0.4338220142474146,0.23034708924015002,0.09659020100993754,0.10351902575258543,0.2703805413584976
AgSi_registry_holdout_v15_01,5,366931,C,True,4.0555719351048625,-1.61171246,1.02571504,1.31377737,-1.4530641934958206,0.8300965914221208,1.2204068909502865,0.1586482665041793,-0.19561844857787913,-0.0933704790497134,0.2686147729496098
AgSi_registry_holdout_v15_01,6,366933,Si,True,2.7973345455101635,0.28633341,0.70244093,1.36241178,0.25022640780796146,0.6482794001570772,1.2407719678263502,-0.03610700219203855,-0.05416152984292277,-0.12163981217364972,0.13796170058339552
AgSi_registry_holdout_v15_01,7,366934,Si,True,0.0,-7.87574394,-1.94549672,2.28867985,-8.76560301210086,-1.8194518942741635,2.9198749915244235,-0.889859072100859,0.12604482572583642,0.6311951415244237,1.0982457707528381
AgSi_registry_holdout_v15_01,8,366935,Ti,True,2.557862077998755,2.59910366,-2.4379308,0.57959075,2.4086063612655533,-2.482913565631816,0.6676123916815755,-0.19049729873444665,-0.0449827656318158,0.08802164168157545,0.21461705298817133
AgSi_registry_holdout_v15_01,9,366936,Si,True,2.5203699726963014,-1.28070469,-0.36956733,-2.43200621,-1.404882457304749,-0.5540133083439965,-2.3917695585589294,-0.12417776730474883,-0.1844459783439965,0.04023665144107058,0.2259633265360921
AgSi_registry_holdout_v15_01,10,367109,C,False,4.58206208494198,-0.10769837,1.78399329,2.85922292,-0.01937299622813271,1.7861397570793645,2.8033011660975062,0.08832537377186729,0.0021464670793645,-0.055921753902493876,0.1045620463284549
AgSi_registry_holdout_v15_01,11,367110,Si,True,3.5970714074769785,-0.14048159,0.11136732,-0.52882122,-0.09754119507605274,0.15879860154695657,-0.541737589522397,0.042940394923947245,0.04743128154695657,-0.012916369522397053,0.06527201994001967
AgSi_registry_holdout_v15_01,12,367111,C,True,3.4921048876527325,-0.02773394,0.12861163,1.1322919,0.094588318893712,-0.057181356130306116,1.3520887428735155,0.122322258893712,-0.18579298613030612,0.21979684287351553,0.31271779746800676
AgSi_registry_holdout_v15_01,13,367112,Ti,False,5.0931841441201495,0.99797848,0.42548824,-2.96243686,1.0065613009685288,0.3642062018324635,-2.8793092401092095,0.008582820968528804,-0.06128203816753652,0.08312761989079043,0.1036308554748679
AgSi_registry_holdout_v15_01,14,367113,Ti,True,4.072254001971062,0.06615213,0.70957224,0.51765998,0.06070035196802964,0.813454670307403,0.45023356107208656,-0.005451778031970361,0.10388243030740307,-0.06742641892791346,0.12396613722999042
AgSi_registry_holdout_v15_01,15,367115,Si,False,5.424173540703174,-0.2616519,0.46013218,-1.10358047,-0.2790966465457294,0.4672668537103517,-1.1002922358792975,-0.017444746545729417,0.007134673710351702,0.00328823412070256,0.01913204731936639
AgSi_registry_holdout_v15_01,16,367117,Ti,True,2.9477838785865047,1.01266948,0.8478645,2.5090357,0.753316145338058,0.9097617850425925,2.445815002083326,-0.259353334661942,0.06189728504259251,-0.06322069791667406,0.27402971142010235
AgSi_registry_holdout_v15_01,17,367118,Si,True,2.725315191580791,0.75488007,0.2217572,0.34855083,0.7263341748505758,0.1739153191287039,0.5484609905987032,-0.028545895149424183,-0.047841880871296094,0.19991016059870326,0.20752779574260538
AgSi_registry_holdout_v15_01,18,367120,Si,True,4.256313564529699,-0.25135319,-0.99721321,-0.13379333,-0.09509907339381382,-1.1556824192383823,-0.2296870974224935,0.15625411660618618,-0.15846920923838237,-0.0958937674224935,0.2423292261851573
AgSi_registry_holdout_v15_01,19,367121,Ti,False,4.611370919256764,0.19425909,-2.16290288,-0.33611502,0.14220868256787164,-2.1997000791039363,-0.4459830582661389,-0.052050407432128354,-0.03679719910393642,-0.10986803826613889,0.12702072511285337
AgSi_registry_holdout_v15_01,20,367122,C,False,5.0207931325746715,-1.37576539,0.12974778,-1.7789837,-1.3525454425149481,0.16750897426409408,-1.7671997605411591,0.02321994748505185,0.03776119426409408,0.01178393945884082,0.04586867103621864
AgSi_registry_holdout_v15_01,21,368645,C,False,5.09618656301879,-0.13638978,0.26304883,0.64176783,-0.4417948195489008,0.0820343195720838,0.8951328132947541,-0.30540503954890086,-0.18101451042791622,0.2533649832947541,0.436156286126057
AgSi_registry_holdout_v15_01,22,368823,Ti,False,4.583841073195806,-0.02493621,2.46961416,1.63622109,0.0539201145411079,2.429750579406794,1.7015796603422788,0.0788563245411079,-0.03986358059320594,0.06535857034227877,0.1099052669121465
AgSi_registry_holdout_v15_01,23,368827,Ti,True,3.644974831232437,-2.26816347,0.40515196,-0.90948362,-2.4803912605174623,0.4321857921688151,-1.174861390473577,-0.2122277905174621,0.02703383216881511,-0.2653777704735769,0.3408765527448051
AgSi_registry_holdout_v15_01,24,368829,C,True,4.161078349671146,0.85148152,0.23779092,0.47179687,0.9134016064027102,0.2945364678008784,0.3282103237707822,0.061920086402710184,0.0567455478008784,-0.1435865462292178,0.16634677800719846
AgSi_registry_holdout_v15_01,25,368832,Ti,False,5.18898655141642,0.45878421,0.28481087,0.03397134,0.30329163072738546,0.23286203133330247,0.07347178026800527,-0.15549257927261456,-0.05194883866669753,0.03950044026800527,0.1686324667109959
AgSi_registry_holdout_v15_01,26,368833,Ti,True,2.758564494176977,0.22053143,-0.9782497,1.86035178,0.1749932628205789,-0.9389685365267872,1.9738655896732609,-0.04553816717942111,0.039281163473212755,0.11351380967326086,0.12846057551018314
AgSi_registry_holdout_v15_01,27,368838,C,False,4.847674631489904,1.5467595,-0.5911749,-0.87126629,1.9882538512247545,-0.769443802835692,-0.7885815037100659,0.44149435122475444,-0.17826890283569208,0.08268478628993414,0.4832533887779995
AgSi_registry_holdout_v15_01,28,368841,C,False,4.687467157842113,1.37963376,0.40718468,0.98257847,1.3399894411304905,0.4333522897558745,0.9302604518057082,-0.039644318869509476,0.026167609755874455,-0.05231801819429183,0.07066534402903119
AgSi_registry_holdout_v15_01,29,368844,Ti,True,3.6416198542575318,-1.32673613,-1.85126244,-0.04366295,-1.4108632039495923,-1.6945346063333013,-0.041393032421333256,-0.08412707394959229,0.15672783366669862,0.0022699175786667428,0.17789359444058256
AgSi_registry_holdout_v15_01,30,369024,C,True,4.384109739140318,2.13910347,-0.98257707,-2.05929389,2.0718497966473435,-1.0191859763116833,-1.9958232700729728,-0.0672536733526563,-0.03660890631168323,0.0634706199270274,0.09945746927548761
AgSi_registry_holdout_v15_01,31,369026,C,True,4.380943838589152,1.20080169,0.64569541,-0.11277514,1.2498589457673814,0.5379104324580212,-0.053817319914916326,0.0490572557673814,-0.1077849775419788,0.05895782008508367,0.13228847370930033
AgSi_registry_holdout_v15_01,32,369031,Ti,True,4.466823029131554,-0.13924339,0.93569015,-1.85417768,-0.09184793816263889,0.9444740441071229,-1.9798128365647552,0.0473954518373611,0.00878389410712288,-0.1256351565647551,0.13456477330863115
AgSi_registry_holdout_v15_01,33,369042,Ti,False,5.034483098609296,0.86013625,-0.22733171,-0.89774953,0.8404293761716042,-0.14372653943012348,-0.7491519339299036,-0.019706873828395866,0.08360517056987651,0.14859759607009637,0.17163749875804524
AgSi_registry_holdout_v15_01,34,683609,Ag,True,0.0,-0.44709956,0.41837817,0.20172431,-0.36977693745727647,0.39262790946191173,0.07308461313429082,0.07732262254272354,-0.025750260538088265,-0.12863969686570917,0.15228274847915463
AgSi_registry_holdout_v15_01,35,685172,Ag,True,2.000847243603418,8.82372544,1.43732217,-3.51138623,9.91467072728707,1.6108606374451173,-4.2439569834358295,1.0909452872870702,0.17353846744511725,-0.7325707534358297,1.325495050283707
AgSi_registry_holdout_v15_01,36,696217,Ag,True,2.862780415964615,0.03802735,0.1361962,-0.16806245,0.021077074379452332,0.14904658165980517,-0.2735750579645927,-0.01695027562054767,0.012850381659805177,-0.10551260796459269,0.10763528506909348
AgSi_registry_holdout_v15_01,37,700029,Ag,False,4.990908278203002,-0.4571729,-0.05877941,0.59722493,-0.5394679336624045,-0.14001864858103205,0.6923513770207752,-0.08229503366240454,-0.08123923858103205,0.09512644702077522,0.14973752827370465
AgSi_registry_holdout_v15_01,38,701518,Ag,True,2.890765897530322,0.08497274,-0.06847164,0.1287649,0.051230105580206214,-0.040357289854875515,0.1888612333116973,-0.03374263441979379,0.028114350145124485,0.06009633331169731,0.07443487985602673
AgSi_registry_holdout_v15_01,39,703887,Ag,False,4.992919023055539,0.13724445,-0.91227207,0.42893713,0.15514568163546422,-0.9343512974938073,0.4258210246414334,0.017901231635464226,-0.022079227493807307,-0.003116105358566601,0.028594693448182464
AgSi_registry_holdout_v15_01,40,707313,Ag,False,5.73871046355208,0.27572863,0.14363351,1.03658035,0.35881063429013504,0.004590314337066137,1.0747525877023294,0.08308200429013507,-0.13904319566293386,0.03817223770232947,0.16641138611354114
AgSi_registry_holdout_v15_01,41,710704,Ag,True,4.078968933054388,0.66363637,-0.21336246,0.4667221,0.6935514519895916,-0.2642630091642858,0.28962508837880835,0.029915081989591585,-0.0509005491642858,-0.17709701162119162,0.1866792156637325
AgSi_registry_holdout_v15_01,42,714846,Ag,False,4.9678156707639545,-0.51264688,-0.38050887,-0.10956092,-0.49053429686361294,-0.39873949934002745,-0.024725650239933186,0.022112583136387087,-0.01823062934002745,0.08483526976006682,0.08954521301756117
AgSi_registry_holdout_v15_01,43,729574,Ag,False,4.9853776048612755,0.00758942,-0.46906886,0.08363231,-0.0006623376959267874,-0.4988153152735187,0.06574822256288393,-0.008251757695926787,-0.029746455273518713,-0.017884087437116072,0.0356760940949279
AgSi_registry_holdout_v15_01,44,730721,Ag,True,2.8515866416098263,-0.61837569,-0.08085555,0.21189888,-1.0071371038372898,0.19557581752770864,-0.05001987056511829,-0.3887614138372898,0.27643136752770864,-0.2619187505651183,0.544197730369762
AgSi_registry_holdout_v15_01,45,735549,Ag,False,4.999175547540151,0.60011213,-0.18620538,-0.01586474,0.8219947423533702,0.10173260578500483,0.02454479963681995,0.22188261235337026,0.28793798578500485,0.04040953963681995,0.36575006249670194
AgSi_registry_holdout_v15_01,46,737082,Ag,True,2.8831456109142475,0.26688935,0.26466526,-0.03529926,0.2231665506369177,0.29214876010921087,0.016551124496465324,-0.04372279936308232,0.027483500109210857,0.05185038449646533,0.07318120205919439
AgSi_registry_holdout_v15_01,47,737200,Ag,False,5.010457471364573,-0.49646942,-0.84144714,0.08938622,-0.5409022787108481,-0.743171549157792,0.17517217415252195,-0.04443285871084807,0.09827559084220794,0.08578595415252195,0.1378100163938088
AgSi_registry_holdout_v15_01,48,744883,Ag,True,4.105366510791015,-0.11425222,-0.40650919,0.20519741,-0.05334753575865566,-0.4481384565947141,0.1870548258615759,0.06090468424134434,-0.041629266594714054,-0.018142584138424095,0.07597058482709891
AgSi_registry_holdout_v15_01,49,752169,Ag,True,4.0522480489444614,-0.39502172,0.08719342,0.07083518,-0.2200800598839938,0.17186368552247355,0.0626170957830994,0.17494166011600623,0.08467026552247356,-0.008218084216900595,0.19452808336069755
AgSi_registry_holdout_v15_01,50,755982,Ag,False,4.981367104607234,-0.65002418,-0.23413141,-0.2284925,-0.7316748974051526,-0.26289308882801965,-0.22633348944525858,-0.08165071740515262,-0.028761678828019638,0.0021590105547414085,0.0865952374461652
AgTi_registry_holdout_v15_01,0,478831,C,False,4.674273227973479,-1.59878026,2.36565352,0.22454291,-1.7377696868767445,2.3529215731154753,0.22551456159817485,-0.13898942687674443,-0.012731946884524614,0.000971651598174833,0.13957473754882893
AgTi_registry_holdout_v15_01,1,478840,Ti,False,5.172953269483752,1.35921549,-0.799031,4.05252068,1.4471531493707408,-0.8008940186144902,4.04216145804272,0.08793765937074083,-0.0018630186144901195,-0.010359221957279452,0.08856532195799076
AgTi_registry_holdout_v15_01,2,478841,Si,False,5.535932530674631,-1.12507132,-0.50897469,1.3377969,-1.1532747098863267,-0.45726996593243924,1.2887616982455432,-0.028203389886326757,0.051704724067560714,-0.04903520175445686,0.07663720182185046
AgTi_registry_holdout_v15_01,3,478844,C,False,5.203626173027497,-3.99943201,0.10958017,0.63760668,-4.029554535481193,0.10355577006785349,0.6999067934917725,-0.030122525481192763,-0.0060243999321465125,0.06230011349177256,0.06946196136732173
AgTi_registry_holdout_v15_01,4,479021,Ti,True,3.005196538773012,0.96584406,-1.05269636,-1.22083485,1.0564677084344567,-1.237954849901655,-1.1884467627422644,0.0906236484344567,-0.18525848990165494,0.032388087257735565,0.20876384249296687
AgTi_registry_holdout_v15_01,5,479027,Ti,True,0.0,-0.19127813,1.02298597,1.49019616,0.05769496818194046,0.9041217859985256,1.3907786838998246,0.24897309818194047,-0.11886418400147436,-0.09941747610017537,0.2932577917307219
AgTi_registry_holdout_v15_01,6,479028,Ti,True,3.3241615244369025,-0.08044,0.43618537,-1.92407869,-0.031198496815986854,0.4216831811665436,-1.9635248699918266,0.049241503184013144,-0.014502188833456442,-0.039446179991826646,0.06473824397317238
AgTi_registry_holdout_v15_01,7,479030,C,True,2.056509408011863,-0.71138891,-1.12640537,0.35376351,-0.7685694279879444,-1.062833886228498,0.3243388093072129,-0.057180517987944324,0.06357148377150201,-0.029424700692787076,0.09042542892980975
AgTi_registry_holdout_v15_01,8,479031,C,False,5.329006639046365,3.52045841,-2.33929072,-0.93171501,3.543872048159501,-2.304421791549466,-0.925269327099211,0.02341363815950137,0.03486892845053413,0.006445682900789063,0.04249220459343163
AgTi_registry_holdout_v15_01,9,480798,C,False,4.577502766010515,-1.29969039,0.8069142,2.05637607,-1.1632926131054284,0.796713518178627,2.147315817936708,0.13639777689457167,-0.010200681821373014,0.09093974793670823,0.16425116500711423
AgTi_registry_holdout_v15_01,10,480801,Ti,True,4.1978451386043325,4.33401445,-0.88059856,0.10641156,4.302693888811222,-0.8187518362622105,-0.0020196295036556122,-0.03132056118877813,0.061846723737789544,-0.10843118950365561,0.12869855340079053
AgTi_registry_holdout_v15_01,11,480802,C,False,5.213721101477046,0.31426726,1.39853417,2.7602007,0.41664065290229546,1.3716720550504578,2.868561225247282,0.10237339290229547,-0.02686211494954227,0.1083605252472819,0.15147240087143599
AgTi_registry_holdout_v15_01,12,480805,C,True,1.9646561542639767,-1.32009625,-0.58480293,-0.29940926,-1.390636436598796,-0.5876197511150217,-0.4103778667721314,-0.07054018659879602,-0.0028168211150216838,-0.11096860677213138,0.1315214206718241
AgTi_registry_holdout_v15_01,13,480807,C,True,3.849792736590153,0.9235595,0.31978378,-0.45073507,0.9559249720456992,0.4228745870223576,-0.4361043017377344,0.03236547204569917,0.10309080702235757,0.014630768262265614,0.10903805598599978
AgTi_registry_holdout_v15_01,14,480810,Ti,True,2.7221911018636655,-0.78761652,-0.23809353,-0.41762304,-0.8851048058037536,-0.22935351760159786,-0.3521522874683153,-0.09748828580375357,0.008740012398402136,0.06547075253168472,0.11775726356681215
AgTi_registry_holdout_v15_01,15,480811,Ti,True,4.091182493762058,0.05985833,0.4463705,-1.22611084,-0.06953717748705876,0.42308020157073534,-1.2293869403395488,-0.12939550748705875,-0.023290298429264666,-0.0032761003395487265,0.13151565759327852
AgTi_registry_holdout_v15_01,16,480812,Ti,True,3.140817251985049,1.47459177,-0.17468596,0.17547326,1.461413216501959,-0.14619534308610366,-0.0030609184133429945,-0.013178553498040868,0.028490616913896344,-0.178534178413343,0.18127283962624546
AgTi_registry_holdout_v15_01,17,480813,C,False,4.684369524963583,0.53198137,-0.86404912,0.97281781,0.5310721706279516,-0.8382276848524051,1.0136539087570313,-0.0009091993720483638,0.02582143514759494,0.040836098757031314,0.04832349447498182
AgTi_registry_holdout_v15_01,18,480974,C,False,5.665882932717777,0.60332508,1.5521881,-3.57824374,0.5271024385928504,1.4954002895401484,-3.6138774189256297,-0.07622264140714952,-0.056787810459851595,-0.03563367892562974,0.10151111049378685
AgTi_registry_holdout_v15_01,19,480975,C,True,4.202856667518898,-0.32510546,1.56273739,-1.57108483,-0.3562095955434837,1.413273452867769,-1.7318117927254306,-0.03110413554348368,-0.14946393713223083,-0.16072696272543063,0.2216756466053879
AgTi_registry_holdout_v15_01,20,480980,Ti,True,3.2188820937445066,2.19710288,-2.08264735,-0.2593312,2.255426767887408,-2.1715594133842653,-0.18351345955265574,0.05832388788740772,-0.0889120633842655,0.07581774044734424,0.13059617406375812
AgTi_registry_holdout_v15_01,21,682693,Ag,True,2.9549065764862306,-0.76359315,0.04663562,-0.21065498,-0.7789558666399072,0.3288537446432336,-0.2615721040000039,-0.015362716639907181,0.2822181246432336,-0.05091712400000392,0.28718571770917434
AgTi_registry_holdout_v15_01,22,685396,Ag,False,4.917572941401174,-0.38018054,-0.12529184,-0.18439223,-0.34468965760069153,-0.1580294537092847,-0.17300576281514266,0.03549088239930848,-0.03273761370928471,0.011386467184857335,0.049608524668767605
AgTi_registry_holdout_v15_01,23,685467,Ag,True,2.820732720330378,0.08331782,0.38810594,-0.11992109,0.10781863762522416,0.44035000827739057,-0.13796422166211372,0.02450081762522416,0.05224406827739059,-0.01804313166211373,0.06045897232548297
AgTi_registry_holdout_v15_01,24,686309,Ag,True,2.895749658249791,-0.0832351,-0.12863964,0.3419674,-0.06337377870664905,-0.14320243394496424,0.34892321832964257,0.019861321293350956,-0.014562793944964236,0.0069558183296425935,0.025591609164649944
AgTi_registry_holdout_v15_01,25,686324,Ag,True,2.816620715577418,0.33666254,-0.11433349,0.22542885,0.3429403796184047,-0.12628712340679168,0.22038382091266984,0.006277839618404668,-0.011953633406791689,-0.0050450290873301495,0.01441363730605099
AgTi_registry_holdout_v15_01,26,686418,Ag,True,4.100227577009647,0.05173469,0.08626037,-0.02217267,0.08607268041286387,0.04263668336499486,0.017163934012219315,0.03433799041286387,-0.04362368663500514,0.03933660401221931,0.068040370637124
AgTi_registry_holdout_v15_01,27,686622,Ag,True,3.9555335435419665,-0.3897547,0.19389498,0.17376036,-0.34902499247161317,0.1588360163611809,0.18994239638636637,0.04072970752838684,-0.03505896363881911,0.016182036386366366,0.05612395485339265
AgTi_registry_holdout_v15_01,28,686899,Ag,False,4.963910812163526,-0.12272176,-0.00856028,-0.18112212,-0.09352386871769036,-0.01593549809720643,-0.1649659759859156,0.029197891282309638,-0.00737521809720643,0.016156144014084384,0.03417501553355564
AgTi_registry_holdout_v15_01,29,687243,Ag,False,4.958869133577857,-0.26945366,0.34443881,-0.17763765,-0.25149566863334194,0.3224165091280901,-0.14459595294667515,0.017957991366658044,-0.022022300871909872,0.03304169705332485,0.043580097909270275
AgTi_registry_holdout_v15_01,30,687247,Ag,True,0.0,-0.19460358,0.04977521,-0.09683584,-0.2852559263198542,0.05112033260399942,-0.07713653083503208,-0.0906523463198542,0.0013451226039994171,0.019699309164967926,0.09277779922854153
AgTi_registry_holdout_v15_01,31,688096,Ag,True,2.921578884696014,-0.42951541,0.14271197,-0.22072971,-0.4395802015064439,0.13440793818592298,-0.23764419837386785,-0.010064791506443904,-0.008304031814077018,-0.01691448837386786,0.02136251130806253
AgTi_registry_holdout_v15_01,32,688280,Ag,False,4.9765046872669805,-0.29862762,0.49953284,0.06139232,-0.32125201264370545,0.4583014193462927,0.12041844895771728,-0.02262439264370547,-0.041231420653707274,0.05902612895771728,0.07547169728681463
AgTi_registry_holdout_v15_01,33,688689,Ag,True,4.098857205957061,-0.13683608,-0.11582124,-0.11085747,-0.13682753969344014,-0.13926340279466914,-0.09773441080102307,8.540306559862154e-06,-0.02344216279466914,0.013123059198976925,0.026865400651552903
AgTi_registry_holdout_v15_01,34,688707,Ag,False,4.9760053192631934,-0.09956545,-0.21597,-0.06606587,-0.11937282683838986,-0.2079826912270224,-0.07594703606231556,-0.01980737683838986,0.007987308772977597,-0.009881166062315566,0.023532248541181203
AgTi_registry_holdout_v15_01,35,689682,Ag,True,2.8194133705604436,0.29717378,-0.28828254,-0.01179417,0.31141890747347534,-0.3055001035614527,-0.006173148243229225,0.014245127473475339,-0.01721756356145271,0.005621021756770775,0.023042656906665872
AgTi_registry_holdout_v15_01,36,690927,Ag,True,4.427291797213522,0.03300131,-0.32914718,-0.20722784,0.008255994632727907,-0.32255902171439754,-0.15793586734527468,-0.02474531536727209,0.006588158285602441,0.04929197265472532,0.055546674341638964
AgTi_registry_holdout_v15_01,37,691757,Ag,False,5.81123976217973,0.05377518,-0.32110794,-0.29942611,0.04356887146558404,-0.2909604493296433,-0.30227047087598946,-0.01020630853441596,0.030147490670356658,-0.002844360875989438,0.03195512973548681
AgTi_registry_holdout_v15_01,38,694331,Ag,False,5.039372450400158,-0.07543688,0.26852945,-0.58829605,-0.1455374264825237,0.2680172224677896,-0.5442501960567141,-0.07010054648252372,-0.0005122275322104186,0.04404585394328586,0.08279122081348055
AgTi_registry_holdout_v15_01,39,696686,Ag,False,4.957159925809062,-0.28930861,0.11149138,-0.40806438,-0.2955371740748002,0.13499096989706974,-0.4144297510384439,-0.006228564074800158,0.02349958989706974,-0.006365371038443923,0.0251305329076288
AgTi_registry_holdout_v15_01,40,700223,Ag,False,5.055467974974405,-0.96728571,0.43693447,-0.27172284,-1.0017002006412263,0.4579953323885645,-0.2883931265368099,-0.03441449064122637,0.021060862388564472,-0.016670286536809853,0.04365564733072287
AgTi_registry_holdout_v15_01,41,701905,Ag,False,4.712706520233429,0.19007046,-0.24300965,-0.64139124,0.29090660796070134,-0.12103149919359396,-0.4058044477006034,0.10083614796070134,0.12197815080640603,0.2355867922993966,0.2838093280983235
AgTi_registry_holdout_v15_01,42,703736,Ag,False,4.987858050452797,-0.34471275,-0.65241359,0.08624683,-0.34426680873370286,-0.62682381185497,0.1582210752340623,0.00044594126629715625,0.02558977814502994,0.07197424523406229,0.07638931591615268
AgTi_registry_holdout_v15_01,43,704767,Ag,True,2.920469065462096,-0.13184881,-0.05289407,-0.42649827,-0.17775845418282726,-0.055985781066673124,-0.4327400364103265,-0.04590964418282725,-0.0030917110666731223,-0.006241766410326477,0.046435048769595075
AgTi_registry_holdout_v15_01,44,716228,Ag,True,2.8310294406726544,0.08967388,0.11115737,-0.68830077,0.06714823594118859,0.12162170150321361,-0.715724631347886,-0.02252564405881141,0.010464331503213603,-0.02742386134788599,0.03699966277280767
AgTi_registry_holdout_v15_01,45,720990,Ag,True,2.9031087124829633,-0.21860379,-0.01070949,-0.39551859,-0.2253430352231732,0.0034186430831816134,-0.47467997628449826,-0.006739245223173207,0.014128133083181614,-0.07916138628449826,0.08069415498707265
AgTi_registry_holdout_v15_01,46,721910,Ag,True,3.8811873290255745,-0.36475452,-0.4291065,1.22746671,-0.3567341117584602,-0.3354765985191619,1.274108041661898,0.008020408241539823,0.0936299014808381,0.04664133166189788,0.10491091086663754
AgTi_registry_holdout_v15_01,47,728014,Ag,False,4.991197998768104,-0.26056978,0.35658523,0.54094968,-0.27485006221901415,0.33667224782115396,0.4856520040904767,-0.014280282219014173,-0.019912982178846017,-0.05529767590952328,0.0604837687359543
AgTi_registry_holdout_v15_01,48,741114,Ag,False,5.066627214756492,-0.16245281,0.6317072,0.38802824,-0.22336519797202348,0.5391847432974111,0.33670752448228924,-0.060912387972023474,-0.09252245670258896,-0.05132071551771078,0.12208415066660602
