group,center_species,frame_count,center_atom_count,neighbor_species,first_shell_cutoff_A,coordination_histogram,Ti_C_periodic_pair_count_le2p5A,nearest_opposite_species_A,Ti_C_pair_distance_min_image_A_le4
all_train,Ti,30,461,C,2.5,"{""0"": 62, ""1"": 120, ""2"": 123, ""3"": 105, ""4"": 47, ""6"": 4}",893,"{""count"": 461, ""max"": 5.356173550956828, ""median"": 2.0816395529739204, ""min"": 1.7413001819076432, ""p10"": 1.8813375501203808, ""p90"": 3.9129141688106115}","{""count"": 1407, ""max"": 3.998725235181209, ""median"": 2.2267356099738356, ""min"": 1.7413001819076432, ""p10"": 1.9750226000597968, ""p90"": 3.745764902519619}"
all_train,C,30,371,Ti,2.5,"{""0"": 74, ""1"": 44, ""2"": 66, ""3"": 91, ""4"": 44, ""5"": 44, ""6"": 8}",893,"{""count"": 371, ""max"": 6.417547776010415, ""median"": 2.0650161690642976, ""min"": 1.7413001819076432, ""p10"": 1.8721725260232214, ""p90"": 4.495494431319918}","{""count"": 1407, ""max"": 3.998725235181209, ""median"": 2.2267356099738356, ""min"": 1.7413001819076432, ""p10"": 1.9750226000597968, ""p90"": 3.745764902519619}"
Ag-Si,Ti,12,156,C,2.5,"{""0"": 12, ""1"": 72, ""2"": 36, ""3"": 36}",252,"{""count"": 156, ""max"": 3.9477542138084853, ""median"": 2.0980759440508976, ""min"": 1.871930863866463, ""p10"": 1.9955867451163432, ""p90"": 2.2104454590116847}","{""count"": 373, ""max"": 3.998725235181209, ""median"": 2.1485774449522532, ""min"": 1.871930863866463, ""p10"": 2.0509536460556195, ""p90"": 3.606866352399728}"
Ag-Si,C,12,156,Ti,2.5,"{""0"": 60, ""1"": 12, ""2"": 36, ""3"": 24, ""4"": 24}",252,"{""count"": 156, ""max"": 6.417547776010415, ""median"": 2.1204972458050793, ""min"": 1.871930863866463, ""p10"": 2.0198034766838666, ""p90"": 5.638576223539311}","{""count"": 373, ""max"": 3.998725235181209, ""median"": 2.1485774449522532, ""min"": 1.871930863866463, ""p10"": 2.0509536460556195, ""p90"": 3.606866352399728}"
Ag-C,Ti,10,230,C,2.5,"{""0"": 50, ""1"": 40, ""2"": 60, ""3"": 40, ""4"": 40}",440,"{""count"": 230, ""max"": 5.356173550956828, ""median"": 2.0538210777955115, ""min"": 1.7413001819076432, ""p10"": 1.8394825111733717, ""p90"": 4.014005632893861}","{""count"": 756, ""max"": 3.9981839908387458, ""median"": 2.291341664844662, ""min"": 1.7413001819076432, ""p10"": 1.9376557312716172, ""p90"": 3.8163580546353}"
Ag-C,C,10,130,Ti,2.5,"{""1"": 10, ""2"": 10, ""3"": 60, ""4"": 20, ""5"": 30}",440,"{""count"": 130, ""max"": 2.262622189915519, ""median"": 1.998679377909635, ""min"": 1.7413001819076432, ""p10"": 1.8280959656007036, ""p90"": 2.084737648386758}","{""count"": 756, ""max"": 3.9981839908387458, ""median"": 2.291341664844662, ""min"": 1.7413001819076432, ""p10"": 1.9376557312716172, ""p90"": 3.8163580546353}"
Ag-Ti,Ti,7,63,C,2.5,"{""1"": 8, ""2"": 27, ""3"": 21, ""4"": 7}",153,"{""count"": 63, ""max"": 2.2403726640575146, ""median"": 2.054125650490209, ""min"": 1.857036530048009, ""p10"": 1.8875207872279292, ""p90"": 2.22620982023319}","{""count"": 238, ""max"": 3.8966329952475594, ""median"": 2.269751559053776, ""min"": 1.857036530048009, ""p10"": 1.9724909791647518, ""p90"": 3.7097053149694172}"
Ag-Ti,C,7,77,Ti,2.5,"{""0"": 14, ""1"": 22, ""2"": 20, ""3"": 7, ""5"": 14}",153,"{""count"": 77, ""max"": 4.284241456224175, ""median"": 2.054125650490209, ""min"": 1.857036530048009, ""p10"": 1.9470776332437252, ""p90"": 2.5885202587139124}","{""count"": 238, ""max"": 3.8966329952475594, ""median"": 2.269751559053776, ""min"": 1.857036530048009, ""p10"": 1.9724909791647518, ""p90"": 3.7097053149694172}"
Ti-gap,Ti,1,12,C,2.5,"{""3"": 8, ""6"": 4}",48,"{""count"": 12, ""max"": 2.1947599998228853, ""median"": 2.0816428221002807, ""min"": 2.0816392229288345, ""p10"": 2.081639255933343, ""p90"": 2.1947599926980335}","{""count"": 40, ""max"": 3.671477824983008, ""median"": 2.194761891074168, ""min"": 2.0816392229288345, ""p10"": 2.081642323090148, ""p90"": 3.671472063098315}"
Ti-gap,C,1,8,Ti,2.5,"{""6"": 8}",48,"{""count"": 8, ""max"": 2.081643020647243, ""median"": 2.0816410919273807, ""min"": 2.0816392229288345, ""p10"": 2.0816392229288345, ""p90"": 2.0816430140206688}","{""count"": 40, ""max"": 3.671477824983008, ""median"": 2.194761891074168, ""min"": 2.0816392229288345, ""p10"": 2.081642323090148, ""p90"": 3.671472063098315}"
