group,species,component,atom_samples,frame_count,mean_eV_A,RMS_eV_A,median_abs_eV_A,p95_abs_eV_A,max_abs_eV_A,positive_count,negative_count,abs_Fz_gt_0p1_count,abs_Fz_gt_0p5_count,vector_RMS_eV_A
all_train,Ag,x,430,30,-0.05758600223486954,0.49799422046690656,0.27672915,1.0527380894999994,2.60607696,160,270,,,1.062299811516009
all_train,Ag,y,430,30,-0.16400289568557933,0.6047969603802982,0.24430259,1.14191372,3.71176744,149,281,,,1.062299811516009
all_train,Ag,z,430,30,0.07865700598331807,0.7174282421561463,0.23747657500000002,1.5102266165,5.33707029,224,206,320,98,1.062299811516009
all_train,Ti,x,461,30,0.0902682161865862,1.7081025574392124,0.93299452,4.04258481,5.1775084659260555,244,217,,,2.7717125586183524
all_train,Ti,y,461,30,0.2233589465550865,1.6399793603946835,0.91333022,3.40065099,4.79883632,252,209,,,2.7717125586183524
all_train,Ti,z,461,30,-0.2917568784143027,1.4405706710716284,0.96227522,2.93527235,5.64657662,191,270,408,304,2.7717125586183524
all_train,Si,x,205,30,-0.007329858872444643,0.6373885543746415,0.46848666,1.278601923999999,2.05379114,98,107,,,1.3775844357249416
all_train,Si,y,205,30,-0.09800999854907853,0.8748303881135628,0.58562132,1.7221207079999998,2.48161116,106,99,,,1.3775844357249416
all_train,Si,z,205,30,0.014436783673116299,0.852142300520801,0.55349494,1.5186473359999983,1.56779371,97,108,192,117,1.3775844357249416
all_train,C,x,371,30,-0.04091704934494597,1.7690719186833825,1.21008866,3.91799111,5.25669559,192,179,,,2.718242442495695
all_train,C,y,371,30,-0.03335115006866639,1.4169361341521258,0.83140532,2.6881419749999997,4.46102356,232,139,,,2.718242442495695
all_train,C,z,371,30,0.26365625507657103,1.5005060861072452,0.96193533,3.02548147,4.01441177,229,142,354,271,2.718242442495695
Ag-Si,Ag,x,204,12,-0.07859953754901959,0.5261041939662284,0.31601568999999996,1.088724538,2.60607696,73,131,,,0.9857500117536527
Ag-Si,Ag,y,204,12,-0.1702333254901961,0.5198751635445354,0.27381597999999996,1.1088932965,3.62802858,51,153,,,0.9857500117536527
Ag-Si,Ag,z,204,12,0.11483062774509804,0.6516496582466794,0.28035984,1.5803101244999995,2.2138227,135,69,146,52,0.9857500117536527
Ag-Si,Ti,x,156,12,-0.15036539756410255,1.60821641190694,0.905879765,4.0452674175,4.43273762,87,69,,,2.615918163990971
Ag-Si,Ti,y,156,12,-0.18997611833333336,1.3267542233965914,0.7833065800000001,2.49579029,2.81230366,77,79,,,2.615918163990971
Ag-Si,Ti,z,156,12,-0.25953540532051284,1.5799971657792204,0.959851135,2.9607474000000003,3.196474,70,86,144,106,2.615918163990971
Ag-Si,Si,x,96,12,-0.019077941979166717,0.5883301024175598,0.32453895499999996,0.95026246,2.05379114,36,60,,,1.222160399415308
Ag-Si,Si,y,96,12,0.03980164927083333,0.7876489868215596,0.46415857,1.5582609674999999,2.48161116,63,33,,,1.222160399415308
Ag-Si,Si,z,96,12,-0.15288412635416668,0.7260528947998895,0.51850179,1.34120477,1.5410322,36,60,90,54,1.222160399415308
Ag-Si,C,x,156,12,0.2645949742307692,1.3776523611627967,1.33367003,2.2475171225,2.34031413,97,59,,,2.1002030874441693
Ag-Si,C,y,156,12,0.38806563653846154,0.9093578826092882,0.706435915,1.81907993,2.04387182,118,38,,,2.1002030874441693
Ag-Si,C,z,156,12,0.20368776012820516,1.2984587870352078,0.945753765,2.79826337,2.86221966,86,70,142,103,2.1002030874441693
Ag-C,Ag,x,20,10,0.6361218195000001,0.9195683309745954,0.480089895,1.5655014175,1.56758757,16,4,,,2.845144619551483
Ag-C,Ag,y,20,10,-1.2108056264999998,1.4486682271351283,1.1071743,1.9626569280000012,3.71176744,1,19,,,2.845144619551483
Ag-C,Ag,z,20,10,1.5258171739999997,2.2694938551405057,0.83578974,4.198247169000001,5.33707029,19,1,14,10,2.845144619551483
Ag-C,Ti,x,230,10,0.052096789739130435,1.5845705948051825,0.9953185200000001,3.5125788129999993,3.96090805,109,121,,,2.77500311817743
Ag-C,Ti,y,230,10,0.623382562,1.9065186380645747,1.21173452,3.619170835,4.79883632,145,85,,,2.77500311817743
Ag-C,Ti,z,230,10,-0.4273296766521739,1.2469823650259086,0.913676555,1.9671390224999996,5.64657662,86,144,207,153,2.77500311817743
Ag-C,Si,x,100,10,0.06878258170000001,0.6624689828609521,0.52101855,1.3032568495,1.33339889,60,40,,,1.4905190382521165
Ag-C,Si,y,100,10,-0.17972263380000006,0.960396649446083,0.831401345,1.743235366,1.74874317,41,59,,,1.4905190382521165
Ag-C,Si,z,100,10,0.08394879539999998,0.9275883385812518,0.6677135000000001,1.5600416445,1.56779371,54,46,95,56,1.4905190382521165
Ag-C,C,x,130,10,-0.24151219015384615,2.0434364425601697,1.12806282,5.0810931285,5.25669559,55,75,,,3.1871646416106536
Ag-C,C,y,130,10,-0.7781965350000001,1.8774650971342226,1.003581455,4.370314277,4.46102356,59,71,,,3.1871646416106536
Ag-C,C,z,130,10,0.4570532876153846,1.567644974792759,1.0542288800000001,3.166785053,4.01441177,97,33,127,103,3.1871646416106536
Ag-Ti,Ag,x,196,7,-0.1421774106122449,0.3163312792586667,0.237291545,0.5608469175,1.0308852,65,131,,,0.7536105248462552
Ag-Ti,Ag,y,196,7,-0.059068959438775506,0.5540998201235724,0.211807015,0.6472022975,3.36432071,94,102,,,0.7536105248462552
Ag-Ti,Ag,z,196,7,-0.1004797592857143,0.4010445539595925,0.229265105,0.8917253825,1.249722,68,128,154,36,0.7536105248462552
Ag-Ti,Ti,x,63,7,0.9366718609523809,1.7890150370086704,0.8917187,4.259914412,4.30194977,42,21,,,2.8081503536119756
Ag-Ti,Ti,y,63,7,-0.171006123968254,1.4324147248471133,0.81884435,3.423721775999998,4.24842045,21,42,,,2.8081503536119756
Ag-Ti,Ti,z,63,7,0.059768906507936495,1.622751263098907,1.16676761,4.012162954,4.04660507,29,34,47,37,2.8081503536119756
Ag-Ti,Si,x,7,7,-0.9362988042857142,0.9387626085169638,0.91415725,1.0473686119999999,1.06460669,0,7,,,1.8314262498222995
Ag-Ti,Si,y,7,7,-0.8486915485714285,0.8534452249164024,0.90892283,0.919488068,0.92181047,0,7,,,1.8314262498222995
Ag-Ti,Si,z,7,7,1.3206108457142858,1.3207869326488622,1.30809709,1.356698388,1.36753305,7,0,7,7,1.8314262498222995
Ag-Ti,C,x,77,7,-0.31896563636363634,1.835661320542591,0.95474723,3.927819892,4.37039355,36,41,,,2.894542149592499
Ag-Ti,C,y,77,7,0.36693378220779216,1.4307592294002014,1.15352846,2.35469195,2.69918283,50,27,,,2.894542149592499
Ag-Ti,C,z,77,7,0.08707125415584417,1.7209444498639512,0.90258246,3.628793738,3.73435267,42,35,77,57,2.894542149592499
Ti-gap,Ag,x,10,1,0.6416660789006092,1.1683332419031984,0.03088253686188038,2.522513954800107,2.5225175102885027,6,4,,,1.1750891696209496
Ti-gap,Ag,y,10,1,-1.8164799111569683e-06,3.3969828800629964e-06,3.2496196950647635e-06,5.379933107519391e-06,5.784776475200658e-06,3,7,,,1.1750891696209496
Ti-gap,Ag,z,10,1,-0.04252461471732318,0.12582524553076033,0.1247178096951016,0.19533499612611796,0.19533687677237027,2,8,6,0,1.1750891696209496
Ti-gap,Ti,x,12,1,-0.49349493316531373,3.6789165513335758,3.4482289204121006,5.177503903274958,5.1775084659260555,6,6,,,4.144497564696554
Ti-gap,Ti,y,12,1,1.2114324573343227e-05,2.143395880537932e-05,1.1951218564675715e-05,3.9903158351159876e-05,4.1135178326803755e-05,9,3,,,4.144497564696554
Ti-gap,Ti,z,12,1,0.042332233417206044,1.908515934342735,2.281998020944556,2.4431350905789544,2.4431459916125036,6,6,10,8,4.144497564696554
Ti-gap,Si,x,2,1,0.0023474105744237454,0.0023474502725735,0.0023474105744237454,0.0023596973805211107,0.002361062581198596,2,0,,,0.002718161877650124
Ti-gap,Si,y,2,1,4.80937194486384e-05,4.809731057794712e-05,4.80937194486384e-05,4.8622682477594386e-05,4.868145614747838e-05,2,0,,,0.002718161877650124
Ti-gap,Si,z,2,1,-0.0013693385055798214,0.0013695137310812983,0.0013693385055798214,0.001389054807790896,0.001391245508036571,0,2,0,0,0.002718161877650124
Ti-gap,C,x,8,1,-0.06251282087186971,2.7998974817728497,2.8602216822514865,2.8642732310361203,2.86427460239167,4,4,,,3.3070018008696795
Ti-gap,C,y,8,1,1.654306559601081e-05,2.9877251578695158e-05,1.6510490945207552e-05,5.4197539961810103e-05,5.7104622456177714e-05,5,3,,,3.3070018008696795
Ti-gap,C,z,8,1,-0.010029238324020195,1.7597826574962914,1.7573925893600486,1.881376560187706,1.881381060698332,4,4,8,8,3.3070018008696795
