frame_index,config_type,interface_family,geometry_series,formula,atom_count,species_counts,contains_Ag_Ti_Si_C,exact_pure_Ti3SiC2_formula,Ti_per_3Si_relative_error,C_per_2Si_relative_error,pbc,cell_lengths_A,cell_angles_deg,cell_class,dataset_role,proposal_role,proposal_provenance,geometry_family_metadata,REF_forces_present,PW_PBE_forces_present,REF_forces_vector_RMS_eV_A,Ti_C_nearest_per_Ti_A,C_Ti_nearest_per_C_A,Ti_C_first_shell_Ti_coordination_hist,Ti_C_first_shell_C_coordination_hist,Ti_C_periodic_pair_count_le2p5A
0,AgSi_d2p2_periodic_PW_PBE_energy_force,Ag-Si,contact-distance scan,C13Ag17Si8Ti13,51,"{""Ag"": 17, ""C"": 13, ""Si"": 8, ""Ti"": 13}",True,False,-0.45833333333333337,-0.1875,"[true, true, true]","[28.0, 28.0, 28.0]","[90.0, 90.0, 90.0]",large approximately cubic 28A box,,train,directly_archive_verified,,True,True,1.952277137336578,"{""count"": 13, ""max"": 3.93257705464572, ""median"": 2.1105580431835307, ""min"": 1.8813375501203808, ""p10"": 2.0056526393017253, ""p90"": 2.2089108124026082}","{""count"": 13, ""max"": 6.409838928447809, ""median"": 2.1311530090532975, ""min"": 1.8813375501203808, ""p10"": 2.0148338298542754, ""p90"": 5.589075946040474}","{""0"": 1, ""1"": 6, ""2"": 3, ""3"": 3}","{""0"": 5, ""1"": 1, ""2"": 3, ""3"": 2, ""4"": 2}",21
1,AgSi_d2p8_periodic_PW_PBE_energy_force,Ag-Si,contact-distance scan,C13Ag17Si8Ti13,51,"{""Ag"": 17, ""C"": 13, ""Si"": 8, ""Ti"": 13}",True,False,-0.45833333333333337,-0.1875,"[true, true, true]","[28.0, 28.0, 28.0]","[90.0, 90.0, 90.0]",large approximately cubic 28A box,,train,directly_archive_verified,,True,True,1.8354018960620428,"{""count"": 13, ""max"": 3.93257705464572, ""median"": 2.1105580431835307, ""min"": 1.8813375501203808, ""p10"": 2.0056526393017253, ""p90"": 2.2089108124026082}","{""count"": 13, ""max"": 6.409838928447809, ""median"": 2.1311530090532975, ""min"": 1.8813375501203808, ""p10"": 2.0148338298542754, ""p90"": 5.589075946040474}","{""0"": 1, ""1"": 6, ""2"": 3, ""3"": 3}","{""0"": 5, ""1"": 1, ""2"": 3, ""3"": 2, ""4"": 2}",21
2,AgC_d2p0_periodic_PW_PBE_energy_force,Ag-C,contact-distance scan,C13Ag2Si10Ti23,48,"{""Ag"": 2, ""C"": 13, ""Si"": 10, ""Ti"": 23}",True,False,-0.23333333333333328,-0.35,"[true, true, true]","[28.0, 28.0, 28.0]","[90.0, 90.0, 90.0]",large approximately cubic 28A box,,train,directly_archive_verified,,True,True,2.585255926350078,"{""count"": 23, ""max"": 5.305143880873431, ""median"": 2.0454096736678795, ""min"": 1.7659618329165567, ""p10"": 1.8460947258410547, ""p90"": 4.00106769791611}","{""count"": 13, ""max"": 2.262622189915519, ""median"": 2.0024735084377503, ""min"": 1.7659618329165567, ""p10"": 1.8403472991680667, ""p90"": 2.0622848334179724}","{""0"": 5, ""1"": 4, ""2"": 6, ""3"": 4, ""4"": 4}","{""1"": 1, ""2"": 1, ""3"": 6, ""4"": 2, ""5"": 3}",44
3,AgC_d2p4_periodic_PW_PBE_energy_force,Ag-C,contact-distance scan,C13Ag2Si10Ti23,48,"{""Ag"": 2, ""C"": 13, ""Si"": 10, ""Ti"": 23}",True,False,-0.23333333333333328,-0.35,"[true, true, true]","[28.0, 28.0, 28.0]","[90.0, 90.0, 90.0]",large approximately cubic 28A box,,train,directly_archive_verified,,True,True,2.621795270360033,"{""count"": 23, ""max"": 5.305143880873431, ""median"": 2.039627449028245, ""min"": 1.7659618329165567, ""p10"": 1.8460947258410547, ""p90"": 4.00106769791611}","{""count"": 13, ""max"": 2.262622189915519, ""median"": 1.9820525651532264, ""min"": 1.7659618329165567, ""p10"": 1.8403472991680667, ""p90"": 2.0622848334179724}","{""0"": 5, ""1"": 4, ""2"": 6, ""3"": 4, ""4"": 4}","{""1"": 1, ""2"": 1, ""3"": 6, ""4"": 2, ""5"": 3}",44
4,AgC_validation_d2p30_periodic_PW_PBE_energy_force,Ag-C,validation-derived frame in train.extxyz,C13Ag2Si10Ti23,48,"{""Ag"": 2, ""C"": 13, ""Si"": 10, ""Ti"": 23}",True,False,-0.23333333333333328,-0.35,"[true, true, true]","[28.0, 28.0, 28.0]","[90.0, 90.0, 90.0]",large approximately cubic 28A box,,train,directly_archive_verified,,True,False,2.606528078209164,"{""count"": 23, ""max"": 5.305143880873431, ""median"": 2.0454096736678795, ""min"": 1.7659618329165567, ""p10"": 1.8460947258410547, ""p90"": 4.00106769791611}","{""count"": 13, ""max"": 2.262622189915519, ""median"": 1.9820525651532264, ""min"": 1.7659618329165567, ""p10"": 1.8403472991680667, ""p90"": 2.0622848334179724}","{""0"": 5, ""1"": 4, ""2"": 6, ""3"": 4, ""4"": 4}","{""1"": 1, ""2"": 1, ""3"": 6, ""4"": 2, ""5"": 3}",44
5,AgSi_validation_d2p60_periodic_PW_PBE_energy_force,Ag-Si,validation-derived frame in train.extxyz,C13Ag17Si8Ti13,51,"{""Ag"": 17, ""C"": 13, ""Si"": 8, ""Ti"": 13}",True,False,-0.45833333333333337,-0.1875,"[true, true, true]","[28.0, 28.0, 28.0]","[90.0, 90.0, 90.0]",large approximately cubic 28A box,,train,directly_archive_verified,,True,False,1.8237576320946618,"{""count"": 13, ""max"": 3.93257705464572, ""median"": 2.1105580431835307, ""min"": 1.8813375501203808, ""p10"": 2.0056526393017253, ""p90"": 2.2089108124026082}","{""count"": 13, ""max"": 6.409838928447809, ""median"": 2.1311530090532975, ""min"": 1.8813375501203808, ""p10"": 2.0148338298542754, ""p90"": 5.589075946040474}","{""0"": 1, ""1"": 6, ""2"": 3, ""3"": 3}","{""0"": 5, ""1"": 1, ""2"": 3, ""3"": 2, ""4"": 2}",21
6,AgTi_validation_d2p60_periodic_PW_PBE_energy_force,Ag-Ti,validation-derived frame in train.extxyz,C11Ag28SiTi9,49,"{""Ag"": 28, ""C"": 11, ""Si"": 1, ""Ti"": 9}",True,False,2.0,4.5,"[true, true, true]","[28.0, 28.0, 28.0]","[90.0, 90.0, 90.0]",large approximately cubic 28A box,,train,directly_archive_verified,,True,False,1.8698168241245836,"{""count"": 9, ""max"": 2.2403726640575146, ""median"": 2.094756793409034, ""min"": 1.872877237145789, ""p10"": 1.9314514374743503, ""p90"": 2.2278436423579344}","{""count"": 11, ""max"": 4.2733650242398165, ""median"": 2.0418185589839446, ""min"": 1.872877237145789, ""p10"": 1.9460949875564906, ""p90"": 2.579470105193124}","{""1"": 1, ""2"": 4, ""3"": 3, ""4"": 1}","{""0"": 2, ""1"": 3, ""2"": 3, ""3"": 1, ""5"": 2}",22
7,AgC_lateral_registry_holdout_v13_periodic_PW_PBE_energy_force_v14_train,Ag-C,lateral registry,C13Ag2Si10Ti23,48,"{""Ag"": 2, ""C"": 13, ""Si"": 10, ""Ti"": 23}",True,False,-0.23333333333333328,-0.35,"[true, true, true]","[28.0, 28.0, 28.0]","[90.0, 90.0, 90.0]",large approximately cubic 28A box,,train,directly_archive_verified,,True,False,2.6033759601267983,"{""count"": 23, ""max"": 5.313833240585829, ""median"": 2.04181437931035, ""min"": 1.7822561132966561, ""p10"": 1.8638540032273925, ""p90"": 3.99880978146824}","{""count"": 13, ""max"": 2.256643919348741, ""median"": 1.9766855117880542, ""min"": 1.7822561132966561, ""p10"": 1.8333258420638252, ""p90"": 2.090807588172119}","{""0"": 5, ""1"": 4, ""2"": 6, ""3"": 4, ""4"": 4}","{""1"": 1, ""2"": 1, ""3"": 6, ""4"": 2, ""5"": 3}",44
8,AgSi_lateral_registry_holdout_v13_periodic_PW_PBE_energy_force_v14_train,Ag-Si,lateral registry,C13Ag17Si8Ti13,51,"{""Ag"": 17, ""C"": 13, ""Si"": 8, ""Ti"": 13}",True,False,-0.45833333333333337,-0.1875,"[true, true, true]","[28.0, 28.0, 28.0]","[90.0, 90.0, 90.0]",large approximately cubic 28A box,,train,directly_archive_verified,,True,False,1.8362780021119376,"{""count"": 13, ""max"": 3.93257705464572, ""median"": 2.0995101669122382, ""min"": 1.8813375501203808, ""p10"": 2.007367131034047, ""p90"": 2.2038005473163063}","{""count"": 13, ""max"": 6.417547776010415, ""median"": 2.1311530090532975, ""min"": 1.8813375501203808, ""p10"": 2.0251909954080163, ""p90"": 5.605270128974328}","{""0"": 1, ""1"": 6, ""2"": 3, ""3"": 3}","{""0"": 5, ""1"": 1, ""2"": 3, ""3"": 2, ""4"": 2}",21
9,AgTi_registry_probe_v13_01_periodic_PW_PBE_energy_force_v14_train,Ag-Ti,registry probe,C11Ag28SiTi9,49,"{""Ag"": 28, ""C"": 11, ""Si"": 1, ""Ti"": 9}",True,False,2.0,4.5,"[true, true, true]","[28.0, 28.0, 28.0]","[90.0, 90.0, 90.0]",large approximately cubic 28A box,acquisition,train,directly_archive_verified,AgTi_existing_cluster_motif,True,False,1.9578985032010918,"{""count"": 9, ""max"": 2.238556587310506, ""median"": 2.054125650490209, ""min"": 1.8721725260232214, ""p10"": 1.9334987324029524, ""p90"": 2.2255815906726393}","{""count"": 11, ""max"": 4.284241456224175, ""median"": 2.054125650490209, ""min"": 1.8721725260232214, ""p10"": 1.9646561542639767, ""p90"": 2.5885202587139124}","{""1"": 1, ""2"": 4, ""3"": 3, ""4"": 1}","{""0"": 2, ""1"": 3, ""2"": 3, ""3"": 1, ""5"": 2}",22
10,AgC_registry_strain_acq_v14_01_periodic_PW_PBE_energy_force_v14_train,Ag-C,registry strain,C13Ag2Si10Ti23,48,"{""Ag"": 2, ""C"": 13, ""Si"": 10, ""Ti"": 23}",True,False,-0.23333333333333328,-0.35,"[true, true, true]","[28.139999999999997, 28.139999999999997, 28.139999999999997]","[90.0, 90.0, 90.0]",large approximately cubic 28A box,acquisition,train,directly_archive_verified,AgC_existing_cluster_motif,True,False,2.760217550988541,"{""count"": 23, ""max"": 5.345577167514118, ""median"": 2.062232481923144, ""min"": 1.7413001819076432, ""p10"": 1.852730367027917, ""p90"": 3.999864534473858}","{""count"": 13, ""max"": 2.259482628751516, ""median"": 2.0009014137269854, ""min"": 1.7413001819076432, ""p10"": 1.8417381999276157, ""p90"": 2.0802366150940355}","{""0"": 5, ""1"": 4, ""2"": 6, ""3"": 4, ""4"": 4}","{""1"": 1, ""2"": 1, ""3"": 6, ""4"": 2, ""5"": 3}",44
11,AgSi_registry_strain_acq_v14_01_periodic_PW_PBE_energy_force_v14_train,Ag-Si,registry strain,C13Ag17Si8Ti13,51,"{""Ag"": 17, ""C"": 13, ""Si"": 8, ""Ti"": 13}",True,False,-0.45833333333333337,-0.1875,"[true, true, true]","[27.86, 27.86, 27.86]","[90.0, 90.0, 90.0]",large approximately cubic 28A box,acquisition,train,directly_archive_verified,AgSi_existing_cluster_motif,True,False,1.833936698459677,"{""count"": 13, ""max"": 3.9129141688106115, ""median"": 2.0980759440508976, ""min"": 1.871930863866463, ""p10"": 2.0015155198735113, ""p90"": 2.192781539813687}","{""count"": 13, ""max"": 6.3694525940679805, ""median"": 2.1204972458050793, ""min"": 1.871930863866463, ""p10"": 2.0305801990384835, ""p90"": 5.607786795229308}","{""0"": 1, ""1"": 6, ""2"": 3, ""3"": 3}","{""0"": 5, ""1"": 1, ""2"": 3, ""3"": 2, ""4"": 2}",21
12,AgC_residual_shell_v15_01_periodic_PW_PBE_energy_force_v15_draft_train,Ag-C,targeted residual shell,C13Ag2Si10Ti23,48,"{""Ag"": 2, ""C"": 13, ""Si"": 10, ""Ti"": 23}",True,False,-0.23333333333333328,-0.35,"[true, true, true]","[28.139999999999997, 28.139999999999997, 28.139999999999997]","[90.0, 90.0, 90.0]",large approximately cubic 28A box,v15_training_acquisition,train,directly_archive_verified,AgC_residual_targeted_local_perturbation,True,False,2.6043439289738948,"{""count"": 23, ""max"": 5.356173550956828, ""median"": 2.065992072469593, ""min"": 1.810180103519704, ""p10"": 1.8575077153926665, ""p90"": 4.032834677086605}","{""count"": 13, ""max"": 2.2522879767317363, ""median"": 1.9980775789137455, ""min"": 1.810180103519704, ""p10"": 1.8550408978657595, ""p90"": 2.0667805072184287}","{""0"": 5, ""1"": 4, ""2"": 6, ""3"": 4, ""4"": 4}","{""1"": 1, ""2"": 1, ""3"": 6, ""4"": 2, ""5"": 3}",44
13,AgSi_residual_shell_v15_01_periodic_PW_PBE_energy_force_v15_draft_train,Ag-Si,targeted residual shell,C13Ag17Si8Ti13,51,"{""Ag"": 17, ""C"": 13, ""Si"": 8, ""Ti"": 13}",True,False,-0.45833333333333337,-0.1875,"[true, true, true]","[27.86, 27.86, 27.86]","[90.0, 90.0, 90.0]",large approximately cubic 28A box,v15_training_acquisition,train,directly_archive_verified,AgSi_residual_targeted_local_perturbation,True,False,1.9204251857691257,"{""count"": 13, ""max"": 3.9477542138084853, ""median"": 2.0741139728397693, ""min"": 1.871930863866463, ""p10"": 2.0089336690624795, ""p90"": 2.1796451465468922}","{""count"": 13, ""max"": 6.393929568275795, ""median"": 2.094203033238506, ""min"": 1.871930863866463, ""p10"": 2.0531105710333484, ""p90"": 5.573428841952043}","{""0"": 1, ""1"": 6, ""2"": 3, ""3"": 3}","{""0"": 5, ""1"": 1, ""2"": 3, ""3"": 2, ""4"": 2}",21
14,AgTi_residual_shell_v15_01_periodic_PW_PBE_energy_force_v15_draft_train,Ag-Ti,targeted residual shell,C11Ag28SiTi9,49,"{""Ag"": 28, ""C"": 11, ""Si"": 1, ""Ti"": 9}",True,False,2.0,4.5,"[true, true, true]","[28.0, 28.0, 28.0]","[90.0, 90.0, 90.0]",large approximately cubic 28A box,v15_training_acquisition,train,directly_archive_verified,AgTi_residual_targeted_local_perturbation,True,False,2.0358795868264576,"{""count"": 9, ""max"": 2.226584428558228, ""median"": 2.05021842258184, ""min"": 1.857036530048009, ""p10"": 1.9515046431556329, ""p90"": 2.2160988288007015}","{""count"": 11, ""max"": 4.2510200708837536, ""median"": 2.104545150467565, ""min"": 1.857036530048009, ""p10"": 1.9822289430009856, ""p90"": 2.5556192253289964}","{""1"": 2, ""2"": 3, ""3"": 3, ""4"": 1}","{""0"": 2, ""1"": 4, ""2"": 2, ""3"": 1, ""5"": 2}",21
15,AgC_widespan_registry_acq_v16_01_PW_PBE_v16_train,Ag-C,wide-span registry,C13Ag2Si10Ti23,48,"{""Ag"": 2, ""C"": 13, ""Si"": 10, ""Ti"": 23}",True,False,-0.23333333333333328,-0.35,"[true, true, true]","[28.139999999999997, 28.139999999999997, 28.139999999999997]","[90.0, 90.0, 90.0]",large approximately cubic 28A box,training_acquisition,train,directly_archive_verified,,True,False,2.6140087561514975,"{""count"": 23, ""max"": 5.345577167514118, ""median"": 2.062232481923144, ""min"": 1.7413001819076432, ""p10"": 1.852730367027917, ""p90"": 3.999864534473858}","{""count"": 13, ""max"": 2.259482628751516, ""median"": 2.0009014137269854, ""min"": 1.7413001819076432, ""p10"": 1.8417381999276157, ""p90"": 2.0802366150940355}","{""0"": 5, ""1"": 4, ""2"": 6, ""3"": 4, ""4"": 4}","{""1"": 1, ""2"": 1, ""3"": 6, ""4"": 2, ""5"": 3}",44
16,AgSi_widespan_registry_acq_v16_01_PW_PBE_v16_train,Ag-Si,wide-span registry,C13Ag17Si8Ti13,51,"{""Ag"": 17, ""C"": 13, ""Si"": 8, ""Ti"": 13}",True,False,-0.45833333333333337,-0.1875,"[true, true, true]","[27.86, 27.86, 27.86]","[90.0, 90.0, 90.0]",large approximately cubic 28A box,training_acquisition,train,directly_archive_verified,,True,False,1.8852576426155647,"{""count"": 13, ""max"": 3.9129141688106115, ""median"": 2.0980759440508976, ""min"": 1.871930863866463, ""p10"": 2.0015155198735113, ""p90"": 2.192781539813687}","{""count"": 13, ""max"": 6.3694525940679805, ""median"": 2.1204972458050793, ""min"": 1.871930863866463, ""p10"": 2.0305801990384835, ""p90"": 5.607786795229308}","{""0"": 1, ""1"": 6, ""2"": 3, ""3"": 3}","{""0"": 5, ""1"": 1, ""2"": 3, ""3"": 2, ""4"": 2}",21
17,AgTi_widespan_registry_acq_v16_01_PW_PBE_v16_train,Ag-Ti,wide-span registry,C11Ag28SiTi9,49,"{""Ag"": 28, ""C"": 11, ""Si"": 1, ""Ti"": 9}",True,False,2.0,4.5,"[true, true, true]","[28.0, 28.0, 28.0]","[90.0, 90.0, 90.0]",large approximately cubic 28A box,training_acquisition,train,directly_archive_verified,,True,False,1.8408577134700785,"{""count"": 9, ""max"": 2.238556587310506, ""median"": 2.054125650490209, ""min"": 1.8721725260232214, ""p10"": 1.9334987324029524, ""p90"": 2.2255815906726393}","{""count"": 11, ""max"": 4.284241456224175, ""median"": 2.054125650490209, ""min"": 1.8721725260232214, ""p10"": 1.9646561542639767, ""p90"": 2.5885202587139124}","{""1"": 1, ""2"": 4, ""3"": 3, ""4"": 1}","{""0"": 2, ""1"": 3, ""2"": 3, ""3"": 1, ""5"": 2}",22
18,AgC_widespan_distance_acq_v16_01_PW_PBE_v16_train,Ag-C,wide-span distance,C13Ag2Si10Ti23,48,"{""Ag"": 2, ""C"": 13, ""Si"": 10, ""Ti"": 23}",True,False,-0.23333333333333328,-0.35,"[true, true, true]","[28.139999999999997, 28.139999999999997, 28.139999999999997]","[90.0, 90.0, 90.0]",large approximately cubic 28A box,training_acquisition,train,directly_archive_verified,,True,False,2.9672099373445593,"{""count"": 23, ""max"": 5.345577167514118, ""median"": 2.062232481923144, ""min"": 1.7413001819076432, ""p10"": 1.852730367027917, ""p90"": 3.999864534473858}","{""count"": 13, ""max"": 2.259482628751516, ""median"": 2.0009014137269854, ""min"": 1.7413001819076432, ""p10"": 1.8417381999276157, ""p90"": 2.0802366150940355}","{""0"": 5, ""1"": 4, ""2"": 6, ""3"": 4, ""4"": 4}","{""1"": 1, ""2"": 1, ""3"": 6, ""4"": 2, ""5"": 3}",44
19,AgSi_widespan_distance_acq_v16_01_PW_PBE_v16_train,Ag-Si,wide-span distance,C13Ag17Si8Ti13,51,"{""Ag"": 17, ""C"": 13, ""Si"": 8, ""Ti"": 13}",True,False,-0.45833333333333337,-0.1875,"[true, true, true]","[27.86, 27.86, 27.86]","[90.0, 90.0, 90.0]",large approximately cubic 28A box,training_acquisition,train,directly_archive_verified,,True,False,1.7739266385401895,"{""count"": 13, ""max"": 3.9129141688106115, ""median"": 2.0980759440508976, ""min"": 1.871930863866463, ""p10"": 2.0015155198735113, ""p90"": 2.192781539813687}","{""count"": 13, ""max"": 6.3694525940679805, ""median"": 2.1204972458050793, ""min"": 1.871930863866463, ""p10"": 2.0305801990384835, ""p90"": 5.607786795229308}","{""0"": 1, ""1"": 6, ""2"": 3, ""3"": 3}","{""0"": 5, ""1"": 1, ""2"": 3, ""3"": 2, ""4"": 2}",21
20,AgTi_widespan_distance_acq_v16_01_PW_PBE_v16_train,Ag-Ti,wide-span distance,C11Ag28SiTi9,49,"{""Ag"": 28, ""C"": 11, ""Si"": 1, ""Ti"": 9}",True,False,2.0,4.5,"[true, true, true]","[28.0, 28.0, 28.0]","[90.0, 90.0, 90.0]",large approximately cubic 28A box,training_acquisition,train,directly_archive_verified,,True,False,1.8730452713426142,"{""count"": 9, ""max"": 2.238556587310506, ""median"": 2.054125650490209, ""min"": 1.8721725260232214, ""p10"": 1.9334987324029524, ""p90"": 2.2255815906726393}","{""count"": 11, ""max"": 4.284241456224175, ""median"": 2.054125650490209, ""min"": 1.8721725260232214, ""p10"": 1.9646561542639767, ""p90"": 2.5885202587139124}","{""1"": 1, ""2"": 4, ""3"": 3, ""4"": 1}","{""0"": 2, ""1"": 3, ""2"": 3, ""3"": 1, ""5"": 2}",22
21,AgC_framework_neighbor_p_acq_v17_01,Ag-C,framework-neighbor displacement pair,C13Ag2Si10Ti23,48,"{""Ag"": 2, ""C"": 13, ""Si"": 10, ""Ti"": 23}",True,False,-0.23333333333333328,-0.35,"[true, true, true]","[28.139999999999997, 28.139999999999997, 28.139999999999997]","[90.0, 90.0, 90.0]",large approximately cubic 28A box,,train,directly_archive_verified,,True,True,2.757584689327563,"{""count"": 23, ""max"": 5.345577167514118, ""median"": 2.062232481923144, ""min"": 1.7413001819076432, ""p10"": 1.852730367027917, ""p90"": 3.999864534473858}","{""count"": 13, ""max"": 2.259482628751516, ""median"": 2.0009014137269854, ""min"": 1.7413001819076432, ""p10"": 1.8417381999276157, ""p90"": 2.0802366150940355}","{""0"": 5, ""1"": 4, ""2"": 6, ""3"": 4, ""4"": 4}","{""1"": 1, ""2"": 1, ""3"": 6, ""4"": 2, ""5"": 3}",44
22,AgSi_transverse_Ag_p_acq_v17_01,Ag-Si,transverse Ag displacement pair,C13Ag17Si8Ti13,51,"{""Ag"": 17, ""C"": 13, ""Si"": 8, ""Ti"": 13}",True,False,-0.45833333333333337,-0.1875,"[true, true, true]","[27.86, 27.86, 27.86]","[90.0, 90.0, 90.0]",large approximately cubic 28A box,,train,directly_archive_verified,,True,True,1.8472337656870912,"{""count"": 13, ""max"": 3.9129141688106115, ""median"": 2.0980759440508976, ""min"": 1.871930863866463, ""p10"": 2.0015155198735113, ""p90"": 2.192781539813687}","{""count"": 13, ""max"": 6.3694525940679805, ""median"": 2.1204972458050793, ""min"": 1.871930863866463, ""p10"": 2.0305801990384835, ""p90"": 5.607786795229308}","{""0"": 1, ""1"": 6, ""2"": 3, ""3"": 3}","{""0"": 5, ""1"": 1, ""2"": 3, ""3"": 2, ""4"": 2}",21
23,AgSi_framework_neighbor_p_acq_v17_01,Ag-Si,framework-neighbor displacement pair,C13Ag17Si8Ti13,51,"{""Ag"": 17, ""C"": 13, ""Si"": 8, ""Ti"": 13}",True,False,-0.45833333333333337,-0.1875,"[true, true, true]","[27.86, 27.86, 27.86]","[90.0, 90.0, 90.0]",large approximately cubic 28A box,,train,directly_archive_verified,,True,True,1.8281200524444265,"{""count"": 13, ""max"": 3.9129141688106115, ""median"": 2.0980759440508976, ""min"": 1.871930863866463, ""p10"": 2.0015155198735113, ""p90"": 2.192781539813687}","{""count"": 13, ""max"": 6.3694525940679805, ""median"": 2.1204972458050793, ""min"": 1.871930863866463, ""p10"": 2.0305801990384835, ""p90"": 5.607786795229308}","{""0"": 1, ""1"": 6, ""2"": 3, ""3"": 3}","{""0"": 5, ""1"": 1, ""2"": 3, ""3"": 2, ""4"": 2}",21
24,AgTi_framework_neighbor_p_acq_v17_01,Ag-Ti,framework-neighbor displacement pair,C11Ag28SiTi9,49,"{""Ag"": 28, ""C"": 11, ""Si"": 1, ""Ti"": 9}",True,False,2.0,4.5,"[true, true, true]","[28.0, 28.0, 28.0]","[90.0, 90.0, 90.0]",large approximately cubic 28A box,,train,directly_archive_verified,,True,True,1.9796888210882428,"{""count"": 9, ""max"": 2.238556587310506, ""median"": 2.054125650490209, ""min"": 1.8721725260232214, ""p10"": 1.9334987324029524, ""p90"": 2.2255815906726393}","{""count"": 11, ""max"": 4.284241456224175, ""median"": 2.054125650490209, ""min"": 1.8721725260232214, ""p10"": 1.9669306135475764, ""p90"": 2.5885202587139124}","{""1"": 1, ""2"": 4, ""3"": 3, ""4"": 1}","{""0"": 2, ""1"": 3, ""2"": 3, ""3"": 1, ""5"": 2}",22
25,AgC_framework_neighbor_m_acq_v17_01,Ag-C,framework-neighbor displacement pair,C13Ag2Si10Ti23,48,"{""Ag"": 2, ""C"": 13, ""Si"": 10, ""Ti"": 23}",True,False,-0.23333333333333328,-0.35,"[true, true, true]","[28.139999999999997, 28.139999999999997, 28.139999999999997]","[90.0, 90.0, 90.0]",large approximately cubic 28A box,,train,directly_archive_verified,,True,True,2.7639688461280896,"{""count"": 23, ""max"": 5.345577167514118, ""median"": 2.062232481923144, ""min"": 1.7413001819076432, ""p10"": 1.852730367027917, ""p90"": 3.999864534473858}","{""count"": 13, ""max"": 2.259482628751516, ""median"": 2.0009014137269854, ""min"": 1.7413001819076432, ""p10"": 1.8417381999276157, ""p90"": 2.0802366150940355}","{""0"": 5, ""1"": 4, ""2"": 6, ""3"": 4, ""4"": 4}","{""1"": 1, ""2"": 1, ""3"": 6, ""4"": 2, ""5"": 3}",44
26,AgSi_transverse_Ag_m_acq_v17_01,Ag-Si,transverse Ag displacement pair,C13Ag17Si8Ti13,51,"{""Ag"": 17, ""C"": 13, ""Si"": 8, ""Ti"": 13}",True,False,-0.45833333333333337,-0.1875,"[true, true, true]","[27.86, 27.86, 27.86]","[90.0, 90.0, 90.0]",large approximately cubic 28A box,,train,directly_archive_verified,,True,True,1.8300149072265037,"{""count"": 13, ""max"": 3.9129141688106115, ""median"": 2.0980759440508976, ""min"": 1.871930863866463, ""p10"": 2.0015155198735113, ""p90"": 2.192781539813687}","{""count"": 13, ""max"": 6.3694525940679805, ""median"": 2.1204972458050793, ""min"": 1.871930863866463, ""p10"": 2.0305801990384835, ""p90"": 5.607786795229308}","{""0"": 1, ""1"": 6, ""2"": 3, ""3"": 3}","{""0"": 5, ""1"": 1, ""2"": 3, ""3"": 2, ""4"": 2}",21
27,AgSi_framework_neighbor_m_acq_v17_01,Ag-Si,framework-neighbor displacement pair,C13Ag17Si8Ti13,51,"{""Ag"": 17, ""C"": 13, ""Si"": 8, ""Ti"": 13}",True,False,-0.45833333333333337,-0.1875,"[true, true, true]","[27.86, 27.86, 27.86]","[90.0, 90.0, 90.0]",large approximately cubic 28A box,,train,directly_archive_verified,,True,True,1.8407497253580454,"{""count"": 13, ""max"": 3.9129141688106115, ""median"": 2.0980759440508976, ""min"": 1.871930863866463, ""p10"": 2.0015155198735113, ""p90"": 2.192781539813687}","{""count"": 13, ""max"": 6.3694525940679805, ""median"": 2.1204972458050793, ""min"": 1.871930863866463, ""p10"": 2.0305801990384835, ""p90"": 5.607786795229308}","{""0"": 1, ""1"": 6, ""2"": 3, ""3"": 3}","{""0"": 5, ""1"": 1, ""2"": 3, ""3"": 2, ""4"": 2}",21
28,AgTi_framework_neighbor_m_acq_v17_01,Ag-Ti,framework-neighbor displacement pair,C11Ag28SiTi9,49,"{""Ag"": 28, ""C"": 11, ""Si"": 1, ""Ti"": 9}",True,False,2.0,4.5,"[true, true, true]","[28.0, 28.0, 28.0]","[90.0, 90.0, 90.0]",large approximately cubic 28A box,,train,directly_archive_verified,,True,True,1.9403735466422039,"{""count"": 9, ""max"": 2.238556587310506, ""median"": 2.054125650490209, ""min"": 1.8721725260232214, ""p10"": 1.9334987324029524, ""p90"": 2.2255815906726393}","{""count"": 11, ""max"": 4.284241456224175, ""median"": 2.054125650490209, ""min"": 1.8721725260232214, ""p10"": 1.95520339619815, ""p90"": 2.5885202587139124}","{""1"": 1, ""2"": 4, ""3"": 3, ""4"": 1}","{""0"": 2, ""1"": 3, ""2"": 3, ""3"": 1, ""5"": 2}",22
29,Ti_gap_2p3_rank_recovery_v17_01,Ti-gap,short-range Ti gap,C8Ag10Si2Ti12,32,"{""Ag"": 10, ""C"": 8, ""Si"": 2, ""Ti"": 12}",True,False,1.0,1.0,"[true, true, true]","[28.373468637371094, 3.077765785565338, 5.332601480612674]","[90.00001402534261, 90.0, 90.0]",compact/noncubic cell,,train,directly_archive_verified,,True,True,3.099499800347645,"{""count"": 12, ""max"": 2.1947599998228853, ""median"": 2.0816428221002807, ""min"": 2.0816392229288345, ""p10"": 2.081639255933343, ""p90"": 2.1947599926980335}","{""count"": 8, ""max"": 2.081643020647243, ""median"": 2.0816410919273807, ""min"": 2.0816392229288345, ""p10"": 2.0816392229288345, ""p90"": 2.0816430140206688}","{""3"": 8, ""6"": 4}","{""6"": 8}",48
