frame,elapsed_time_fs,elapsed_time_ps,event,source_dump
1,180,0.18000,impact_01_62eV,dumps/impact_01_62eV.dump
2,230,0.23000,cool_01_0p05ps,dumps/cool_01_0p05ps.dump
3,410,0.41000,impact_02_62eV,dumps/impact_02_62eV.dump
4,590,0.59000,impact_03_62eV,dumps/impact_03_62eV.dump
5,770,0.77000,impact_04_62eV,dumps/impact_04_62eV.dump
6,950,0.95000,impact_05_62eV,dumps/impact_05_62eV.dump
7,1130,1.13000,impact_06_62eV,dumps/impact_06_62eV.dump
8,1310,1.31000,impact_07_62eV,dumps/impact_07_62eV.dump
9,1490,1.49000,impact_08_62eV,dumps/impact_08_62eV.dump
10,1990,1.99000,cool_02_0p5ps,dumps/cool_02_0p5ps.dump
11,2170,2.17000,impact_09_62eV,dumps/impact_09_62eV.dump
12,2350,2.35000,impact_10_62eV,dumps/impact_10_62eV.dump
13,2530,2.53000,impact_11_62eV,dumps/impact_11_62eV.dump
14,2710,2.71000,impact_12_62eV,dumps/impact_12_62eV.dump
15,3210,3.21000,cool_03_0p5ps,dumps/cool_03_0p5ps.dump
16,3510,3.51000,impact_13_62eV,dumps/impact_13_62eV.dump
17,3810,3.81000,impact_14_62eV,dumps/impact_14_62eV.dump
18,4110,4.11000,impact_15_62eV,dumps/impact_15_62eV.dump
19,4410,4.41000,impact_16_62eV,dumps/impact_16_62eV.dump
20,4710,4.71000,impact_17_62eV,dumps/impact_17_62eV.dump
21,5010,5.01000,impact_18_62eV,dumps/impact_18_62eV.dump
22,5310,5.31000,impact_19_62eV,dumps/impact_19_62eV.dump
23,5610,5.61000,impact_20_62eV,dumps/impact_20_62eV.dump
24,6110,6.11000,cool_04_quench_0p5ps,dumps/cool_04_quench_0p5ps.dump
25,6610,6.61000,cool_05_quench_0p5ps,dumps/cool_05_quench_0p5ps.dump
