time_ps,Ag_matrix_T_K,Ag_matrix_N,TSC_T_K,TSC_N
105.0,4395.774545646445,42,3131.723828758611,154
105.005,4556.504194995286,42,3314.058193872413,154
105.01,4851.034621398951,42,3534.026507142887,154
105.015,4915.324975001273,43,3621.1276631195146,155
105.02,4845.765215209081,43,3409.803460249626,153
105.025,4640.453119064018,43,3109.93431406326,153
105.03,4361.781206338795,43,3100.439989060485,153
105.035,4155.257261069708,42,2923.868122407034,152
105.04,3862.033562484691,42,3100.6839468188305,152
105.045,3606.730259914886,42,3224.858798843952,152
105.05,3456.3133827611387,42,3308.1571191554995,152
105.055,3475.462612792058,42,3298.127257693904,152
105.06,3688.710049761627,42,3062.181793743787,153
105.065,3925.747684953412,42,2901.1549457821848,154
105.07,3968.987173565002,43,2839.566851078892,152
105.075,3984.538794151767,43,3130.8170442738883,151
105.08,3927.3517198919894,43,3169.6917020283977,151
105.085,3942.53200783911,43,3169.3292675440575,151
105.09,4307.005670516576,42,3343.7739966088093,152
105.095,4665.547335453663,42,3173.9821905950616,152
105.1,4809.707400968543,42,3278.668091078609,153
105.105,4680.380920912654,42,3260.788239214049,152
105.11,4314.014258222081,42,2947.752301700979,152
105.115,3826.5887385663245,42,3108.605342356376,151
105.12,3426.387048224666,42,2961.3627820438674,149
105.125,3279.5895641027337,42,3164.465220200386,150
105.13,3355.372979809058,42,3438.724669629511,150
105.135,3567.981047135015,42,3616.598038605744,150
105.14,3843.8434428229243,42,3945.91249928443,151
105.145,4108.3913823549865,42,3946.7004689836995,151
105.15,4226.988094340976,42,3695.17580925331,151
105.155,4133.149329098646,42,3471.0135935901794,150
105.16,3977.488966317136,41,3226.7914590308965,150
105.165,3712.6181318681406,41,3076.584525731049,150
105.17,3529.393014953397,42,3107.4338198263954,151
105.175,3405.853360936608,43,3417.0679365534916,152
105.18,3298.6737743619715,43,3521.9283652632544,152
105.185,3173.21690892886,43,3685.9435578807456,152
105.19,3090.768056597576,43,3593.5334587422294,152
105.195,3119.973988935318,43,3385.6948827011015,152
105.2,3301.2070645589233,43,3480.350989183284,152
105.205,3542.8742473803272,43,3634.23734778698,152
105.21000000000001,3730.71912051383,42,3414.3547870954076,153
105.215,3694.3897564501913,42,3254.184629239282,153
105.22,3645.9473481840328,42,3261.110464109548,151
105.22500000000001,3681.9114378116597,42,3435.912690061338,151
105.23,3581.7424347184856,43,3447.114065042036,152
105.235,3437.1087636507914,43,3298.444398908638,152
105.24000000000001,3192.5764903337476,43,3087.601722267481,151
105.245,2921.9235531622285,43,3055.095693351863,152
105.25,2693.797398850612,43,2955.2519554982227,152
105.25500000000001,2529.711610710729,43,2935.0503306114747,152
105.26,2415.4459286656693,43,2901.8632210018427,152
105.265,2420.4702858399346,43,2968.441640521113,152
105.27,2572.750181242697,43,2976.40815684773,151
105.275,2839.5512304261124,43,2856.1605834782713,152
105.28,3181.2483968291735,43,2947.569316779383,152
105.285,3584.4082398158744,43,3246.9910097742486,151
105.29,3904.5622136119296,43,3013.2322529926014,152
105.295,4047.0513985728076,43,2869.671317166283,151
105.3,4052.1120907667137,43,2662.4876976571863,151
105.305,3933.7660931005694,43,2952.2205188112034,152
105.31,3728.809547672861,43,2961.142616649763,150
105.315,3484.2839902273568,43,2909.6067627014168,150
105.32000000000001,3301.1526078342167,43,3130.750970102735,150
105.325,3298.9637629610907,42,3225.6270983543777,151
105.33,3356.9649014042247,42,3390.6113159276933,152
105.33500000000001,3474.2270958019562,43,3379.0654609059197,153
105.34,3649.851782583817,43,3165.259570911967,152
105.345,3756.409905791742,43,3086.151184762491,152
105.35000000000001,3785.8178362781196,43,3072.82781017699,152
105.355,3739.105504940846,43,2785.85911796632,152
105.36,3678.8320120817266,43,2753.6075580323613,151
105.36500000000001,3608.790250066815,43,2929.967227572743,151
105.37,3508.4179670454478,43,2950.5875997916023,152
105.375,3304.417989927785,42,2957.043805829214,152
105.38000000000001,3334.8177554167764,42,3015.859921052261,151
105.385,3358.858154862337,42,3001.266449551077,151
105.39,3337.503250012745,42,2940.251151186975,151
105.395,3251.1312592401214,42,2995.92858897961,154
105.4,3188.222614962101,42,3148.231430743904,151
105.405,3324.955687539053,43,3300.1894530868044,152
105.41000000000001,3354.1148694235367,43,3079.672042568454,153
105.415,3474.7093806642,43,2775.292190579347,154
105.42,3708.15519749656,43,2756.466737526116,151
105.42500000000001,4020.3856867866134,42,2859.8527704736207,153
105.43,4193.635000592953,42,3659.9287633628514,152
105.435,4045.3516009408195,41,3347.1522225385747,152
105.44000000000001,3966.040848429731,41,2743.275926359087,149
105.44500000000001,3945.65700015577,41,3064.879414788682,150
105.45,4050.8266907072903,41,3056.2909459592165,151
105.45500000000001,4211.224056460496,41,3068.849000082316,151
105.46000000000001,4352.226572038248,41,3149.29565980669,151
105.465,4509.759213505256,42,2994.119262817453,152
105.47,4360.488659234121,42,3013.192550998023,153
105.47500000000001,4196.588031965603,42,3106.9342443065784,151
105.48,4108.7376482951595,42,3352.963266762245,151
105.485,4065.6615272852814,43,3206.1089273300495,152
105.49000000000001,3972.016717439109,42,2988.6287718693925,153
105.495,4005.278978875355,42,2984.3981315223086,152
105.5,4031.958678377955,42,2691.655333859197,151
105.50500000000001,4044.9034389221824,42,2814.882579537099,152
105.51,4056.136339237905,42,2954.250181856487,152
105.515,4119.3742991152985,42,2974.767669885569,152
105.52000000000001,4295.5532954799655,43,2965.7990027721435,152
105.525,4265.034135119117,43,3088.7472943384355,153
105.53,4180.674342625406,43,3046.2490496764117,153
105.53500000000001,4115.302012987079,43,3097.20239495704,149
105.54,4030.3549798344625,43,3001.0990358697204,150
105.545,3909.379132089469,43,3039.276639019356,150
105.55000000000001,3762.630755691857,42,3029.354885903096,150
105.555,3720.7122534623386,42,2965.1617195457125,149
105.56,3648.520069746367,42,2987.946234445319,149
105.56500000000001,3501.225987271549,42,2840.145143440339,152
105.57000000000001,3280.412846591058,42,2781.2509547053833,151
105.575,3300.7092249804905,42,2841.2839476709155,151
105.58000000000001,3087.966885000823,42,2747.963524463855,152
105.58500000000001,3013.026576263798,42,3059.828402849389,151
105.59,3052.3256558376806,43,3032.76748111459,151
105.595,3156.6196155598795,43,2862.6922855603643,151
105.60000000000001,3189.358921620988,43,2717.2479163552666,153
105.60499999999999,3156.4034849759046,43,2965.7047926559612,152
105.61,3077.963451263394,42,2979.353009449634,152
105.615,3065.6121758997124,42,3105.1297050568173,153
105.61999999999999,3046.497948807927,42,2896.206328749752,154
105.625,3131.667678137355,42,2959.2787585351975,154
105.63,3216.6245084363973,43,2663.9232295581123,155
105.63499999999999,3472.61335013208,43,2561.900723245443,155
105.64,3888.571794628231,43,2636.6051667163038,154
105.645,4292.901160993833,43,2902.491845009223,154
105.64999999999999,4506.462825180388,43,2960.290290259421,153
105.655,4510.566509154462,43,2740.5518273515845,152
105.66,4363.533503167795,43,2776.8556758390273,152
105.66499999999999,4158.79496185819,43,2749.455103409878,153
105.66999999999999,4052.949260190992,43,2744.1344204604575,153
105.675,4071.1999289957353,43,2639.961937733293,152
105.67999999999999,4110.0320986478255,43,2886.245611722205,151
105.68499999999999,4084.4276656119214,43,2758.560411169036,151
105.69,3999.800674519312,43,2634.787784965221,153
105.695,3978.5969373613434,43,2932.526567293378,153
105.69999999999999,4029.9860066264273,43,2914.130165076752,153
105.705,4060.6961856341904,43,2514.2743697889077,153
105.71,4089.5075900605934,43,2639.028571837236,154
105.71499999999999,4150.333533577764,43,2740.887100806008,154
105.72,4232.823714845205,43,2742.8918319197937,153
105.725,4302.892530140819,43,2712.7823791658975,153
105.72999999999999,4376.531433878611,43,2818.3720431645534,153
105.735,4457.276669262499,43,2932.6109282274447,154
105.74,4448.056080221336,43,2861.800719981486,153
105.74499999999999,4345.387294481952,43,2644.9769573618305,153
105.75,4149.349337364367,43,2479.9454628462768,154
105.755,3939.255412032146,43,2406.2244406930536,155
105.75999999999999,3636.0956241661843,42,2447.499422063644,154
105.765,3538.8639597978336,42,2555.395334235653,154
105.77,3431.615799284576,42,2710.969306715288,155
105.77499999999999,3306.6373387367576,42,2844.0338531046955,155
105.78,3193.429094325928,42,2925.379005812031,154
105.785,3131.298084091561,42,2821.6025984827384,154
105.78999999999999,3178.0900389044764,42,2766.892409770967,153
105.79499999999999,3454.9543442917743,43,2693.4743144335393,153
105.8,3665.849114468057,43,2872.9418030339534,150
105.80499999999999,3839.693828167571,43,2842.359715540874,151
105.81,4019.5668696583384,43,2666.957203750457,152
105.815,4204.451612495677,43,2641.7487527662215,153
105.82,4359.526838420445,43,2721.5420593511913,154
105.825,4459.306872589553,43,2869.853009400859,155
105.83,4438.994252727762,43,2812.2474502578193,151
105.835,4316.250305981508,43,2893.9176785475775,151
105.84,4169.885883849764,43,3086.9751360801597,151
105.845,4013.520796038832,43,3142.364186697842,152
105.85,3835.8486939016034,43,3245.613046268183,153
105.855,3689.174423064736,43,2957.168339927779,152
105.86,3636.8793125774955,43,2803.525610360853,152
105.865,3645.76518432954,43,2888.93301771127,152
105.86999999999999,3669.636185358542,43,2659.955239400818,151
105.875,3734.0309508026635,43,2836.550294567664,151
105.88,3888.170715446123,43,2808.7664622359844,153
105.88499999999999,4107.771180622603,43,3071.771503846777,152
105.89,4267.0634363089075,43,2996.5228058033813,150
105.895,4302.883584689216,43,2842.633772795163,149
105.89999999999999,4297.072764624878,43,2856.6882194952445,150
105.905,4303.976268374971,43,2975.7517087734677,151
105.91,4292.8300193848545,43,2978.3118936181327,151
105.91499999999999,4243.474228442274,43,2707.2771163634125,154
105.92,4199.961187979039,43,2753.641128867599,153
105.925,4177.30235076596,43,2775.4195599444865,152
105.92999999999999,4150.911845846755,43,3009.8052554784,152
105.935,4033.491021646937,43,3004.079349216187,152
105.94,3926.5322114601227,43,3207.3962157230835,152
105.945,3901.45912711434,43,3246.0565680112295,153
105.95,3991.9003335784787,43,3268.379340874225,153
105.955,4225.902981302418,43,3147.7218744252987,153
105.96,4476.2442800110875,43,3097.318869239965,153
105.965,4619.357185638517,43,3177.1003078587178,152
105.97,4627.062878474047,43,3242.2593186309846,150
105.975,4477.2232968948165,43,3094.947200299589,149
105.98,4177.320275510922,43,3126.351935037889,150
105.985,3800.3656462586323,43,3088.435148835821,152
105.99,3493.0296326578095,43,3075.898299578419,152
105.99499999999999,3319.880050473878,43,2683.617408836653,153
106.0,3328.2025912771064,43,2844.4352766915367,151
