split,material_group,proposed_parent_groups,proposed_configurations,visibility,grouping_rule,role_and_leakage_control
historical_train,Ag-containing Ag-Ti-Si-C,30 frames from V18 clean30 manifest,30,already historically used,21 V16 + 8 V17 + 1 rank-recovery frame; group all descendants by source geometry and parent lineage,not a new independent set; audit each source before future reuse
historical_development,Ag-containing interfaces,3 V18 development frames,3,already historically scored,keep all descendants of the same source parent together,never relabel as independent test
new_train_B1,solid Ag,2 parent families,6,developer after future DFT authorization,all three configurations from a parent remain in train,does not reuse the 15 numerical controls as labels
new_train_B1,solid Ti3SiC2,2 parent families,6,developer after future DFT authorization,source/CIF/supercell and displacement variants stay grouped,does not reuse the 10 numerical controls as labels
new_train_B1,liquid Ag,18 independently seeded state/trajectory groups,18,developer after future DFT authorization,trajectory seed plus initial melt parent defines family; decorrelated frames from one trajectory never cross splits,temperatures/densities are training coverage only
new_train_B2,Ag-Ti/Si/C hot interface,3 facet parents with thermal seed descendants,18,developer after future DFT authorization,all gap perturbations of a termination/seed parent remain in one group,do not split distance curve across train/dev/test
new_train_B3,Ag coexistence and repulsion,trajectory/facet/contact-curve groups,20,developer after future DFT authorization,coexistence grouped by interface orientation+seed; all compressed-distance curve points stay together,DFT labels train local energy/force; MD properties are separate validation
new_development,solid Ag,2 new parents,6,visible only to model developer after role freeze,source and seed different from all training families,used for model selection only; not a test set
new_development,solid Ti3SiC2,2 new parents,6,visible only to model developer after role freeze,source/orientation/seed different from all training families,used for model selection only; not a test set
new_development,Ag-Ti/Si/C interface,6 parents (2 per contact),12,visible only to model developer after role freeze,distinct source/termination/registry parent per contact; two gap structures stay together,used for model selection only
locked_test,solid Ag,2 new parents,6,independent evaluator only; C must not receive coordinates or labels,parent/source/seed different from train and dev,manifest/hash committed before score; one-time evaluation after model and gates freeze
locked_test,solid Ti3SiC2,2 new parents,6,independent evaluator only; C must not receive coordinates or labels,parent/source/orientation different from train and dev,manifest/hash committed before score; one-time evaluation after model and gates freeze
locked_test,Ag-Ti/Si/C interface,6 parents (2 per contact),12,independent evaluator only; C must not receive coordinates or labels,distinct CIF/termination/registry and cell; parent gap pairs grouped,manifest/hash committed before score; one-time evaluation after model and gates freeze
