group,label,DFT_relative_native_meV_atom,DFT_relative_free_meV_atom,foundation_relative_energy_meV_atom,foundation_force_RMSE_eV_A,V18_relative_energy_meV_atom,V18_force_RMSE_eV_A
displacement_k6,Ag_baseline_k6x6x6_v19,0.0,0.0,0.0,2.2935700987117012e-05,0.0,2.2935700987024042e-05
displacement_k6,Ag_displacement_m01_k6x6x6_v19,0.00877602034998759,0.008758430322330923,0.00828435671218486,0.0012115677202295403,0.0074168457544487865,0.0023771978724038785
displacement_k6,Ag_displacement_p01_k6x6x6_v19,0.008776020185230493,0.008758430158462005,0.00828435671218486,0.0012115677884053612,0.0074168457544487865,0.0023771979434376264
shear_k8,Ag_baseline_k8x8x8_v19,0.0,0.0,0.0,1.727754028049178e-05,0.0,1.7277540280432474e-05
shear_k8,Ag_shear_m005_k8x8x8_v19,0.06797578547557137,0.07043912813609055,0.06804809139282497,2.6270252067576312e-05,0.06440522603767818,2.627025206756989e-05
shear_k8,Ag_shear_p005_k8x8x8_v19,0.06797578503769941,0.0704391276977745,0.06804809139282497,2.627025180416806e-05,0.06440522603767818,2.6270251804097248e-05
volume_k8,Ag_baseline_k8x8x8_v19,0.0,0.0,0.0,1.727754028049178e-05,0.0,1.7277540280432474e-05
volume_k8,Ag_volume_m02_k8x8x8_v19,11.574486630728131,11.653623303367944,13.719118329401425,5.600413977218595e-07,8.119543616179392,5.597830114709867e-07
volume_k8,Ag_volume_p02_k8x8x8_v19,-6.69294769021711,-6.763089225671148,-8.725698569743479,3.4732153420341426e-05,-4.036291872848263,3.473324947150445e-05
