group,frame,atom_index,element,neighbors_at_model_cutoff,Ag_neighbors,Ti_neighbors,C_neighbors,Si_neighbors,nearest_distance_A
V18_train,0,1,Ti,15,3,4,4,4,2.0939188723584765
V18_train,0,8,Ti,25,3,8,7,7,2.1105580431835307
V18_train,0,13,Ti,17,1,7,5,4,2.1550610399741705
V18_train,0,14,Ti,24,4,8,6,6,2.0058038758039394
V18_train,0,16,Ti,32,11,9,5,7,2.180612365405681
V18_train,0,19,Ti,18,6,5,3,4,2.0841655847607483
V18_train,0,22,Ti,16,0,6,5,5,2.111581641972688
V18_train,0,23,Ti,23,5,6,6,6,2.05095364605562
V18_train,0,25,Ti,18,3,6,6,3,1.8813375501203813
V18_train,0,26,Ti,28,5,10,6,7,2.1115358839903076
V18_train,0,29,Ti,24,6,7,6,5,2.005614830176172
V18_train,0,32,Ti,25,2,11,6,6,2.21598542415184
V18_train,0,33,Ti,16,2,7,3,4,2.560015346712447
V18_train,0,0,C,15,7,1,4,3,2.8567324889606303
V18_train,0,2,C,15,7,1,3,4,2.8567324889606303
V18_train,0,3,C,17,11,0,3,3,2.231291145107557
V18_train,0,5,C,19,3,6,5,5,2.4046810033729624
V18_train,0,10,C,15,1,6,3,5,2.1105580431835307
V18_train,0,12,C,23,5,8,4,6,2.0939188723584765
V18_train,0,20,C,21,6,8,2,5,2.0058038758039394
V18_train,0,21,C,21,7,5,5,4,2.6484434954596203
V18_train,0,24,C,22,5,6,5,6,2.05095364605562
V18_train,0,27,C,16,10,2,3,1,2.735209684967744
V18_train,0,28,C,18,4,6,5,3,1.8813375501203813
V18_train,0,30,C,19,0,9,4,6,2.1115358839903076
V18_train,0,31,C,23,3,10,4,6,2.1311530090532975
V18_train,0,4,Si,22,6,4,8,4,2.4583275581882025
V18_train,0,6,Si,27,4,10,8,5,2.480605366002842
V18_train,0,7,Si,41,9,13,12,7,2.199999999710254
V18_train,0,9,Si,32,13,6,8,5,2.4874733966394187
V18_train,0,11,Si,24,2,9,7,6,2.6459569786618657
V18_train,0,15,Si,18,0,10,5,3,2.6525113003282996
V18_train,0,17,Si,31,9,10,6,6,2.560015346712447
V18_train,0,18,Si,19,8,6,3,2,2.7011981502428273
V18_train,1,1,Ti,15,3,4,4,4,2.0939188723584765
V18_train,1,8,Ti,25,3,8,7,7,2.1105580431835307
V18_train,1,13,Ti,17,1,7,5,4,2.1550610399741705
V18_train,1,14,Ti,24,4,8,6,6,2.0058038758039394
V18_train,1,16,Ti,32,11,9,5,7,2.180612365405681
V18_train,1,19,Ti,18,6,5,3,4,2.0841655847607483
V18_train,1,22,Ti,16,0,6,5,5,2.111581641972688
V18_train,1,23,Ti,23,5,6,6,6,2.05095364605562
V18_train,1,25,Ti,18,3,6,6,3,1.8813375501203813
V18_train,1,26,Ti,28,5,10,6,7,2.1115358839903076
V18_train,1,29,Ti,24,6,7,6,5,2.005614830176172
V18_train,1,32,Ti,25,2,11,6,6,2.21598542415184
V18_train,1,33,Ti,16,2,7,3,4,2.560015346712447
V18_train,1,0,C,14,7,1,4,2,2.8567324889606303
V18_train,1,2,C,15,7,1,3,4,2.8567324889606303
V18_train,1,3,C,17,11,0,3,3,2.231291145107557
V18_train,1,5,C,19,3,6,5,5,2.4046810033729624
V18_train,1,10,C,15,1,6,3,5,2.1105580431835307
V18_train,1,12,C,23,5,8,4,6,2.0939188723584765
V18_train,1,20,C,21,6,8,2,5,2.0058038758039394
V18_train,1,21,C,21,7,5,5,4,2.6484434954596203
V18_train,1,24,C,22,5,6,5,6,2.05095364605562
V18_train,1,27,C,16,10,2,3,1,2.735209684967744
V18_train,1,28,C,18,4,6,5,3,1.8813375501203813
V18_train,1,30,C,19,0,9,4,6,2.1115358839903076
V18_train,1,31,C,23,3,10,4,6,2.1311530090532975
V18_train,1,4,Si,22,6,4,8,4,2.4583275581882025
V18_train,1,6,Si,27,4,10,8,5,2.480605366002842
V18_train,1,7,Si,39,9,13,11,6,2.4444246302329122
V18_train,1,9,Si,32,13,6,8,5,2.535922782950225
V18_train,1,11,Si,23,1,9,7,6,2.6459569786618657
V18_train,1,15,Si,18,0,10,5,3,2.6525113003282996
V18_train,1,17,Si,31,9,10,6,6,2.560015346712447
V18_train,1,18,Si,18,8,6,3,1,2.7011981502428273
V18_train,2,0,Ti,15,1,7,3,4,2.65192118555848
V18_train,2,1,Ti,11,2,5,1,3,2.896393949108522
V18_train,2,2,Ti,24,2,11,9,2,1.8962405880790372
V18_train,2,3,Ti,25,2,13,8,2,2.016423508112435
V18_train,2,7,Ti,21,2,9,7,3,2.0104319072659065
V18_train,2,9,Ti,28,2,15,7,4,2.379140975960289
V18_train,2,10,Ti,22,1,12,7,2,2.2346752652176005
V18_train,2,12,Ti,12,2,4,2,4,2.6588092326199684
V18_train,2,16,Ti,24,2,12,8,2,1.8156599504148974
V18_train,2,18,Ti,23,1,10,8,4,1.981696403867436
V18_train,2,20,Ti,19,0,10,7,2,1.9376557312716172
V18_train,2,21,Ti,32,2,15,10,5,1.8335582602815592
V18_train,2,22,Ti,30,2,14,11,3,1.765961832916557
V18_train,2,28,Ti,30,2,12,11,5,1.9609599693870856
V18_train,2,29,Ti,31,2,13,10,6,2.0806739738460616
V18_train,2,30,Ti,21,2,8,7,4,1.9575331801140894
V18_train,2,34,Ti,17,2,7,5,3,2.0024735084377503
V18_train,2,35,Ti,15,1,6,5,3,2.0665036233554956
V18_train,2,36,Ti,16,0,8,4,4,2.8978354858542197
V18_train,2,37,Ti,18,0,9,5,4,2.2096328597852306
V18_train,2,38,Ti,29,1,14,8,6,2.184320851849156
V18_train,2,41,Ti,24,2,9,7,6,2.097863304581845
V18_train,2,42,Ti,17,1,7,4,5,2.0454096736678795
V18_train,2,4,C,26,2,14,9,1,2.014142333547567
V18_train,2,5,C,27,2,14,8,3,1.8335582602815592
V18_train,2,6,C,21,2,9,7,3,2.0024735084377503
V18_train,2,8,C,15,2,6,5,2,2.262622189915519
V18_train,2,17,C,19,0,10,7,2,2.021416483023045
V18_train,2,19,C,26,2,13,8,3,1.765961832916557
V18_train,2,23,C,27,1,14,8,4,1.876825708630069
V18_train,2,26,C,24,2,9,10,3,1.867503454714097
V18_train,2,27,C,23,2,10,8,3,1.9575331801140894
V18_train,2,31,C,37,2,17,12,6,1.9820525651532264
V18_train,2,32,C,23,2,9,7,5,2.0665036233554956
V18_train,2,40,C,41,2,19,11,9,1.9999999990042783
V18_train,2,43,C,25,2,10,6,7,2.0454096736678795
V18_train,2,11,Si,18,1,11,4,2,2.3455515846225246
V18_train,2,13,Si,19,2,11,3,3,2.3455515846225246
V18_train,2,14,Si,15,2,7,3,3,2.4531858494453584
V18_train,2,15,Si,14,2,7,3,2,2.6581692374452723
V18_train,2,24,Si,25,1,10,9,5,2.637827927940648
V18_train,2,25,Si,24,1,10,8,5,2.6605834265188073
V18_train,2,33,Si,21,1,9,7,4,2.471202268536981
V18_train,2,39,Si,16,1,7,4,4,2.6186399083346985
V18_train,2,44,Si,18,1,8,4,5,2.7674067400773623
V18_train,2,45,Si,18,1,6,6,5,2.5054171490388626
V18_train,3,0,Ti,14,0,7,3,4,2.65192118555848
V18_train,3,1,Ti,11,2,5,1,3,2.896393949108522
V18_train,3,2,Ti,24,2,11,9,2,1.8962405880790372
V18_train,3,3,Ti,25,2,13,8,2,2.016423508112435
V18_train,3,7,Ti,21,2,9,7,3,2.0104319072659065
V18_train,3,9,Ti,28,2,15,7,4,2.379140975960289
V18_train,3,10,Ti,22,1,12,7,2,2.2346752652176005
V18_train,3,12,Ti,12,2,4,2,4,2.6588092326199684
V18_train,3,16,Ti,24,2,12,8,2,1.8156599504148974
V18_train,3,18,Ti,22,0,10,8,4,1.981696403867436
V18_train,3,20,Ti,19,0,10,7,2,1.9376557312716172
V18_train,3,21,Ti,32,2,15,10,5,1.8335582602815592
V18_train,3,22,Ti,30,2,14,11,3,1.765961832916557
V18_train,3,28,Ti,30,2,12,11,5,1.9609599693870856
V18_train,3,29,Ti,31,2,13,10,6,2.0806739738460616
V18_train,3,30,Ti,20,2,8,6,4,1.9575331801140894
V18_train,3,34,Ti,17,2,7,5,3,2.0024735084377503
V18_train,3,35,Ti,15,1,6,5,3,2.0665036233554956
V18_train,3,36,Ti,16,0,8,4,4,2.8978354858542197
V18_train,3,37,Ti,18,0,9,5,4,2.2096328597852306
V18_train,3,38,Ti,29,1,14,8,6,2.0396274490282456
V18_train,3,41,Ti,24,2,9,7,6,2.097863304581845
V18_train,3,42,Ti,17,1,7,4,5,2.0454096736678795
V18_train,3,4,C,26,2,14,9,1,2.014142333547567
V18_train,3,5,C,27,2,14,8,3,1.8335582602815592
V18_train,3,6,C,21,2,9,7,3,2.0024735084377503
V18_train,3,8,C,15,2,6,5,2,2.262622189915519
V18_train,3,17,C,19,0,10,7,2,2.021416483023045
V18_train,3,19,C,26,2,13,8,3,1.765961832916557
V18_train,3,23,C,27,1,14,8,4,1.876825708630069
V18_train,3,26,C,24,2,9,10,3,1.867503454714097
V18_train,3,27,C,23,2,10,8,3,1.9575331801140894
V18_train,3,31,C,37,2,17,12,6,1.9820525651532264
V18_train,3,32,C,23,2,9,7,5,2.0665036233554956
V18_train,3,40,C,40,2,18,11,9,1.8950818506613372
V18_train,3,43,C,25,2,10,6,7,2.0454096736678795
V18_train,3,11,Si,18,1,11,4,2,2.3455515846225246
V18_train,3,13,Si,19,2,11,3,3,2.3455515846225246
V18_train,3,14,Si,15,2,7,3,3,2.4531858494453584
V18_train,3,15,Si,14,2,7,3,2,2.6581692374452723
V18_train,3,24,Si,25,1,10,9,5,2.637827927940648
V18_train,3,25,Si,24,1,10,8,5,2.6605834265188073
V18_train,3,33,Si,21,1,9,7,4,2.471202268536981
V18_train,3,39,Si,16,1,7,4,4,2.6186399083346985
V18_train,3,44,Si,18,1,8,4,5,2.7674067400773623
V18_train,3,45,Si,18,1,6,6,5,2.5054171490388626
V18_train,4,0,Ti,14,0,7,3,4,2.65192118555848
V18_train,4,1,Ti,11,2,5,1,3,2.896393949108522
V18_train,4,2,Ti,24,2,11,9,2,1.8962405880790372
V18_train,4,3,Ti,25,2,13,8,2,2.016423508112435
V18_train,4,7,Ti,21,2,9,7,3,2.0104319072659065
V18_train,4,9,Ti,28,2,15,7,4,2.379140975960289
V18_train,4,10,Ti,22,1,12,7,2,2.2346752652176005
V18_train,4,12,Ti,12,2,4,2,4,2.6588092326199684
V18_train,4,16,Ti,24,2,12,8,2,1.8156599504148974
V18_train,4,18,Ti,23,1,10,8,4,1.981696403867436
V18_train,4,20,Ti,19,0,10,7,2,1.9376557312716172
V18_train,4,21,Ti,32,2,15,10,5,1.8335582602815592
V18_train,4,22,Ti,30,2,14,11,3,1.765961832916557
V18_train,4,28,Ti,30,2,12,11,5,1.9609599693870856
V18_train,4,29,Ti,31,2,13,10,6,2.0806739738460616
V18_train,4,30,Ti,20,2,8,6,4,1.9575331801140894
V18_train,4,34,Ti,17,2,7,5,3,2.0024735084377503
V18_train,4,35,Ti,15,1,6,5,3,2.0665036233554956
V18_train,4,36,Ti,16,0,8,4,4,2.8978354858542197
V18_train,4,37,Ti,18,0,9,5,4,2.2096328597852306
V18_train,4,38,Ti,29,1,14,8,6,2.0854427260390036
V18_train,4,41,Ti,24,2,9,7,6,2.097863304581845
V18_train,4,42,Ti,17,1,7,4,5,2.0454096736678795
V18_train,4,4,C,26,2,14,9,1,2.014142333547567
V18_train,4,5,C,27,2,14,8,3,1.8335582602815592
V18_train,4,6,C,21,2,9,7,3,2.0024735084377503
V18_train,4,8,C,15,2,6,5,2,2.262622189915519
V18_train,4,17,C,19,0,10,7,2,2.021416483023045
V18_train,4,19,C,26,2,13,8,3,1.765961832916557
V18_train,4,23,C,27,1,14,8,4,1.876825708630069
V18_train,4,26,C,24,2,9,10,3,1.867503454714097
V18_train,4,27,C,23,2,10,8,3,1.9575331801140894
V18_train,4,31,C,37,2,17,12,6,1.9820525651532264
V18_train,4,32,C,23,2,9,7,5,2.0665036233554956
V18_train,4,40,C,40,2,18,11,9,1.9219675090601187
V18_train,4,43,C,25,2,10,6,7,2.0454096736678795
V18_train,4,11,Si,18,1,11,4,2,2.3455515846225246
V18_train,4,13,Si,19,2,11,3,3,2.3455515846225246
V18_train,4,14,Si,15,2,7,3,3,2.4531858494453584
V18_train,4,15,Si,14,2,7,3,2,2.6581692374452723
V18_train,4,24,Si,25,1,10,9,5,2.637827927940648
V18_train,4,25,Si,24,1,10,8,5,2.6605834265188073
V18_train,4,33,Si,21,1,9,7,4,2.471202268536981
V18_train,4,39,Si,16,1,7,4,4,2.6186399083346985
V18_train,4,44,Si,18,1,8,4,5,2.7674067400773623
V18_train,4,45,Si,18,1,6,6,5,2.5054171490388626
V18_train,5,1,Ti,15,3,4,4,4,2.0939188723584765
V18_train,5,8,Ti,25,3,8,7,7,2.1105580431835307
V18_train,5,13,Ti,17,1,7,5,4,2.1550610399741705
V18_train,5,14,Ti,24,4,8,6,6,2.0058038758039394
V18_train,5,16,Ti,32,11,9,5,7,2.180612365405681
V18_train,5,19,Ti,18,6,5,3,4,2.0841655847607483
V18_train,5,22,Ti,16,0,6,5,5,2.111581641972688
V18_train,5,23,Ti,23,5,6,6,6,2.05095364605562
V18_train,5,25,Ti,18,3,6,6,3,1.8813375501203813
V18_train,5,26,Ti,28,5,10,6,7,2.1115358839903076
V18_train,5,29,Ti,24,6,7,6,5,2.005614830176172
V18_train,5,32,Ti,25,2,11,6,6,2.21598542415184
V18_train,5,33,Ti,16,2,7,3,4,2.560015346712447
V18_train,5,0,C,14,7,1,4,2,2.8567324889606303
V18_train,5,2,C,15,7,1,3,4,2.8567324889606303
V18_train,5,3,C,17,11,0,3,3,2.231291145107557
V18_train,5,5,C,19,3,6,5,5,2.4046810033729624
V18_train,5,10,C,15,1,6,3,5,2.1105580431835307
V18_train,5,12,C,23,5,8,4,6,2.0939188723584765
V18_train,5,20,C,21,6,8,2,5,2.0058038758039394
V18_train,5,21,C,21,7,5,5,4,2.6484434954596203
V18_train,5,24,C,22,5,6,5,6,2.05095364605562
V18_train,5,27,C,16,10,2,3,1,2.735209684967744
V18_train,5,28,C,18,4,6,5,3,1.8813375501203813
V18_train,5,30,C,19,0,9,4,6,2.1115358839903076
V18_train,5,31,C,23,3,10,4,6,2.1311530090532975
V18_train,5,4,Si,22,6,4,8,4,2.4583275581882025
V18_train,5,6,Si,27,4,10,8,5,2.480605366002842
V18_train,5,7,Si,39,9,13,11,6,2.488755295628712
V18_train,5,9,Si,32,13,6,8,5,2.535922782950225
V18_train,5,11,Si,24,2,9,7,6,2.6459569786618657
V18_train,5,15,Si,18,0,10,5,3,2.6525113003282996
V18_train,5,17,Si,31,9,10,6,6,2.560015346712447
V18_train,5,18,Si,18,8,6,3,1,2.7011981502428273
V18_train,6,1,Ti,19,4,6,8,1,2.1556089060625583
V18_train,6,4,Ti,30,12,8,9,1,1.9460949875564906
V18_train,6,5,Ti,37,18,8,11,0,1.9477327303685485
V18_train,6,6,Ti,25,12,7,6,0,1.9485212921381052
V18_train,6,10,Ti,19,4,7,8,0,2.2403726640575146
V18_train,6,14,Ti,24,6,8,10,0,2.094756793409034
V18_train,6,15,Ti,19,3,8,8,0,1.872877237145789
V18_train,6,16,Ti,21,7,7,7,0,2.1675206858712026
V18_train,6,20,Ti,25,11,7,7,0,2.2247113869330395
V18_train,6,0,C,23,10,6,6,1,2.208171133495252
V18_train,6,3,C,21,6,7,7,1,2.2137772164582437
V18_train,6,7,C,28,11,9,8,0,1.996128002710929
V18_train,6,8,C,16,2,7,6,1,2.0418185589839446
V18_train,6,9,C,19,5,7,7,0,1.9460949875564906
V18_train,6,11,C,17,7,5,5,0,2.1910630069166928
V18_train,6,12,C,32,13,9,10,0,1.9477327303685485
V18_train,6,13,C,23,5,9,8,1,2.0213691843458794
V18_train,6,17,C,15,4,6,5,0,1.872877237145789
V18_train,6,18,C,14,7,3,4,0,2.1910630069166928
V18_train,6,19,C,20,10,6,4,0,2.2247113869330395
V18_train,6,2,Si,14,8,2,4,0,3.2466836181933174
V18_train,7,0,Ti,13,0,6,3,4,2.6351837965934846
V18_train,7,1,Ti,11,2,5,1,3,2.896393949108522
V18_train,7,2,Ti,24,2,11,9,2,1.8962405880790372
V18_train,7,3,Ti,25,2,13,8,2,2.0132464247391644
V18_train,7,7,Ti,21,2,9,7,3,2.04181437931035
V18_train,7,9,Ti,28,2,15,7,4,2.394074030863248
V18_train,7,10,Ti,22,1,12,7,2,2.2365505043466007
V18_train,7,12,Ti,12,2,4,2,4,2.6588092326199684
V18_train,7,16,Ti,24,2,12,8,2,1.838123381541008
V18_train,7,18,Ti,23,1,10,8,4,1.9688886270872406
V18_train,7,20,Ti,19,0,10,7,2,1.924867380049481
V18_train,7,21,Ti,31,2,14,10,5,1.8557573570144814
V18_train,7,22,Ti,30,2,14,11,3,1.7822561132966563
V18_train,7,28,Ti,30,2,12,11,5,1.9609599693870856
V18_train,7,29,Ti,31,2,13,10,6,2.1023104570331665
V18_train,7,30,Ti,20,2,8,6,4,1.9575331801140894
V18_train,7,34,Ti,17,2,7,5,3,2.0050450464002894
V18_train,7,35,Ti,15,1,6,5,3,2.1055220276431807
V18_train,7,36,Ti,16,0,8,4,4,2.8907249130153345
V18_train,7,37,Ti,18,0,9,5,4,2.199444701169985
V18_train,7,38,Ti,29,1,14,8,6,2.12967782930416
V18_train,7,41,Ti,24,2,9,7,6,2.1094984972558746
V18_train,7,42,Ti,17,1,7,4,5,2.0319498302878705
V18_train,7,4,C,26,2,14,9,1,1.9967707377268638
V18_train,7,5,C,27,2,14,8,3,1.8557573570144814
V18_train,7,6,C,21,2,9,7,3,2.0050450464002894
V18_train,7,8,C,14,2,6,4,2,2.256643919348741
V18_train,7,17,C,19,0,10,7,2,2.021416483023045
V18_train,7,19,C,26,2,13,8,3,1.7822561132966563
V18_train,7,23,C,27,1,14,8,4,1.8913742148656896
V18_train,7,26,C,24,2,9,10,3,1.8277179633261613
V18_train,7,27,C,23,2,10,8,3,1.9575331801140894
V18_train,7,31,C,36,2,17,11,6,1.9766855117880542
V18_train,7,32,C,23,2,9,7,5,2.1055220276431807
V18_train,7,40,C,40,2,18,11,9,1.9435584226669458
V18_train,7,43,C,25,2,10,6,7,2.0319498302878705
V18_train,7,11,Si,18,1,11,4,2,2.3327241486359664
V18_train,7,13,Si,19,2,11,3,3,2.3327241486359664
V18_train,7,14,Si,15,2,7,3,3,2.4501165873261717
V18_train,7,15,Si,14,2,7,3,2,2.662318951398209
V18_train,7,24,Si,25,1,10,9,5,2.637827927940648
V18_train,7,25,Si,24,1,10,8,5,2.6541864843204594
V18_train,7,33,Si,21,1,9,7,4,2.471202268536981
V18_train,7,39,Si,16,1,7,4,4,2.5794269227873046
V18_train,7,44,Si,18,1,8,4,5,2.7810024364277375
V18_train,7,45,Si,18,1,6,6,5,2.5054171490388626
V18_train,8,1,Ti,15,3,4,4,4,2.1225257213363293
V18_train,8,8,Ti,25,3,8,7,7,2.0995101669122382
V18_train,8,13,Ti,17,1,7,5,4,2.1550610399741705
V18_train,8,14,Ti,23,4,8,6,5,2.0143763344655485
V18_train,8,16,Ti,32,11,9,5,7,2.136685738641147
V18_train,8,19,Ti,20,8,5,3,4,2.0841655847607483
V18_train,8,22,Ti,16,0,6,5,5,2.111581641972688
V18_train,8,23,Ti,23,5,6,6,6,2.0684496391778873
V18_train,8,25,Ti,18,3,6,6,3,1.8813375501203813
V18_train,8,26,Ti,28,5,10,6,7,2.0902447135829885
V18_train,8,29,Ti,24,6,7,6,5,2.005614830176172
V18_train,8,32,Ti,25,2,11,6,6,2.21598542415184
V18_train,8,33,Ti,16,2,7,3,4,2.549523770669644
V18_train,8,0,C,14,7,1,4,2,2.8567324889606303
V18_train,8,2,C,14,6,1,3,4,2.8567324889606303
V18_train,8,3,C,17,11,0,3,3,2.408897011858357
V18_train,8,5,C,19,3,6,5,5,2.425005059366119
V18_train,8,10,C,15,1,6,3,5,2.0995101669122382
V18_train,8,12,C,23,5,8,4,6,2.1225257213363293
V18_train,8,20,C,21,6,8,2,5,2.0143763344655485
V18_train,8,21,C,21,7,5,5,4,2.5854069499732883
V18_train,8,24,C,22,5,6,5,6,2.0684496391778873
V18_train,8,27,C,16,10,2,3,1,2.6572031649448893
V18_train,8,28,C,19,5,6,5,3,1.8813375501203813
V18_train,8,30,C,19,0,9,4,6,2.0902447135829885
V18_train,8,31,C,23,3,10,4,6,2.1311530090532975
V18_train,8,4,Si,22,6,4,8,4,2.4692243319264255
V18_train,8,6,Si,27,4,10,8,5,2.4351949724399824
V18_train,8,7,Si,39,9,13,11,6,2.4632442259130634
V18_train,8,9,Si,32,13,6,8,5,2.502679864577849
V18_train,8,11,Si,24,2,9,7,6,2.6242674268884847
V18_train,8,15,Si,18,0,10,5,3,2.6524550936776716
V18_train,8,17,Si,31,9,10,6,6,2.549523770669644
V18_train,8,18,Si,17,8,5,3,1,2.7011981502428273
V18_train,9,1,Ti,20,5,6,8,1,2.153120287294216
V18_train,9,4,Ti,30,12,8,9,1,1.9669306135475766
V18_train,9,5,Ti,37,18,8,11,0,1.9646561542639767
V18_train,9,6,Ti,25,12,7,6,0,1.9488302839978853
V18_train,9,10,Ti,19,4,7,8,0,2.238556587310506
V18_train,9,14,Ti,24,6,8,10,0,2.0541256504902092
V18_train,9,15,Ti,19,3,8,8,0,1.8721725260232216
V18_train,9,16,Ti,21,7,7,7,0,2.164176577342868
V18_train,9,20,Ti,24,10,7,7,0,2.222337841513173
V18_train,9,0,C,23,10,6,6,1,2.198926369481286
V18_train,9,3,C,22,7,7,7,1,2.2137772164582437
V18_train,9,7,C,29,12,9,8,0,1.9837207056381458
V18_train,9,8,C,16,2,7,6,1,2.0326245437917305
V18_train,9,9,C,19,5,7,7,0,1.9669306135475766
V18_train,9,11,C,17,7,5,5,0,2.1910630069166928
V18_train,9,12,C,30,11,9,10,0,1.9646561542639767
V18_train,9,13,C,23,5,9,8,1,2.0541256504902092
V18_train,9,17,C,16,5,6,5,0,1.8721725260232216
V18_train,9,18,C,14,7,3,4,0,2.1910630069166928
V18_train,9,19,C,20,10,6,4,0,2.222337841513173
V18_train,9,2,Si,16,10,2,4,0,3.17975511865407
V18_train,10,0,Ti,13,0,6,3,4,2.678417579614165
V18_train,10,1,Ti,11,2,5,1,3,2.9108759150030608
V18_train,10,2,Ti,24,2,11,9,2,1.9057217904460986
V18_train,10,3,Ti,25,2,13,8,2,2.006056164637035
V18_train,10,7,Ti,21,2,9,7,3,2.0290379669557765
V18_train,10,9,Ti,28,2,15,7,4,2.4582882461855453
V18_train,10,10,Ti,22,1,12,7,2,2.2655160328492348
V18_train,10,12,Ti,12,2,4,2,4,2.672103283716609
V18_train,10,16,Ti,24,2,12,8,2,1.839482511173372
V18_train,10,18,Ti,23,1,10,8,4,1.932212701148667
V18_train,10,20,Ti,19,0,10,7,2,1.9409838945585476
V18_train,10,21,Ti,31,2,14,10,5,1.8280959656007036
V18_train,10,22,Ti,29,2,13,11,3,1.7413001819076432
V18_train,10,28,Ti,30,2,12,11,5,1.9707647626208609
V18_train,10,29,Ti,31,2,13,10,6,2.098941449543988
V18_train,10,30,Ti,20,2,8,6,4,1.9673208385514078
V18_train,10,34,Ti,17,2,7,5,3,2.0009014137269854
V18_train,10,35,Ti,15,1,6,5,3,2.084737648386758
V18_train,10,36,Ti,16,0,8,4,4,2.91305883787051
V18_train,10,37,Ti,18,0,9,5,4,2.209618522240386
V18_train,10,38,Ti,28,1,14,8,5,2.104735887853792
V18_train,10,41,Ti,23,2,8,7,6,2.137659914153777
V18_train,10,42,Ti,17,1,7,4,5,2.062232481923144
V18_train,10,4,C,26,2,14,9,1,2.0276696735670967
V18_train,10,5,C,26,2,14,7,3,1.8280959656007036
V18_train,10,6,C,21,2,9,7,3,2.0009014137269854
V18_train,10,8,C,14,2,6,4,2,2.259482628751516
V18_train,10,17,C,19,0,10,7,2,2.0315235567131933
V18_train,10,19,C,26,2,13,8,3,1.7413001819076432
V18_train,10,23,C,27,1,14,8,4,1.9119177530715639
V18_train,10,26,C,24,2,9,10,3,1.8963071372352636
V18_train,10,27,C,23,2,10,8,3,1.9673208385514078
V18_train,10,31,C,36,2,17,11,6,2.0229446169116727
V18_train,10,32,C,23,2,9,7,5,2.084737648386758
V18_train,10,40,C,40,2,18,11,9,1.9371144299373555
V18_train,10,43,C,24,2,10,5,7,2.062232481923144
V18_train,10,11,Si,18,1,11,4,2,2.37140667619122
V18_train,10,13,Si,18,2,10,3,3,2.37140667619122
V18_train,10,14,Si,15,2,7,3,3,2.465451776957465
V18_train,10,15,Si,14,2,7,3,2,2.671460086274053
V18_train,10,24,Si,25,1,10,9,5,2.651017071083718
V18_train,10,25,Si,24,1,10,8,5,2.6583135188818687
V18_train,10,33,Si,21,1,9,7,4,2.483558273248901
V18_train,10,39,Si,16,1,7,4,4,2.619129706195121
V18_train,10,44,Si,18,1,8,4,5,2.772413176271634
V18_train,10,45,Si,18,1,6,6,5,2.5179442298610497
V18_train,11,1,Ti,16,3,5,4,4,2.0980759440508976
V18_train,11,8,Ti,25,3,8,7,7,2.0519785195836784
V18_train,11,13,Ti,17,1,7,5,4,2.1442857235823185
V18_train,11,14,Ti,24,4,8,6,6,2.0252306189021847
V18_train,11,16,Ti,32,11,9,5,7,2.1135461599727265
V18_train,11,19,Ti,21,8,6,3,4,2.073744759645525
V18_train,11,22,Ti,16,0,6,5,5,2.1010237375423744
V18_train,11,23,Ti,23,5,6,6,6,2.104971796577551
V18_train,11,25,Ti,18,3,6,6,3,1.8719308638664627
V18_train,11,26,Ti,28,5,10,6,7,2.067297258105348
V18_train,11,29,Ti,25,7,7,6,5,1.9955867451163434
V18_train,11,32,Ti,25,2,11,6,6,2.204905493871529
V18_train,11,33,Ti,17,3,7,3,4,2.517391091297538
V18_train,11,0,C,15,7,1,4,3,2.8424488213923613
V18_train,11,2,C,13,5,1,3,4,2.8424488213923613
V18_train,11,3,C,17,11,0,3,3,2.4029331663247606
V18_train,11,5,C,19,3,6,5,5,2.4393828480621638
V18_train,11,10,C,15,1,6,3,5,2.0519785195836784
V18_train,11,12,C,23,5,8,4,6,2.0980759440508976
V18_train,11,20,C,21,6,8,2,5,2.0252306189021847
V18_train,11,21,C,21,7,5,5,4,2.4956755209257735
V18_train,11,24,C,22,5,6,5,6,2.067297258105348
V18_train,11,27,C,16,10,2,3,1,2.472621238379618
V18_train,11,28,C,20,6,6,5,3,1.8719308638664627
V18_train,11,30,C,19,0,9,4,6,2.0716491521035465
V18_train,11,31,C,23,3,10,4,6,2.1204972458050793
V18_train,11,4,Si,22,6,4,8,4,2.4236347336860633
V18_train,11,6,Si,27,4,10,8,5,2.430789068292144
V18_train,11,7,Si,41,9,13,12,7,2.44009398913327
V18_train,11,9,Si,32,13,6,8,5,2.508266695998769
V18_train,11,11,Si,24,2,9,7,6,2.6100135578168118
V18_train,11,15,Si,19,0,10,5,4,2.6395111107421325
V18_train,11,17,Si,32,10,10,6,6,2.517391091297538
V18_train,11,18,Si,21,9,6,3,3,2.6876921612808284
V18_train,12,0,Ti,12,0,6,2,4,2.6785789595440677
V18_train,12,1,Ti,11,2,5,1,3,2.9108759150030608
V18_train,12,2,Ti,23,2,10,9,2,1.8659929704761593
V18_train,12,3,Ti,25,2,13,8,2,2.009268487765559
V18_train,12,7,Ti,21,2,9,7,3,2.0147355920316863
V18_train,12,9,Ti,28,2,15,7,4,2.510324649549818
V18_train,12,10,Ti,22,1,12,7,2,2.278010501896788
V18_train,12,12,Ti,12,2,4,2,4,2.672103283716609
V18_train,12,16,Ti,24,2,12,8,2,1.8553864016217934
V18_train,12,18,Ti,23,1,10,8,4,1.9011826256430013
V18_train,12,20,Ti,19,0,10,7,2,1.9213035445573678
V18_train,12,21,Ti,31,2,14,10,5,1.8523028797131595
V18_train,12,22,Ti,29,2,13,11,3,1.8101801035197043
V18_train,12,28,Ti,30,2,12,11,5,2.009227036644029
V18_train,12,29,Ti,31,2,13,10,6,2.0852100296519622
V18_train,12,30,Ti,20,2,8,6,4,1.9992811769055245
V18_train,12,34,Ti,16,2,6,5,3,1.9980775789137457
V18_train,12,35,Ti,15,1,6,5,3,2.0669776159056377
V18_train,12,36,Ti,16,0,8,4,4,2.8923827158059185
V18_train,12,37,Ti,18,0,9,5,4,2.2261105679697515
V18_train,12,38,Ti,27,1,14,7,5,2.1019395347124257
V18_train,12,41,Ti,23,2,8,7,6,2.1594540629374714
V18_train,12,42,Ti,17,1,7,4,5,2.065992072469593
V18_train,12,4,C,25,2,13,9,1,2.0467080016163
V18_train,12,5,C,26,2,14,7,3,1.8523028797131595
V18_train,12,6,C,21,2,9,7,3,1.9980775789137457
V18_train,12,8,C,14,2,6,4,2,2.2522879767317363
V18_train,12,17,C,19,0,10,7,2,2.0315235567131933
V18_train,12,19,C,26,2,13,8,3,1.8101801035197043
V18_train,12,23,C,26,1,13,8,4,1.9097277522066767
V18_train,12,26,C,23,2,9,10,2,1.8659929704761593
V18_train,12,27,C,23,2,10,8,3,1.9992811769055245
V18_train,12,31,C,36,2,17,11,6,1.9946358623397344
V18_train,12,32,C,23,2,9,7,5,2.0669776159056377
V18_train,12,40,C,40,2,18,11,9,1.9335056732924625
V18_train,12,43,C,24,2,10,5,7,2.065992072469593
V18_train,12,11,Si,18,1,11,4,2,2.4124425033111607
V18_train,12,13,Si,18,2,10,3,3,2.4124425033111607
V18_train,12,14,Si,15,2,7,3,3,2.4507918617209445
V18_train,12,15,Si,14,2,7,3,2,2.6691352137441084
V18_train,12,24,Si,25,1,10,9,5,2.644308574297761
V18_train,12,25,Si,23,1,10,7,5,2.6629618632387615
V18_train,12,33,Si,21,1,9,7,4,2.473417455496071
V18_train,12,39,Si,16,1,7,4,4,2.569701921560352
V18_train,12,44,Si,18,1,8,4,5,2.747490183157714
V18_train,12,45,Si,18,1,6,6,5,2.5194183478391143
V18_train,13,1,Ti,15,3,4,4,4,2.138504954824739
V18_train,13,8,Ti,26,3,8,8,7,2.0741139728397693
V18_train,13,13,Ti,17,1,7,5,4,2.1430648827123537
V18_train,13,14,Ti,24,4,8,6,6,2.0509384156129915
V18_train,13,16,Ti,32,11,9,5,7,2.0617991927147763
V18_train,13,19,Ti,20,8,5,3,4,2.073744759645525
V18_train,13,22,Ti,16,0,6,5,5,2.1416804640256117
V18_train,13,23,Ti,22,5,6,6,5,2.1491804723196593
V18_train,13,25,Ti,18,3,6,6,3,1.8719308638664627
V18_train,13,26,Ti,28,5,10,6,7,2.0650161690642976
V18_train,13,29,Ti,25,7,7,6,5,1.9984324824248516
V18_train,13,32,Ti,25,2,11,6,6,2.1872613151037004
V18_train,13,33,Ti,17,3,7,3,4,2.4904085252729677
V18_train,13,0,C,15,7,1,4,3,2.790666123904744
V18_train,13,2,C,14,6,1,3,4,2.790666123904744
V18_train,13,3,C,17,11,0,3,3,2.403683537317008
V18_train,13,5,C,19,3,6,5,5,2.481893299959118
V18_train,13,10,C,15,1,6,3,5,2.0741139728397693
V18_train,13,12,C,23,5,8,4,6,2.0617991927147763
V18_train,13,20,C,21,6,8,2,5,2.0509384156129915
V18_train,13,21,C,21,7,5,5,4,2.545044689451413
V18_train,13,24,C,23,5,7,5,6,2.084875174457725
V18_train,13,27,C,16,10,2,3,1,2.416355873615221
V18_train,13,28,C,19,5,6,5,3,1.8719308638664627
V18_train,13,30,C,19,0,9,4,6,2.0650161690642976
V18_train,13,31,C,23,3,10,4,6,2.094203033238506
V18_train,13,4,Si,22,6,4,8,4,2.4237391925926484
V18_train,13,6,Si,27,4,10,8,5,2.368288558374189
V18_train,13,7,Si,40,9,13,12,6,2.4505464981599925
V18_train,13,9,Si,32,13,6,8,5,2.500919743405591
V18_train,13,11,Si,24,2,9,7,6,2.6211466281201474
V18_train,13,15,Si,19,0,10,5,4,2.599683379825884
V18_train,13,17,Si,31,10,9,6,6,2.4904085252729677
V18_train,13,18,Si,19,8,6,3,2,2.704254919209344
V18_train,14,1,Ti,20,5,6,8,1,2.0874534134226836
V18_train,14,4,Ti,30,12,8,9,1,1.9822289430009856
V18_train,14,5,Ti,37,18,8,11,0,2.0005299849100955
V18_train,14,6,Ti,25,12,7,6,0,1.9751216714325388
V18_train,14,10,Ti,19,4,7,8,0,2.226584428558228
V18_train,14,14,Ti,24,6,8,10,0,2.05021842258184
V18_train,14,15,Ti,20,4,8,8,0,1.8570365300480092
V18_train,14,16,Ti,21,7,7,7,0,2.1001348966075932
V18_train,14,20,Ti,24,10,7,7,0,2.21347742886132
V18_train,14,0,C,23,10,6,6,1,2.146185327042454
V18_train,14,3,C,22,7,7,7,1,2.1410855109756626
V18_train,14,7,C,28,11,9,8,0,2.022874084643518
V18_train,14,8,C,16,2,7,6,1,2.1045451504675654
V18_train,14,9,C,18,4,7,7,0,1.9822289430009856
V18_train,14,11,C,17,7,5,5,0,2.1910630069166928
V18_train,14,12,C,30,11,9,10,0,2.0005299849100955
V18_train,14,13,C,23,5,9,8,1,2.05021842258184
V18_train,14,17,C,15,4,6,5,0,1.8570365300480092
V18_train,14,18,C,14,7,3,4,0,2.1910630069166928
V18_train,14,19,C,20,10,6,4,0,2.21347742886132
V18_train,14,2,Si,16,10,2,4,0,3.148917919622663
V18_train,15,0,Ti,13,0,6,3,4,2.678417579614165
V18_train,15,1,Ti,11,2,5,1,3,2.9108759150030608
V18_train,15,2,Ti,24,2,11,9,2,1.9057217904460986
V18_train,15,3,Ti,25,2,13,8,2,2.006056164637035
V18_train,15,7,Ti,21,2,9,7,3,2.0290379669557765
V18_train,15,9,Ti,28,2,15,7,4,2.4582882461855453
V18_train,15,10,Ti,22,1,12,7,2,2.2655160328492348
V18_train,15,12,Ti,12,2,4,2,4,2.672103283716609
V18_train,15,16,Ti,24,2,12,8,2,1.839482511173372
V18_train,15,18,Ti,23,1,10,8,4,1.932212701148667
V18_train,15,20,Ti,19,0,10,7,2,1.9409838945585476
V18_train,15,21,Ti,31,2,14,10,5,1.8280959656007036
V18_train,15,22,Ti,29,2,13,11,3,1.7413001819076432
V18_train,15,28,Ti,30,2,12,11,5,1.9707647626208609
V18_train,15,29,Ti,31,2,13,10,6,2.098941449543988
V18_train,15,30,Ti,19,1,8,6,4,1.9673208385514078
V18_train,15,34,Ti,17,2,7,5,3,2.0009014137269854
V18_train,15,35,Ti,15,1,6,5,3,2.084737648386758
V18_train,15,36,Ti,16,0,8,4,4,2.91305883787051
V18_train,15,37,Ti,18,0,9,5,4,2.209618522240386
V18_train,15,38,Ti,28,1,14,8,5,2.104735887853792
V18_train,15,41,Ti,23,2,8,7,6,2.137659914153777
V18_train,15,42,Ti,17,1,7,4,5,2.062232481923144
V18_train,15,4,C,26,2,14,9,1,2.0276696735670967
V18_train,15,5,C,26,2,14,7,3,1.8280959656007036
V18_train,15,6,C,21,2,9,7,3,2.0009014137269854
V18_train,15,8,C,14,2,6,4,2,2.259482628751516
V18_train,15,17,C,19,0,10,7,2,2.0315235567131933
V18_train,15,19,C,26,2,13,8,3,1.7413001819076432
V18_train,15,23,C,27,1,14,8,4,1.9119177530715639
V18_train,15,26,C,24,2,9,10,3,1.8963071372352636
V18_train,15,27,C,23,2,10,8,3,1.9673208385514078
V18_train,15,31,C,36,2,17,11,6,2.0229446169116727
V18_train,15,32,C,23,2,9,7,5,2.084737648386758
V18_train,15,40,C,40,2,18,11,9,1.9371144299373555
V18_train,15,43,C,24,2,10,5,7,2.062232481923144
V18_train,15,11,Si,18,1,11,4,2,2.37140667619122
V18_train,15,13,Si,18,2,10,3,3,2.37140667619122
V18_train,15,14,Si,15,2,7,3,3,2.465451776957465
V18_train,15,15,Si,14,2,7,3,2,2.671460086274053
V18_train,15,24,Si,25,1,10,9,5,2.651017071083718
V18_train,15,25,Si,24,1,10,8,5,2.6583135188818687
V18_train,15,33,Si,21,1,9,7,4,2.483558273248901
V18_train,15,39,Si,16,1,7,4,4,2.619129706195121
V18_train,15,44,Si,18,1,8,4,5,2.772413176271634
V18_train,15,45,Si,18,1,6,6,5,2.5179442298610497
V18_train,16,1,Ti,16,3,5,4,4,2.0980759440508976
V18_train,16,8,Ti,25,3,8,7,7,2.0519785195836784
V18_train,16,13,Ti,17,1,7,5,4,2.1442857235823185
V18_train,16,14,Ti,24,4,8,6,6,2.0252306189021847
V18_train,16,16,Ti,32,11,9,5,7,2.1135461599727265
V18_train,16,19,Ti,21,8,6,3,4,2.073744759645525
V18_train,16,22,Ti,16,0,6,5,5,2.1010237375423744
V18_train,16,23,Ti,23,5,6,6,6,2.104971796577551
V18_train,16,25,Ti,19,4,6,6,3,1.8719308638664627
V18_train,16,26,Ti,28,5,10,6,7,2.067297258105348
V18_train,16,29,Ti,25,7,7,6,5,1.9955867451163434
V18_train,16,32,Ti,25,2,11,6,6,2.204905493871529
V18_train,16,33,Ti,18,4,7,3,4,2.517391091297538
V18_train,16,0,C,13,5,1,4,3,2.8424488213923613
V18_train,16,2,C,12,4,1,3,4,2.8424488213923613
V18_train,16,3,C,17,11,0,3,3,2.6530063832099064
V18_train,16,5,C,19,3,6,5,5,2.4393828480621638
V18_train,16,10,C,15,1,6,3,5,2.0519785195836784
V18_train,16,12,C,23,5,8,4,6,2.0980759440508976
V18_train,16,20,C,21,6,8,2,5,2.0252306189021847
V18_train,16,21,C,21,7,5,5,4,2.255280070050479
V18_train,16,24,C,22,5,6,5,6,2.067297258105348
V18_train,16,27,C,16,10,2,3,1,2.383339567783738
V18_train,16,28,C,21,7,6,5,3,1.8719308638664627
V18_train,16,30,C,19,0,9,4,6,2.0716491521035465
V18_train,16,31,C,23,3,10,4,6,2.1204972458050793
V18_train,16,4,Si,22,6,4,8,4,2.4236347336860633
V18_train,16,6,Si,27,4,10,8,5,2.430789068292144
V18_train,16,7,Si,41,9,13,12,7,2.3545200464834064
V18_train,16,9,Si,32,13,6,8,5,2.508266695998769
V18_train,16,11,Si,24,2,9,7,6,2.6100135578168118
V18_train,16,15,Si,19,0,10,5,4,2.6395111107421325
V18_train,16,17,Si,32,10,10,6,6,2.517391091297538
V18_train,16,18,Si,20,8,6,3,3,2.6876921612808284
V18_train,17,1,Ti,19,4,6,8,1,2.153120287294216
V18_train,17,4,Ti,30,12,8,9,1,1.9669306135475766
V18_train,17,5,Ti,39,20,8,11,0,1.9646561542639767
V18_train,17,6,Ti,23,10,7,6,0,1.9488302839978853
V18_train,17,10,Ti,19,4,7,8,0,2.238556587310506
V18_train,17,14,Ti,24,6,8,10,0,2.0541256504902092
V18_train,17,15,Ti,18,2,8,8,0,1.8721725260232216
V18_train,17,16,Ti,21,7,7,7,0,2.164176577342868
V18_train,17,20,Ti,24,10,7,7,0,2.222337841513173
V18_train,17,0,C,23,10,6,6,1,2.198926369481286
V18_train,17,3,C,20,5,7,7,1,2.2137772164582437
V18_train,17,7,C,28,11,9,8,0,1.9837207056381458
V18_train,17,8,C,16,2,7,6,1,2.0326245437917305
V18_train,17,9,C,20,6,7,7,0,1.9669306135475766
V18_train,17,11,C,18,8,5,5,0,2.1910630069166928
V18_train,17,12,C,32,13,9,10,0,1.9646561542639767
V18_train,17,13,C,23,5,9,8,1,2.0541256504902092
V18_train,17,17,C,15,4,6,5,0,1.8721725260232216
V18_train,17,18,C,14,7,3,4,0,2.1910630069166928
V18_train,17,19,C,21,11,6,4,0,2.222337841513173
V18_train,17,2,Si,14,8,2,4,0,3.3422394861976517
V18_train,18,0,Ti,13,0,6,3,4,2.678417579614165
V18_train,18,1,Ti,11,2,5,1,3,2.9108759150030608
V18_train,18,2,Ti,24,2,11,9,2,1.9057217904460986
V18_train,18,3,Ti,25,2,13,8,2,2.006056164637035
V18_train,18,7,Ti,21,2,9,7,3,2.0290379669557765
V18_train,18,9,Ti,28,2,15,7,4,2.4582882461855453
V18_train,18,10,Ti,21,0,12,7,2,2.2655160328492348
V18_train,18,12,Ti,12,2,4,2,4,2.672103283716609
V18_train,18,16,Ti,24,2,12,8,2,1.839482511173372
V18_train,18,18,Ti,22,0,10,8,4,1.932212701148667
V18_train,18,20,Ti,19,0,10,7,2,1.9409838945585476
V18_train,18,21,Ti,31,2,14,10,5,1.8280959656007036
V18_train,18,22,Ti,29,2,13,11,3,1.7413001819076432
V18_train,18,28,Ti,30,2,12,11,5,1.9707647626208609
V18_train,18,29,Ti,31,2,13,10,6,2.098941449543988
V18_train,18,30,Ti,20,2,8,6,4,1.9673208385514078
V18_train,18,34,Ti,17,2,7,5,3,2.0009014137269854
V18_train,18,35,Ti,15,1,6,5,3,2.084737648386758
V18_train,18,36,Ti,16,0,8,4,4,2.91305883787051
V18_train,18,37,Ti,18,0,9,5,4,2.209618522240386
V18_train,18,38,Ti,28,1,14,8,5,2.104735887853792
V18_train,18,41,Ti,23,2,8,7,6,2.137659914153777
V18_train,18,42,Ti,17,1,7,4,5,2.062232481923144
V18_train,18,4,C,26,2,14,9,1,2.0276696735670967
V18_train,18,5,C,26,2,14,7,3,1.8280959656007036
V18_train,18,6,C,21,2,9,7,3,2.0009014137269854
V18_train,18,8,C,14,2,6,4,2,2.259482628751516
V18_train,18,17,C,19,0,10,7,2,2.0315235567131933
V18_train,18,19,C,26,2,13,8,3,1.7413001819076432
V18_train,18,23,C,27,1,14,8,4,1.9119177530715639
V18_train,18,26,C,24,2,9,10,3,1.8963071372352636
V18_train,18,27,C,23,2,10,8,3,1.9673208385514078
V18_train,18,31,C,36,2,17,11,6,2.0229446169116727
V18_train,18,32,C,23,2,9,7,5,2.084737648386758
V18_train,18,40,C,40,2,18,11,9,1.9371144299373555
V18_train,18,43,C,24,2,10,5,7,2.062232481923144
V18_train,18,11,Si,18,1,11,4,2,2.37140667619122
V18_train,18,13,Si,18,2,10,3,3,2.37140667619122
V18_train,18,14,Si,15,2,7,3,3,2.465451776957465
V18_train,18,15,Si,14,2,7,3,2,2.671460086274053
V18_train,18,24,Si,25,1,10,9,5,2.651017071083718
V18_train,18,25,Si,23,0,10,8,5,2.6583135188818687
V18_train,18,33,Si,21,1,9,7,4,2.483558273248901
V18_train,18,39,Si,16,1,7,4,4,2.619129706195121
V18_train,18,44,Si,18,1,8,4,5,2.772413176271634
V18_train,18,45,Si,18,1,6,6,5,2.5179442298610497
V18_train,19,1,Ti,15,2,5,4,4,2.0980759440508976
V18_train,19,8,Ti,25,3,8,7,7,2.0519785195836784
V18_train,19,13,Ti,17,1,7,5,4,2.1442857235823185
V18_train,19,14,Ti,22,2,8,6,6,2.0252306189021847
V18_train,19,16,Ti,31,10,9,5,7,2.1135461599727265
V18_train,19,19,Ti,21,8,6,3,4,2.073744759645525
V18_train,19,22,Ti,16,0,6,5,5,2.1010237375423744
V18_train,19,23,Ti,21,3,6,6,6,2.104971796577551
V18_train,19,25,Ti,18,3,6,6,3,1.8719308638664627
V18_train,19,26,Ti,28,5,10,6,7,2.067297258105348
V18_train,19,29,Ti,23,5,7,6,5,1.9955867451163434
V18_train,19,32,Ti,24,1,11,6,6,2.204905493871529
V18_train,19,33,Ti,16,2,7,3,4,2.517391091297538
V18_train,19,0,C,14,6,1,4,3,2.8424488213923613
V18_train,19,2,C,11,3,1,3,4,2.8424488213923613
V18_train,19,3,C,17,11,0,3,3,2.4393827292659735
V18_train,19,5,C,19,3,6,5,5,2.4393828480621638
V18_train,19,10,C,15,1,6,3,5,2.0519785195836784
V18_train,19,12,C,23,5,8,4,6,2.0980759440508976
V18_train,19,20,C,21,6,8,2,5,2.0252306189021847
V18_train,19,21,C,20,6,5,5,4,2.747486172780447
V18_train,19,24,C,21,4,6,5,6,2.067297258105348
V18_train,19,27,C,16,10,2,3,1,2.2720856935453453
V18_train,19,28,C,18,4,6,5,3,1.8719308638664627
V18_train,19,30,C,19,0,9,4,6,2.0716491521035465
V18_train,19,31,C,23,3,10,4,6,2.1204972458050793
V18_train,19,4,Si,22,6,4,8,4,2.4236347336860633
V18_train,19,6,Si,26,3,10,8,5,2.430789068292144
V18_train,19,7,Si,41,9,13,12,7,2.5203699726963014
V18_train,19,9,Si,31,12,6,8,5,2.508266695998769
V18_train,19,11,Si,23,1,9,7,6,2.6100135578168118
V18_train,19,15,Si,19,0,10,5,4,2.6395111107421325
V18_train,19,17,Si,30,8,10,6,6,2.517391091297538
V18_train,19,18,Si,21,9,6,3,3,2.6876921612808284
V18_train,20,1,Ti,19,4,6,8,1,2.153120287294216
V18_train,20,4,Ti,30,12,8,9,1,1.9669306135475766
V18_train,20,5,Ti,37,18,8,11,0,1.9646561542639767
V18_train,20,6,Ti,24,11,7,6,0,1.9488302839978853
V18_train,20,10,Ti,19,4,7,8,0,2.238556587310506
V18_train,20,14,Ti,24,6,8,10,0,2.0541256504902092
V18_train,20,15,Ti,18,2,8,8,0,1.8721725260232216
V18_train,20,16,Ti,21,7,7,7,0,2.164176577342868
V18_train,20,20,Ti,22,8,7,7,0,2.222337841513173
V18_train,20,0,C,23,10,6,6,1,2.198926369481286
V18_train,20,3,C,20,5,7,7,1,2.2137772164582437
V18_train,20,7,C,28,11,9,8,0,1.9837207056381458
V18_train,20,8,C,16,2,7,6,1,2.0326245437917305
V18_train,20,9,C,18,4,7,7,0,1.9669306135475766
V18_train,20,11,C,16,6,5,5,0,2.1910630069166928
V18_train,20,12,C,30,11,9,10,0,1.9646561542639767
V18_train,20,13,C,23,5,9,8,1,2.0541256504902092
V18_train,20,17,C,15,4,6,5,0,1.8721725260232216
V18_train,20,18,C,14,7,3,4,0,2.1910630069166928
V18_train,20,19,C,19,9,6,4,0,2.222337841513173
V18_train,20,2,Si,15,9,2,4,0,3.2885203363909
V18_train,21,0,Ti,13,0,6,3,4,2.678417579614165
V18_train,21,1,Ti,11,2,5,1,3,2.9108759150030608
V18_train,21,2,Ti,24,2,11,9,2,1.9057217904460986
V18_train,21,3,Ti,25,2,13,8,2,2.006056164637035
V18_train,21,7,Ti,21,2,9,7,3,2.0290379669557765
V18_train,21,9,Ti,28,2,15,7,4,2.4582882461855453
V18_train,21,10,Ti,22,1,12,7,2,2.2655160328492348
V18_train,21,12,Ti,12,2,4,2,4,2.672103283716609
V18_train,21,16,Ti,24,2,12,8,2,1.839482511173372
V18_train,21,18,Ti,23,1,10,8,4,1.932212701148667
V18_train,21,20,Ti,19,0,10,7,2,1.9409838945585476
V18_train,21,21,Ti,31,2,14,10,5,1.8280959656007036
V18_train,21,22,Ti,29,2,13,11,3,1.7413001819076432
V18_train,21,28,Ti,30,2,12,11,5,1.9707647626208609
V18_train,21,29,Ti,31,2,13,10,6,2.098941449543988
V18_train,21,30,Ti,20,2,8,6,4,1.9673208385514078
V18_train,21,34,Ti,17,2,7,5,3,2.0009014137269854
V18_train,21,35,Ti,15,1,6,5,3,2.084737648386758
V18_train,21,36,Ti,16,0,8,4,4,2.91305883787051
V18_train,21,37,Ti,18,0,9,5,4,2.209618522240386
V18_train,21,38,Ti,28,1,14,8,5,2.1394804102428138
V18_train,21,41,Ti,23,2,8,7,6,2.137659914153777
V18_train,21,42,Ti,17,1,7,4,5,2.062232481923144
V18_train,21,4,C,26,2,14,9,1,2.0276696735670967
V18_train,21,5,C,26,2,14,7,3,1.8280959656007036
V18_train,21,6,C,21,2,9,7,3,2.0009014137269854
V18_train,21,8,C,14,2,6,4,2,2.259482628751516
V18_train,21,17,C,19,0,10,7,2,2.0315235567131933
V18_train,21,19,C,26,2,13,8,3,1.7413001819076432
V18_train,21,23,C,27,1,14,8,4,1.9119177530715639
V18_train,21,26,C,24,2,9,10,3,1.8963071372352636
V18_train,21,27,C,23,2,10,8,3,1.9673208385514078
V18_train,21,31,C,36,2,17,11,6,2.0229446169116727
V18_train,21,32,C,23,2,9,7,5,2.084737648386758
V18_train,21,40,C,40,2,18,11,9,1.9628292110031582
V18_train,21,43,C,24,2,10,5,7,2.062232481923144
V18_train,21,11,Si,18,1,11,4,2,2.37140667619122
V18_train,21,13,Si,18,2,10,3,3,2.37140667619122
V18_train,21,14,Si,15,2,7,3,3,2.465451776957465
V18_train,21,15,Si,14,2,7,3,2,2.671460086274053
V18_train,21,24,Si,25,1,10,9,5,2.651017071083718
V18_train,21,25,Si,24,1,10,8,5,2.6583135188818687
V18_train,21,33,Si,21,1,9,7,4,2.483558273248901
V18_train,21,39,Si,16,1,7,4,4,2.619129706195121
V18_train,21,44,Si,18,1,8,4,5,2.772413176271634
V18_train,21,45,Si,18,1,6,6,5,2.5179442298610497
V18_train,22,1,Ti,16,3,5,4,4,2.0980759440508976
V18_train,22,8,Ti,25,3,8,7,7,2.0519785195836784
V18_train,22,13,Ti,17,1,7,5,4,2.1442857235823185
V18_train,22,14,Ti,24,4,8,6,6,2.0252306189021847
V18_train,22,16,Ti,32,11,9,5,7,2.1135461599727265
V18_train,22,19,Ti,21,8,6,3,4,2.073744759645525
V18_train,22,22,Ti,16,0,6,5,5,2.1010237375423744
V18_train,22,23,Ti,23,5,6,6,6,2.104971796577551
V18_train,22,25,Ti,19,4,6,6,3,1.8719308638664627
V18_train,22,26,Ti,28,5,10,6,7,2.067297258105348
V18_train,22,29,Ti,25,7,7,6,5,1.9955867451163434
V18_train,22,32,Ti,25,2,11,6,6,2.204905493871529
V18_train,22,33,Ti,18,4,7,3,4,2.517391091297538
V18_train,22,0,C,14,6,1,4,3,2.8424488213923613
V18_train,22,2,C,12,4,1,3,4,2.8424488213923613
V18_train,22,3,C,17,11,0,3,3,2.5528560276658263
V18_train,22,5,C,19,3,6,5,5,2.4393828480621638
V18_train,22,10,C,15,1,6,3,5,2.0519785195836784
V18_train,22,12,C,23,5,8,4,6,2.0980759440508976
V18_train,22,20,C,21,6,8,2,5,2.0252306189021847
V18_train,22,21,C,21,7,5,5,4,2.3737822660826624
V18_train,22,24,C,22,5,6,5,6,2.067297258105348
V18_train,22,27,C,16,10,2,3,1,2.4237536302315483
V18_train,22,28,C,21,7,6,5,3,1.8719308638664627
V18_train,22,30,C,19,0,9,4,6,2.0716491521035465
V18_train,22,31,C,23,3,10,4,6,2.1204972458050793
V18_train,22,4,Si,22,6,4,8,4,2.4236347336860633
V18_train,22,6,Si,27,4,10,8,5,2.430789068292144
V18_train,22,7,Si,41,9,13,12,7,2.444700116624624
V18_train,22,9,Si,32,13,6,8,5,2.508266695998769
V18_train,22,11,Si,24,2,9,7,6,2.6100135578168118
V18_train,22,15,Si,19,0,10,5,4,2.6395111107421325
V18_train,22,17,Si,32,10,10,6,6,2.517391091297538
V18_train,22,18,Si,20,8,6,3,3,2.6876921612808284
V18_train,23,1,Ti,16,3,5,4,4,2.0980759440508976
V18_train,23,8,Ti,25,3,8,7,7,2.0519785195836784
V18_train,23,13,Ti,17,1,7,5,4,2.1442857235823185
V18_train,23,14,Ti,24,4,8,6,6,2.0252306189021847
V18_train,23,16,Ti,32,11,9,5,7,2.1135461599727265
V18_train,23,19,Ti,21,8,6,3,4,2.073744759645525
V18_train,23,22,Ti,16,0,6,5,5,2.1010237375423744
V18_train,23,23,Ti,23,5,6,6,6,2.104971796577551
V18_train,23,25,Ti,18,3,6,6,3,1.8719308638664627
V18_train,23,26,Ti,28,5,10,6,7,2.067297258105348
V18_train,23,29,Ti,25,7,7,6,5,1.9955867451163434
V18_train,23,32,Ti,25,2,11,6,6,2.204905493871529
V18_train,23,33,Ti,17,3,7,3,4,2.517391091297538
V18_train,23,0,C,14,7,1,4,2,2.8424488213923613
V18_train,23,2,C,13,5,1,3,4,2.8424488213923613
V18_train,23,3,C,17,11,0,3,3,2.4029331663247606
V18_train,23,5,C,19,3,6,5,5,2.4393828480621638
V18_train,23,10,C,15,1,6,3,5,2.0519785195836784
V18_train,23,12,C,23,5,8,4,6,2.0980759440508976
V18_train,23,20,C,21,6,8,2,5,2.0252306189021847
V18_train,23,21,C,21,7,5,5,4,2.4956755209257735
V18_train,23,24,C,22,5,6,5,6,2.067297258105348
V18_train,23,27,C,16,10,2,3,1,2.472621238379618
V18_train,23,28,C,20,6,6,5,3,1.8719308638664627
V18_train,23,30,C,19,0,9,4,6,2.0716491521035465
V18_train,23,31,C,23,3,10,4,6,2.1204972458050793
V18_train,23,4,Si,22,6,4,8,4,2.4236347336860633
V18_train,23,6,Si,27,4,10,8,5,2.430789068292144
V18_train,23,7,Si,40,9,13,11,7,2.448409623957272
V18_train,23,9,Si,32,13,6,8,5,2.508266695998769
V18_train,23,11,Si,24,2,9,7,6,2.6100135578168118
V18_train,23,15,Si,19,0,10,5,4,2.6395111107421325
V18_train,23,17,Si,32,10,10,6,6,2.517391091297538
V18_train,23,18,Si,21,9,6,3,3,2.6876921612808284
V18_train,24,1,Ti,20,5,6,8,1,2.153120287294216
V18_train,24,4,Ti,30,12,8,9,1,1.9669306135475766
V18_train,24,5,Ti,37,18,8,11,0,1.974873993000684
V18_train,24,6,Ti,25,12,7,6,0,1.9488302839978853
V18_train,24,10,Ti,19,4,7,8,0,2.238556587310506
V18_train,24,14,Ti,24,6,8,10,0,2.0541256504902092
V18_train,24,15,Ti,19,3,8,8,0,1.8721725260232216
V18_train,24,16,Ti,21,7,7,7,0,2.164176577342868
V18_train,24,20,Ti,24,10,7,7,0,2.222337841513173
V18_train,24,0,C,23,10,6,6,1,2.198926369481286
V18_train,24,3,C,22,7,7,7,1,2.2137772164582437
V18_train,24,7,C,29,12,9,8,0,1.9837207056381458
V18_train,24,8,C,16,2,7,6,1,2.0326245437917305
V18_train,24,9,C,19,5,7,7,0,1.9669306135475766
V18_train,24,11,C,17,7,5,5,0,2.1910630069166928
V18_train,24,12,C,30,11,9,10,0,1.974873993000684
V18_train,24,13,C,23,5,9,8,1,2.0541256504902092
V18_train,24,17,C,16,5,6,5,0,1.8721725260232216
V18_train,24,18,C,14,7,3,4,0,2.1910630069166928
V18_train,24,19,C,20,10,6,4,0,2.222337841513173
V18_train,24,2,Si,16,10,2,4,0,3.17975511865407
V18_train,25,0,Ti,13,0,6,3,4,2.678417579614165
V18_train,25,1,Ti,11,2,5,1,3,2.9108759150030608
V18_train,25,2,Ti,24,2,11,9,2,1.9057217904460986
V18_train,25,3,Ti,25,2,13,8,2,2.006056164637035
V18_train,25,7,Ti,21,2,9,7,3,2.0290379669557765
V18_train,25,9,Ti,28,2,15,7,4,2.4582882461855453
V18_train,25,10,Ti,22,1,12,7,2,2.2655160328492348
V18_train,25,12,Ti,12,2,4,2,4,2.672103283716609
V18_train,25,16,Ti,24,2,12,8,2,1.839482511173372
V18_train,25,18,Ti,23,1,10,8,4,1.932212701148667
V18_train,25,20,Ti,19,0,10,7,2,1.9409838945585476
V18_train,25,21,Ti,31,2,14,10,5,1.8280959656007036
V18_train,25,22,Ti,29,2,13,11,3,1.7413001819076432
V18_train,25,28,Ti,30,2,12,11,5,1.9707647626208609
V18_train,25,29,Ti,31,2,13,10,6,2.098941449543988
V18_train,25,30,Ti,20,2,8,6,4,1.9673208385514078
V18_train,25,34,Ti,17,2,7,5,3,2.0009014137269854
V18_train,25,35,Ti,15,1,6,5,3,2.084737648386758
V18_train,25,36,Ti,16,0,8,4,4,2.91305883787051
V18_train,25,37,Ti,18,0,9,5,4,2.209618522240386
V18_train,25,38,Ti,28,1,14,8,5,2.070181124841425
V18_train,25,41,Ti,23,2,8,7,6,2.137659914153777
V18_train,25,42,Ti,17,1,7,4,5,2.062232481923144
V18_train,25,4,C,26,2,14,9,1,2.0276696735670967
V18_train,25,5,C,26,2,14,7,3,1.8280959656007036
V18_train,25,6,C,21,2,9,7,3,2.0009014137269854
V18_train,25,8,C,14,2,6,4,2,2.259482628751516
V18_train,25,17,C,19,0,10,7,2,2.0315235567131933
V18_train,25,19,C,26,2,13,8,3,1.7413001819076432
V18_train,25,23,C,27,1,14,8,4,1.9119177530715639
V18_train,25,26,C,24,2,9,10,3,1.8963071372352636
V18_train,25,27,C,23,2,10,8,3,1.9673208385514078
V18_train,25,31,C,36,2,17,11,6,2.0229446169116727
V18_train,25,32,C,23,2,9,7,5,2.084737648386758
V18_train,25,40,C,40,2,18,11,9,1.911890718110966
V18_train,25,43,C,24,2,10,5,7,2.062232481923144
V18_train,25,11,Si,18,1,11,4,2,2.37140667619122
V18_train,25,13,Si,18,2,10,3,3,2.37140667619122
V18_train,25,14,Si,15,2,7,3,3,2.465451776957465
V18_train,25,15,Si,14,2,7,3,2,2.671460086274053
V18_train,25,24,Si,25,1,10,9,5,2.651017071083718
V18_train,25,25,Si,24,1,10,8,5,2.6583135188818687
V18_train,25,33,Si,21,1,9,7,4,2.483558273248901
V18_train,25,39,Si,16,1,7,4,4,2.619129706195121
V18_train,25,44,Si,18,1,8,4,5,2.772413176271634
V18_train,25,45,Si,18,1,6,6,5,2.5179442298610497
V18_train,26,1,Ti,16,3,5,4,4,2.0980759440508976
V18_train,26,8,Ti,25,3,8,7,7,2.0519785195836784
V18_train,26,13,Ti,17,1,7,5,4,2.1442857235823185
V18_train,26,14,Ti,24,4,8,6,6,2.0252306189021847
V18_train,26,16,Ti,32,11,9,5,7,2.1135461599727265
V18_train,26,19,Ti,21,8,6,3,4,2.073744759645525
V18_train,26,22,Ti,16,0,6,5,5,2.1010237375423744
V18_train,26,23,Ti,23,5,6,6,6,2.104971796577551
V18_train,26,25,Ti,18,3,6,6,3,1.8719308638664627
V18_train,26,26,Ti,28,5,10,6,7,2.067297258105348
V18_train,26,29,Ti,25,7,7,6,5,1.9955867451163434
V18_train,26,32,Ti,25,2,11,6,6,2.204905493871529
V18_train,26,33,Ti,16,2,7,3,4,2.517391091297538
V18_train,26,0,C,15,7,1,4,3,2.8424488213923613
V18_train,26,2,C,14,6,1,3,4,2.8424488213923613
V18_train,26,3,C,17,11,0,3,3,2.253020573347613
V18_train,26,5,C,19,3,6,5,5,2.4393828480621638
V18_train,26,10,C,15,1,6,3,5,2.0519785195836784
V18_train,26,12,C,23,5,8,4,6,2.0980759440508976
V18_train,26,20,C,21,6,8,2,5,2.0252306189021847
V18_train,26,21,C,21,7,5,5,4,2.620486665296734
V18_train,26,24,C,22,5,6,5,6,2.067297258105348
V18_train,26,27,C,16,10,2,3,1,2.529452493165581
V18_train,26,28,C,19,5,6,5,3,1.8719308638664627
V18_train,26,30,C,19,0,9,4,6,2.0716491521035465
V18_train,26,31,C,23,3,10,4,6,2.1204972458050793
V18_train,26,4,Si,22,6,4,8,4,2.4236347336860633
V18_train,26,6,Si,27,4,10,8,5,2.430789068292144
V18_train,26,7,Si,41,9,13,12,7,2.444700122643768
V18_train,26,9,Si,32,13,6,8,5,2.508266695998769
V18_train,26,11,Si,24,2,9,7,6,2.6100135578168118
V18_train,26,15,Si,19,0,10,5,4,2.6395111107421325
V18_train,26,17,Si,31,9,10,6,6,2.517391091297538
V18_train,26,18,Si,21,9,6,3,3,2.6876921612808284
V18_train,27,1,Ti,16,3,5,4,4,2.0980759440508976
V18_train,27,8,Ti,25,3,8,7,7,2.0519785195836784
V18_train,27,13,Ti,17,1,7,5,4,2.1442857235823185
V18_train,27,14,Ti,24,4,8,6,6,2.0252306189021847
V18_train,27,16,Ti,32,11,9,5,7,2.1135461599727265
V18_train,27,19,Ti,21,8,6,3,4,2.073744759645525
V18_train,27,22,Ti,16,0,6,5,5,2.1010237375423744
V18_train,27,23,Ti,23,5,6,6,6,2.104971796577551
V18_train,27,25,Ti,18,3,6,6,3,1.8719308638664627
V18_train,27,26,Ti,28,5,10,6,7,2.067297258105348
V18_train,27,29,Ti,25,7,7,6,5,1.9955867451163434
V18_train,27,32,Ti,25,2,11,6,6,2.204905493871529
V18_train,27,33,Ti,17,3,7,3,4,2.517391091297538
V18_train,27,0,C,15,7,1,4,3,2.8424488213923613
V18_train,27,2,C,13,5,1,3,4,2.8424488213923613
V18_train,27,3,C,17,11,0,3,3,2.4029331663247606
V18_train,27,5,C,19,3,6,5,5,2.4393828480621638
V18_train,27,10,C,15,1,6,3,5,2.0519785195836784
V18_train,27,12,C,23,5,8,4,6,2.0980759440508976
V18_train,27,20,C,21,6,8,2,5,2.0252306189021847
V18_train,27,21,C,21,7,5,5,4,2.4956755209257735
V18_train,27,24,C,22,5,6,5,6,2.067297258105348
V18_train,27,27,C,16,10,2,3,1,2.472621238379618
V18_train,27,28,C,20,6,6,5,3,1.8719308638664627
V18_train,27,30,C,19,0,9,4,6,2.0716491521035465
V18_train,27,31,C,23,3,10,4,6,2.1204972458050793
V18_train,27,4,Si,22,6,4,8,4,2.4236347336860633
V18_train,27,6,Si,27,4,10,8,5,2.430789068292144
V18_train,27,7,Si,40,9,13,12,6,2.4324077916626874
V18_train,27,9,Si,32,13,6,8,5,2.4921403654098278
V18_train,27,11,Si,24,2,9,7,6,2.6100135578168118
V18_train,27,15,Si,19,0,10,5,4,2.6395111107421325
V18_train,27,17,Si,32,10,10,6,6,2.517391091297538
V18_train,27,18,Si,20,9,6,3,2,2.6876921612808284
V18_train,28,1,Ti,20,5,6,8,1,2.153120287294216
V18_train,28,4,Ti,30,12,8,9,1,1.9669306135475766
V18_train,28,5,Ti,37,18,8,11,0,1.95520339619815
V18_train,28,6,Ti,25,12,7,6,0,1.9488302839978853
V18_train,28,10,Ti,19,4,7,8,0,2.238556587310506
V18_train,28,14,Ti,24,6,8,10,0,2.0541256504902092
V18_train,28,15,Ti,19,3,8,8,0,1.8721725260232216
V18_train,28,16,Ti,21,7,7,7,0,2.164176577342868
V18_train,28,20,Ti,24,10,7,7,0,2.222337841513173
V18_train,28,0,C,23,10,6,6,1,2.198926369481286
V18_train,28,3,C,22,7,7,7,1,2.2137772164582437
V18_train,28,7,C,29,12,9,8,0,1.9837207056381458
V18_train,28,8,C,16,2,7,6,1,2.0326245437917305
V18_train,28,9,C,19,5,7,7,0,1.9669306135475766
V18_train,28,11,C,17,7,5,5,0,2.1910630069166928
V18_train,28,12,C,30,11,9,10,0,1.95520339619815
V18_train,28,13,C,23,5,9,8,1,2.0541256504902092
V18_train,28,17,C,16,5,6,5,0,1.8721725260232216
V18_train,28,18,C,14,7,3,4,0,2.1910630069166928
V18_train,28,19,C,20,10,6,4,0,2.222337841513173
V18_train,28,2,Si,16,10,2,4,0,3.17975511865407
V18_train,29,2,Ti,64,15,30,19,0,2.0816392229288345
V18_train,29,3,Ti,64,15,30,19,0,2.081639552973921
V18_train,29,6,Ti,68,1,36,24,7,2.194759993926282
V18_train,29,7,Ti,68,1,36,24,7,2.1947599816437977
V18_train,29,10,Ti,68,0,36,20,12,2.081643011180708
V18_train,29,11,Ti,68,0,36,20,12,2.081642633019854
V18_train,29,12,Ti,68,0,36,20,12,2.0816392229288345
V18_train,29,13,Ti,68,0,36,20,12,2.081639552973921
V18_train,29,16,Ti,73,6,36,24,7,2.1947599998228853
V18_train,29,17,Ti,73,6,36,24,7,2.1947599816437986
V18_train,29,20,Ti,68,19,30,19,0,2.0816430206472427
V18_train,29,21,Ti,68,19,30,19,0,2.08164263088084
V18_train,29,4,C,61,6,31,24,0,2.081639552973921
V18_train,29,5,C,61,6,31,24,0,2.0816392229288345
V18_train,29,8,C,68,0,32,24,12,2.081642633019854
V18_train,29,9,C,68,0,32,24,12,2.081643011180708
V18_train,29,14,C,69,1,32,24,12,2.081639552973921
V18_train,29,15,C,69,1,32,24,12,2.0816392229288345
V18_train,29,18,C,67,12,31,24,0,2.08164263088084
V18_train,29,19,C,67,12,31,24,0,2.0816430206472427
V18_train,29,0,Si,74,0,38,24,12,2.745858594337412
V18_train,29,1,Si,74,0,38,24,12,2.745856499512225
bulk_control,0,0,Ti,74,0,36,24,14,2.176024817407612
bulk_control,0,1,Ti,74,0,36,24,14,2.1760248194874836
bulk_control,0,2,Ti,71,0,37,22,12,2.0881883761708946
bulk_control,0,3,Ti,71,0,37,22,12,2.08818838298171
bulk_control,0,4,Ti,71,0,37,22,12,2.08818838298171
bulk_control,0,5,Ti,71,0,37,22,12,2.0881883761708937
bulk_control,0,12,Ti,74,0,36,24,14,2.1760248197837346
bulk_control,0,13,Ti,74,0,36,24,14,2.176024816127545
bulk_control,0,14,Ti,71,0,37,22,12,2.088188380397725
bulk_control,0,15,Ti,71,0,37,22,12,2.08818838298171
bulk_control,0,16,Ti,71,0,37,22,12,2.08818838298171
bulk_control,0,17,Ti,71,0,37,22,12,2.0881883803977246
bulk_control,0,24,Ti,74,0,36,24,14,2.1760248174076118
bulk_control,0,25,Ti,74,0,36,24,14,2.1760248194874836
bulk_control,0,26,Ti,71,0,37,22,12,2.088188376170894
bulk_control,0,27,Ti,71,0,37,22,12,2.0881883829817096
bulk_control,0,28,Ti,71,0,37,22,12,2.0881883829817096
bulk_control,0,29,Ti,71,0,37,22,12,2.088188376170894
bulk_control,0,36,Ti,74,0,36,24,14,2.1760248197837346
bulk_control,0,37,Ti,74,0,36,24,14,2.176024816127545
bulk_control,0,38,Ti,71,0,37,22,12,2.088188380397725
bulk_control,0,39,Ti,71,0,37,22,12,2.08818838298171
bulk_control,0,40,Ti,71,0,37,22,12,2.08818838298171
bulk_control,0,41,Ti,71,0,37,22,12,2.0881883803977246
bulk_control,0,8,C,73,0,34,24,15,2.088188376170894
bulk_control,0,9,C,73,0,34,24,15,2.08818838298171
bulk_control,0,10,C,73,0,34,24,15,2.08818838298171
bulk_control,0,11,C,73,0,34,24,15,2.088188376170894
bulk_control,0,20,C,73,0,34,24,15,2.088188380397725
bulk_control,0,21,C,73,0,34,24,15,2.08818838298171
bulk_control,0,22,C,73,0,34,24,15,2.08818838298171
bulk_control,0,23,C,73,0,34,24,15,2.0881883803977246
bulk_control,0,32,C,73,0,34,24,15,2.0881883761708946
bulk_control,0,33,C,73,0,34,24,15,2.0881883829817096
bulk_control,0,34,C,73,0,34,24,15,2.0881883829817096
bulk_control,0,35,C,73,0,34,24,15,2.0881883761708937
bulk_control,0,44,C,73,0,34,24,15,2.088188380397725
bulk_control,0,45,C,73,0,34,24,15,2.08818838298171
bulk_control,0,46,C,73,0,34,24,15,2.08818838298171
bulk_control,0,47,C,73,0,34,24,15,2.0881883803977246
bulk_control,0,6,Si,80,0,38,30,12,2.6810301817626385
bulk_control,0,7,Si,80,0,38,30,12,2.6810301800745364
bulk_control,0,18,Si,80,0,38,30,12,2.681030179035586
bulk_control,0,19,Si,80,0,38,30,12,2.6810301820030866
bulk_control,0,30,Si,80,0,38,30,12,2.6810301817626385
bulk_control,0,31,Si,80,0,38,30,12,2.6810301800745364
bulk_control,0,42,Si,80,0,38,30,12,2.681030179035586
bulk_control,0,43,Si,80,0,38,30,12,2.6810301820030866
