label,model,element,n,vector_RMSE_eV_A,x_RMSE_eV_A,y_RMSE_eV_A,z_RMSE_eV_A,signed_z_mean_error_eV_A,max_error_eV_A
Ag_baseline_k8x8x8_v19,V18,Ag,32,1.7277540280432474e-05,9.975192531832249e-06,9.975192531803246e-06,9.975192531891378e-06,-2.3619513734186165e-18,2.7038121652904978e-05
Ti3SiC2_baseline_k10x10x2_v19,V18,C,16,2.6295878380989857,0.0007944558728425909,0.0007525702675183244,2.629587610397485,-1.8640644583456378e-13,2.6295951051947815
Ti3SiC2_baseline_k10x10x2_v19,V18,Si,8,0.0013502745566728004,0.0011647755802504992,0.0006830260302743823,3.829884810141974e-06,-1.7408633298202515e-13,0.0013502794929249337
Ti3SiC2_baseline_k10x10x2_v19,V18,Ti,24,3.4767552611520562,0.0014965267249666505,0.0010313294833685723,3.4767547861066874,1.8256334159170157e-13,4.258188318648901
Ti3SiC2_baseline_k10x10x4_v19,V18,C,16,2.6289788253013398,0.00037287803959149994,0.0005302496796525536,2.628978745383853,-1.8662849043948881e-13,2.6289905599547048
Ti3SiC2_baseline_k10x10x4_v19,V18,Si,8,0.0007578780236164328,0.0006518570147641353,0.00038653923430580526,6.996522409172398e-06,-1.7408633298202515e-13,0.0007578828861433192
Ti3SiC2_baseline_k10x10x4_v19,V18,Ti,24,3.4760996655366907,0.0007051324642577008,0.0005882945791959014,3.476099544236613,1.825633414505294e-13,4.257348653684223
Ti3SiC2_Ti4f_id0003_z_m020A_k10x10x4_v19,V18,C,16,2.6312031518646917,0.01940589698996249,0.019410480662144444,2.6310599899632026,0.008959347756050895,2.662219012780312
Ti3SiC2_Ti4f_id0003_z_m020A_k10x10x4_v19,V18,Si,8,0.010527551888645665,0.004948866159562007,0.004908496686302331,0.00788953311568105,0.003602831682624621,0.01691812444340282
Ti3SiC2_Ti4f_id0003_z_m020A_k10x10x4_v19,V18,Ti,24,3.4882796919773047,0.0036157686723552575,0.0035895275621988937,3.4882759711596885,-0.007178047767192567,4.474293083045513
Ti3SiC2_Ti4f_id0003_z_p020A_k10x10x4_v19,V18,C,16,2.6254602301071523,0.02001349920557358,0.02001843948927452,2.6253076280322394,-0.009509210520179723,2.64907986913152
Ti3SiC2_Ti4f_id0003_z_p020A_k10x10x4_v19,V18,Si,8,0.012332326561985716,0.0055891494220210195,0.005552821306834732,0.009487563581032948,-0.004780821460976383,0.019759406571144944
Ti3SiC2_Ti4f_id0003_z_p020A_k10x10x4_v19,V18,Ti,24,3.464521275319563,0.0036912395234372586,0.0036698764243308164,3.4645173652183794,0.00795074539914222,4.267399422309886
Ti3SiC2_C4f_id0009_z_m020A_k10x10x4_v19,V18,C,16,2.625248942701032,0.004888001534478157,0.004901866979496405,2.6252398157680754,-0.014159655429520246,2.6575180936061518
Ti3SiC2_C4f_id0009_z_m020A_k10x10x4_v19,V18,Si,8,0.0033872949818687247,0.001030758935135686,0.0008936436676152111,0.0031004361478931034,-0.0014979858346387417,0.007915816790329726
Ti3SiC2_C4f_id0009_z_m020A_k10x10x4_v19,V18,Ti,24,3.474455489048372,0.021274475591379495,0.02127487557244586,3.4743252181878495,0.009931229459398042,4.279437368273745
AgSi_COD9009647_pilot_k6x6,V18,Ag,4,0.5844227863328086,0.1034275576359297,0.07168593857404956,0.5707134655124476,-0.5707134655121306,0.584423437028723
AgSi_COD9009647_pilot_k6x6,V18,C,16,2.7349028752119633,0.002437228380128307,0.0018173764783285514,2.734901185400164,0.1526832084920946,2.9029371299741356
AgSi_COD9009647_pilot_k6x6,V18,Si,8,0.8392371786142108,0.07272775127455575,0.047228701499992906,0.8347449705853349,0.6599779814039147,1.1774864120187016
AgSi_COD9009647_pilot_k6x6,V18,Ti,24,3.1226999054425004,0.0027210344024140693,0.002480596224730352,3.1226977346622506,-0.2266379993790897,4.557741762627631
AgSi_COD9009647_vacuum26_k6x6_sigma0p10,V18,Ag,4,0.583775832968285,0.10342461122517738,0.07158936510109432,0.570063624304479,-0.5700636242992501,0.5837791076183451
AgSi_COD9009647_vacuum26_k6x6_sigma0p10,V18,C,16,2.734552696691936,0.0024672402375347574,0.0018660659910599519,2.7345509469579214,0.15329929629865224,2.9029563299427217
AgSi_COD9009647_vacuum26_k6x6_sigma0p10,V18,Si,8,0.8384996278428002,0.07265346175302863,0.047272196700818954,0.8340074578844572,0.6593781431349381,1.1764570536819792
AgSi_COD9009647_vacuum26_k6x6_sigma0p10,V18,Ti,24,3.122540793826975,0.0027420225630345736,0.002491518811888519,3.12253859587994,-0.22683422757397284,4.557063662169115
Ag_baseline_k8x8x8_v19,foundation,Ag,32,1.727754028049178e-05,9.97519253189555e-06,9.975192531854973e-06,9.975192531879074e-06,2.4890063155067615e-18,2.7038121652989834e-05
Ti3SiC2_baseline_k10x10x2_v19,foundation,C,16,0.03573784982561011,0.0009223352530753891,0.0005920456610805741,0.035721039875317044,3.2038954822510846e-13,0.03574726299774365
Ti3SiC2_baseline_k10x10x2_v19,foundation,Si,8,0.0013558610489507442,0.0011745043034031412,0.00067740988871852,3.829884551395679e-06,-2.6103163095697135e-13,0.001355866068179352
Ti3SiC2_baseline_k10x10x2_v19,foundation,Ti,24,0.04642094766691234,0.0015859537045696927,0.0009554421324287616,0.046384008704215676,-1.2655802286868611e-13,0.056901089330298714
Ti3SiC2_baseline_k10x10x4_v19,foundation,C,16,0.03511693538990844,0.0004719775790540113,0.0003338862853313648,0.03511217606888445,3.2038954822510846e-13,0.035129812971993316
Ti3SiC2_baseline_k10x10x4_v19,foundation,Si,8,0.0007634441973937234,0.0006615857379167771,0.00038092309275980426,6.996522104988321e-06,-2.6103163095697135e-13,0.0007634490914846886
Ti3SiC2_baseline_k10x10x4_v19,foundation,Ti,24,0.04573825232630658,0.000789172936094225,0.0004963216665294349,0.045728750220678,-1.2655802272751394e-13,0.05602972373374098
Ti3SiC2_Ti4f_id0003_z_m020A_k10x10x4_v19,foundation,C,16,0.03586560810139137,0.0009999132261006244,0.0009396549687174432,0.03583935081112134,0.0027910937128872958,0.04481616082828764
Ti3SiC2_Ti4f_id0003_z_m020A_k10x10x4_v19,foundation,Si,8,0.0046868800814882,0.002422530925179227,0.002348913714760877,0.003252813117197078,0.0023656779321855866,0.007703860726478196
Ti3SiC2_Ti4f_id0003_z_m020A_k10x10x4_v19,foundation,Ti,24,0.05012726426890339,0.0021072527014017427,0.0020083698592714616,0.050042667391389954,-0.002653493821603697,0.12813092632021766
Ti3SiC2_Ti4f_id0003_z_p020A_k10x10x4_v19,foundation,C,16,0.03409394694638094,0.0010476897085261651,0.0010019431269117733,0.03406311310828358,-0.002755556561468416,0.03815706401552297
Ti3SiC2_Ti4f_id0003_z_p020A_k10x10x4_v19,foundation,Si,8,0.005692255175378077,0.002749395129063205,0.0026857766749012846,0.004198713976738379,-0.0030367021737867364,0.00912911888358782
Ti3SiC2_Ti4f_id0003_z_p020A_k10x10x4_v19,foundation,Ti,24,0.04789215063953669,0.0021222519973629088,0.002034477663763908,0.04780183092702004,0.0028669363309379377,0.07429367408427798
Ti3SiC2_C4f_id0009_z_m020A_k10x10x4_v19,foundation,C,16,0.036181281123811554,0.0006322737514451443,0.0005437415108995284,0.03617166956103686,-0.002673241607034111,0.04314563452735539
Ti3SiC2_C4f_id0009_z_m020A_k10x10x4_v19,foundation,Si,8,0.0022910071059530925,0.0014103059864290586,0.001306471900454182,0.0012461467640264377,-0.0008440875289535722,0.003412393912555721
Ti3SiC2_C4f_id0009_z_m020A_k10x10x4_v19,foundation,Ti,24,0.046303035778738025,0.0031991656032645936,0.0031447494430226026,0.046085214686606285,0.0020556541425122,0.06075871074451399
AgSi_COD9009647_pilot_k6x6,foundation,Ag,4,0.4827371906833911,0.10941128371715252,0.0798173887411192,0.4633503541800811,-0.4633503541796907,0.4827378454067062
AgSi_COD9009647_pilot_k6x6,foundation,C,16,0.13656742767017777,0.0012143342513718579,0.0013475824234701922,0.13655537966109987,0.013792052797521739,0.22816189437584472
AgSi_COD9009647_pilot_k6x6,foundation,Si,8,0.1482602722950007,0.0870091401010586,0.05883588179632239,0.10463678556373604,0.02802714190438979,0.19663046845649343
AgSi_COD9009647_pilot_k6x6,foundation,Ti,24,0.16689017715674612,0.006675496151618558,0.0035702456773437385,0.16671839229174218,0.05871253236172668,0.2266915029416484
AgSi_COD9009647_vacuum26_k6x6_sigma0p10,foundation,Ag,4,0.48209683401247966,0.10940833730639737,0.07972081526800001,0.4627005129732529,-0.4627005129668108,0.4821000889031552
AgSi_COD9009647_vacuum26_k6x6_sigma0p10,foundation,C,16,0.1360649619917688,0.0012266182441447568,0.001388361043952082,0.13605234927452098,0.014408140604082235,0.22848413064450002
AgSi_COD9009647_vacuum26_k6x6_sigma0p10,foundation,Si,8,0.1478294514873061,0.08693483976780794,0.05887948710786465,0.10406289617100876,0.02742730363541491,0.19591805355936875
AgSi_COD9009647_vacuum26_k6x6_sigma0p10,foundation,Ti,24,0.1670404380761259,0.0066761590422138905,0.003584864100947658,0.16686846796949045,0.05851630416684187,0.22707444032710658
