label,contact,role,atoms,DFT_source_sha256,DFT_result_sha256,model,model_force_vector_RMSE_eV_A,model_marked_pair_signed_error_eV_A,model_marked_pair_abs_error_eV_A,old_candidate02_hybrid_force_vector_RMSE_eV_A,old_candidate02_hybrid_marked_pair_signed_error_eV_A,old_candidate02_hybrid_abs_pair_error_eV_A,old_hybrid_DFT_energies_eV_cell_unscored,DFT_converged_hashes_checked,independent_validation,Ag_force_vector_RMSE_eV_A,C_force_vector_RMSE_eV_A,Si_force_vector_RMSE_eV_A,Ti_force_vector_RMSE_eV_A
AgC_residual_mode_m_06_v19_acq,Ag-C,reused_training_family_local_reference,48,e53658d837014835aa10ded935e4700f2e72a7584fa29ca4f3e8f1e14ed0dd7b,4a5a666b7a486abffaf557786a39a293b7736e153954eae6fcfca682fbc9f552,foundation,0.8958555410764475,-0.2125452384305131,0.2125452384305131,2.579527851502185,3.352321018073191,3.352321018073191,"[-194.7954219804732, -255.33573526883785, -256.4920098445862]",5,False,0.5414849576808292,1.0059205080120228,0.5990088711615827,0.9599326547282382
AgC_residual_mode_m_06_v19_acq,Ag-C,reused_training_family_local_reference,48,e53658d837014835aa10ded935e4700f2e72a7584fa29ca4f3e8f1e14ed0dd7b,4a5a666b7a486abffaf557786a39a293b7736e153954eae6fcfca682fbc9f552,V18,0.13579705405783732,0.1820873624400443,0.1820873624400443,2.579527851502185,3.352321018073191,3.352321018073191,"[-194.7954219804732, -255.33573526883785, -256.4920098445862]",5,False,0.2762052559632235,0.14848562089465112,0.04250004124615664,0.13639701607934104
AgC_residual_mode_p_06_v19_acq,Ag-C,reused_training_family_local_reference,48,9d90ac09b3aec60c6d556740a3374659f4259333ae34487c9017c8ef35d9cd8a,a6dde520c8deb80a761b56464d55a89d5522363ef9be24efee4376a038da78a4,foundation,0.9150504929195677,-0.004114891166056012,0.004114891166056012,2.606900636029627,3.552735605355879,3.552735605355879,"[-194.2861632747721, -254.22869105914666, -255.3834269797747]",5,False,0.7636626613253437,1.0140423134789767,0.5920739654043322,0.9813853278356738
AgC_residual_mode_p_06_v19_acq,Ag-C,reused_training_family_local_reference,48,9d90ac09b3aec60c6d556740a3374659f4259333ae34487c9017c8ef35d9cd8a,a6dde520c8deb80a761b56464d55a89d5522363ef9be24efee4376a038da78a4,V18,0.1455390205393947,0.2515463787404304,0.2515463787404304,2.606900636029627,3.552735605355879,3.552735605355879,"[-194.2861632747721, -254.22869105914666, -255.3834269797747]",5,False,0.32830869967704884,0.15288510065698038,0.04089594392982425,0.1445471223113263
AgSi_residual_mode_m_03_v19_acq,Ag-Si,reused_training_family_local_reference,51,fc7b88e0e018e10c3427486a45f7b17155d122bdc825c72dee717f2c86e9839c,83fa6ec36f3f39c95ef358ff7556eca6407a971618cba24f617825dd66321da8,foundation,0.7350819772105196,-0.06971077495447936,0.06971077495447936,1.916031795081978,5.455523721303977,5.455523721303977,"[-162.36651358970047, -207.72883766371373, -208.65998704317929]",5,False,0.2972729453331269,0.8974806415619512,0.6565851750656326,0.9661720042398452
AgSi_residual_mode_m_03_v19_acq,Ag-Si,reused_training_family_local_reference,51,fc7b88e0e018e10c3427486a45f7b17155d122bdc825c72dee717f2c86e9839c,83fa6ec36f3f39c95ef358ff7556eca6407a971618cba24f617825dd66321da8,V18,0.055605243839414016,-0.1806673576765344,0.1806673576765344,1.916031795081978,5.455523721303977,5.455523721303977,"[-162.36651358970047, -207.72883766371373, -208.65998704317929]",5,False,0.056465921283592756,0.047377365616269956,0.07736292928887743,0.0450863454212324
AgSi_residual_mode_p_03_v19_acq,Ag-Si,reused_training_family_local_reference,51,f1ef4cf1088ed8b1d48c9452a82203ad98b92ffbf33d2373125536c82c6ce7e4,8236b8c57469101fa483556244605c9e7c221d38e8bb842c0e5a97f9f0ee7d16,foundation,0.7375590389318619,-0.12534684674267416,0.12534684674267416,1.9226638026574752,5.606448816427172,5.606448816427172,"[-162.04535526904286, -207.70125117540783, -208.6323578520129]",5,False,0.29882225061128104,0.899438664059724,0.6550805946677669,0.9717445088101088
AgSi_residual_mode_p_03_v19_acq,Ag-Si,reused_training_family_local_reference,51,f1ef4cf1088ed8b1d48c9452a82203ad98b92ffbf33d2373125536c82c6ce7e4,8236b8c57469101fa483556244605c9e7c221d38e8bb842c0e5a97f9f0ee7d16,V18,0.05900240899753089,-0.19574630751032895,0.19574630751032895,1.9226638026574752,5.606448816427172,5.606448816427172,"[-162.04535526904286, -207.70125117540783, -208.6323578520129]",5,False,0.05659080053635503,0.05030067017867929,0.08546235679594373,0.0494431435347563
AgTi_residual_mode_m_03_v19_acq,Ag-Ti,reused_training_family_local_reference,49,e3b56aef7ba30b0e143970db9bf9f7e368c8d86bfea2bb2b392aa2511ad18e2b,82cf6a43c92ae4f08423441002773779b234b010e14ba227a5cb0541bd774da4,foundation,0.512713673260256,0.23248012097392134,0.23248012097392134,1.885246717952467,2.7698881197727268,2.7698881197727268,"[-137.22003148502208, -174.40951527064593, -175.06444223433857]",5,False,0.2058230162217828,0.667366337334629,0.43736298314120076,0.8566264935563295
AgTi_residual_mode_m_03_v19_acq,Ag-Ti,reused_training_family_local_reference,49,e3b56aef7ba30b0e143970db9bf9f7e368c8d86bfea2bb2b392aa2511ad18e2b,82cf6a43c92ae4f08423441002773779b234b010e14ba227a5cb0541bd774da4,V18,0.07639797692910197,-0.11486070320906605,0.11486070320906605,1.885246717952467,2.7698881197727268,2.7698881197727268,"[-137.22003148502208, -174.40951527064593, -175.06444223433857]",5,False,0.05320968076977028,0.07573175844046479,0.04184181479925874,0.12555711423876945
AgTi_residual_mode_p_03_v19_acq,Ag-Ti,reused_training_family_local_reference,49,9c8c82d6d9460ab918b0b41bfa07ba5ccb9b72e455161dde0528e609178d9fcf,4bcc14c480e7653703b6140f2d9c2c94b7f9b847f5c246a7a6e8d44cab3dbe0a,foundation,0.5253563432444602,-0.16656475218943134,0.16656475218943134,1.8700699906098415,2.6175772900680996,2.6175772900680996,"[-136.87689346326493, -174.20498687339932, -174.8578732702291]",5,False,0.20412882560375178,0.7031568737250239,0.44049453193519766,0.8643870018809758
AgTi_residual_mode_p_03_v19_acq,Ag-Ti,reused_training_family_local_reference,49,9c8c82d6d9460ab918b0b41bfa07ba5ccb9b72e455161dde0528e609178d9fcf,4bcc14c480e7653703b6140f2d9c2c94b7f9b847f5c246a7a6e8d44cab3dbe0a,V18,0.12606103085247714,-0.34904091710291896,0.34904091710291896,1.8700699906098415,2.6175772900680996,2.6175772900680996,"[-136.87689346326493, -174.20498687339932, -174.8578732702291]",5,False,0.057422190395336824,0.1440286902433252,0.04196911090753104,0.22519247640626208
