task_id,cloud,phase,system,parent_family_id,seed_id,sampling_temperature_K,geometry_temperature_state,relative_density_factor,density_reference,proposed_atom_count,PBC,source_status,proposed_source,configuration_intent,proposed_role,DFT_status,seed_status
C-D-AGL-1050K-rho097-seed01,D,HELD_AFTER_PILOT,liquid_Ag_candidate,PF-AGL-1050K-rho097-seed01,105009701,1050,candidate liquid snapshot; not generated or inspected,0.97,temperature-specific experimental liquid Ag number density; exact source/equation pending (1250 K pilot is blocked),64,xyz,"NOT_GENERATED; source, sampler/license and density basis pending",Future geometry-only sampling; approved sampler not selected. Candidate MACE/EAM energies and forces are not labels.,"independent trajectory/seed snapshot after liquid-state, RDF, coordination, order, MSD and diversity checks",training candidate only after separate role freeze; never independent test,NOT_AUTHORIZED; no coordinates/input/checkpoint/output,PROPOSED_RNG_SEED_NOT_USED; structure/trajectory not generated
C-G-AGL-1050K-rho097-seed02,G,HELD_AFTER_PILOT,liquid_Ag_candidate,PF-AGL-1050K-rho097-seed02,105009702,1050,candidate liquid snapshot; not generated or inspected,0.97,temperature-specific experimental liquid Ag number density; exact source/equation pending (1250 K pilot is blocked),64,xyz,"NOT_GENERATED; source, sampler/license and density basis pending",Future geometry-only sampling; approved sampler not selected. Candidate MACE/EAM energies and forces are not labels.,"independent trajectory/seed snapshot after liquid-state, RDF, coordination, order, MSD and diversity checks",training candidate only after separate role freeze; never independent test,NOT_AUTHORIZED; no coordinates/input/checkpoint/output,PROPOSED_RNG_SEED_NOT_USED; structure/trajectory not generated
C-E-AGL-1050K-rho100-seed01,E,HELD_AFTER_PILOT,liquid_Ag_candidate,PF-AGL-1050K-rho100-seed01,105010001,1050,candidate liquid snapshot; not generated or inspected,1.00,temperature-specific experimental liquid Ag number density; exact source/equation pending (1250 K pilot is blocked),64,xyz,"NOT_GENERATED; source, sampler/license and density basis pending",Future geometry-only sampling; approved sampler not selected. Candidate MACE/EAM energies and forces are not labels.,"independent trajectory/seed snapshot after liquid-state, RDF, coordination, order, MSD and diversity checks",training candidate only after separate role freeze; never independent test,NOT_AUTHORIZED; no coordinates/input/checkpoint/output,PROPOSED_RNG_SEED_NOT_USED; structure/trajectory not generated
C-G-AGL-1050K-rho100-seed02,G,HELD_AFTER_PILOT,liquid_Ag_candidate,PF-AGL-1050K-rho100-seed02,105010002,1050,candidate liquid snapshot; not generated or inspected,1.00,temperature-specific experimental liquid Ag number density; exact source/equation pending (1250 K pilot is blocked),64,xyz,"NOT_GENERATED; source, sampler/license and density basis pending",Future geometry-only sampling; approved sampler not selected. Candidate MACE/EAM energies and forces are not labels.,"independent trajectory/seed snapshot after liquid-state, RDF, coordination, order, MSD and diversity checks",training candidate only after separate role freeze; never independent test,NOT_AUTHORIZED; no coordinates/input/checkpoint/output,PROPOSED_RNG_SEED_NOT_USED; structure/trajectory not generated
C-F-AGL-1050K-rho103-seed01,F,HELD_AFTER_PILOT,liquid_Ag_candidate,PF-AGL-1050K-rho103-seed01,105010301,1050,candidate liquid snapshot; not generated or inspected,1.03,temperature-specific experimental liquid Ag number density; exact source/equation pending (1250 K pilot is blocked),64,xyz,"NOT_GENERATED; source, sampler/license and density basis pending",Future geometry-only sampling; approved sampler not selected. Candidate MACE/EAM energies and forces are not labels.,"independent trajectory/seed snapshot after liquid-state, RDF, coordination, order, MSD and diversity checks",training candidate only after separate role freeze; never independent test,NOT_AUTHORIZED; no coordinates/input/checkpoint/output,PROPOSED_RNG_SEED_NOT_USED; structure/trajectory not generated
C-H-AGL-1050K-rho103-seed02,H,HELD_AFTER_PILOT,liquid_Ag_candidate,PF-AGL-1050K-rho103-seed02,105010302,1050,candidate liquid snapshot; not generated or inspected,1.03,temperature-specific experimental liquid Ag number density; exact source/equation pending (1250 K pilot is blocked),64,xyz,"NOT_GENERATED; source, sampler/license and density basis pending",Future geometry-only sampling; approved sampler not selected. Candidate MACE/EAM energies and forces are not labels.,"independent trajectory/seed snapshot after liquid-state, RDF, coordination, order, MSD and diversity checks",training candidate only after separate role freeze; never independent test,NOT_AUTHORIZED; no coordinates/input/checkpoint/output,PROPOSED_RNG_SEED_NOT_USED; structure/trajectory not generated
C-D-AGL-1250K-rho097-seed01,D,PILOT_CANDIDATE,liquid_Ag_candidate,PF-AGL-1250K-rho097-seed01,125009701,1250,candidate liquid snapshot; not generated or inspected,0.97,temperature-specific experimental liquid Ag number density; exact source/equation pending (1250 K pilot is blocked),64,xyz,"NOT_GENERATED; source, sampler/license and density basis pending",Future geometry-only sampling; approved sampler not selected. Candidate MACE/EAM energies and forces are not labels.,"independent trajectory/seed snapshot after liquid-state, RDF, coordination, order, MSD and diversity checks",training candidate only after separate role freeze; never independent test,NOT_AUTHORIZED; no coordinates/input/checkpoint/output,PROPOSED_RNG_SEED_NOT_USED; structure/trajectory not generated
C-E-AGL-1250K-rho097-seed02,E,PILOT_CANDIDATE,liquid_Ag_candidate,PF-AGL-1250K-rho097-seed02,125009702,1250,candidate liquid snapshot; not generated or inspected,0.97,temperature-specific experimental liquid Ag number density; exact source/equation pending (1250 K pilot is blocked),64,xyz,"NOT_GENERATED; source, sampler/license and density basis pending",Future geometry-only sampling; approved sampler not selected. Candidate MACE/EAM energies and forces are not labels.,"independent trajectory/seed snapshot after liquid-state, RDF, coordination, order, MSD and diversity checks",training candidate only after separate role freeze; never independent test,NOT_AUTHORIZED; no coordinates/input/checkpoint/output,PROPOSED_RNG_SEED_NOT_USED; structure/trajectory not generated
C-E-AGL-1250K-rho100-seed01,E,PILOT_CANDIDATE,liquid_Ag_candidate,PF-AGL-1250K-rho100-seed01,125010001,1250,candidate liquid snapshot; not generated or inspected,1.00,temperature-specific experimental liquid Ag number density; exact source/equation pending (1250 K pilot is blocked),64,xyz,"NOT_GENERATED; source, sampler/license and density basis pending",Future geometry-only sampling; approved sampler not selected. Candidate MACE/EAM energies and forces are not labels.,"independent trajectory/seed snapshot after liquid-state, RDF, coordination, order, MSD and diversity checks",training candidate only after separate role freeze; never independent test,NOT_AUTHORIZED; no coordinates/input/checkpoint/output,PROPOSED_RNG_SEED_NOT_USED; structure/trajectory not generated
C-F-AGL-1250K-rho100-seed02,F,PILOT_CANDIDATE,liquid_Ag_candidate,PF-AGL-1250K-rho100-seed02,125010002,1250,candidate liquid snapshot; not generated or inspected,1.00,temperature-specific experimental liquid Ag number density; exact source/equation pending (1250 K pilot is blocked),64,xyz,"NOT_GENERATED; source, sampler/license and density basis pending",Future geometry-only sampling; approved sampler not selected. Candidate MACE/EAM energies and forces are not labels.,"independent trajectory/seed snapshot after liquid-state, RDF, coordination, order, MSD and diversity checks",training candidate only after separate role freeze; never independent test,NOT_AUTHORIZED; no coordinates/input/checkpoint/output,PROPOSED_RNG_SEED_NOT_USED; structure/trajectory not generated
C-F-AGL-1250K-rho103-seed01,F,PILOT_CANDIDATE,liquid_Ag_candidate,PF-AGL-1250K-rho103-seed01,125010301,1250,candidate liquid snapshot; not generated or inspected,1.03,temperature-specific experimental liquid Ag number density; exact source/equation pending (1250 K pilot is blocked),64,xyz,"NOT_GENERATED; source, sampler/license and density basis pending",Future geometry-only sampling; approved sampler not selected. Candidate MACE/EAM energies and forces are not labels.,"independent trajectory/seed snapshot after liquid-state, RDF, coordination, order, MSD and diversity checks",training candidate only after separate role freeze; never independent test,NOT_AUTHORIZED; no coordinates/input/checkpoint/output,PROPOSED_RNG_SEED_NOT_USED; structure/trajectory not generated
C-D-AGL-1250K-rho103-seed02,D,PILOT_CANDIDATE,liquid_Ag_candidate,PF-AGL-1250K-rho103-seed02,125010302,1250,candidate liquid snapshot; not generated or inspected,1.03,temperature-specific experimental liquid Ag number density; exact source/equation pending (1250 K pilot is blocked),64,xyz,"NOT_GENERATED; source, sampler/license and density basis pending",Future geometry-only sampling; approved sampler not selected. Candidate MACE/EAM energies and forces are not labels.,"independent trajectory/seed snapshot after liquid-state, RDF, coordination, order, MSD and diversity checks",training candidate only after separate role freeze; never independent test,NOT_AUTHORIZED; no coordinates/input/checkpoint/output,PROPOSED_RNG_SEED_NOT_USED; structure/trajectory not generated
C-F-AGL-1600K-rho097-seed01,F,HELD_AFTER_PILOT,liquid_Ag_candidate,PF-AGL-1600K-rho097-seed01,160009701,1600,candidate liquid snapshot; not generated or inspected,0.97,temperature-specific experimental liquid Ag number density; exact source/equation pending (1250 K pilot is blocked),64,xyz,"NOT_GENERATED; source, sampler/license and density basis pending",Future geometry-only sampling; approved sampler not selected. Candidate MACE/EAM energies and forces are not labels.,"independent trajectory/seed snapshot after liquid-state, RDF, coordination, order, MSD and diversity checks",training candidate only after separate role freeze; never independent test,NOT_AUTHORIZED; no coordinates/input/checkpoint/output,PROPOSED_RNG_SEED_NOT_USED; structure/trajectory not generated
C-G-AGL-1600K-rho097-seed02,G,HELD_AFTER_PILOT,liquid_Ag_candidate,PF-AGL-1600K-rho097-seed02,160009702,1600,candidate liquid snapshot; not generated or inspected,0.97,temperature-specific experimental liquid Ag number density; exact source/equation pending (1250 K pilot is blocked),64,xyz,"NOT_GENERATED; source, sampler/license and density basis pending",Future geometry-only sampling; approved sampler not selected. Candidate MACE/EAM energies and forces are not labels.,"independent trajectory/seed snapshot after liquid-state, RDF, coordination, order, MSD and diversity checks",training candidate only after separate role freeze; never independent test,NOT_AUTHORIZED; no coordinates/input/checkpoint/output,PROPOSED_RNG_SEED_NOT_USED; structure/trajectory not generated
C-D-AGL-1600K-rho100-seed01,D,HELD_AFTER_PILOT,liquid_Ag_candidate,PF-AGL-1600K-rho100-seed01,160010001,1600,candidate liquid snapshot; not generated or inspected,1.00,temperature-specific experimental liquid Ag number density; exact source/equation pending (1250 K pilot is blocked),64,xyz,"NOT_GENERATED; source, sampler/license and density basis pending",Future geometry-only sampling; approved sampler not selected. Candidate MACE/EAM energies and forces are not labels.,"independent trajectory/seed snapshot after liquid-state, RDF, coordination, order, MSD and diversity checks",training candidate only after separate role freeze; never independent test,NOT_AUTHORIZED; no coordinates/input/checkpoint/output,PROPOSED_RNG_SEED_NOT_USED; structure/trajectory not generated
C-H-AGL-1600K-rho100-seed02,H,HELD_AFTER_PILOT,liquid_Ag_candidate,PF-AGL-1600K-rho100-seed02,160010002,1600,candidate liquid snapshot; not generated or inspected,1.00,temperature-specific experimental liquid Ag number density; exact source/equation pending (1250 K pilot is blocked),64,xyz,"NOT_GENERATED; source, sampler/license and density basis pending",Future geometry-only sampling; approved sampler not selected. Candidate MACE/EAM energies and forces are not labels.,"independent trajectory/seed snapshot after liquid-state, RDF, coordination, order, MSD and diversity checks",training candidate only after separate role freeze; never independent test,NOT_AUTHORIZED; no coordinates/input/checkpoint/output,PROPOSED_RNG_SEED_NOT_USED; structure/trajectory not generated
C-E-AGL-1600K-rho103-seed01,E,HELD_AFTER_PILOT,liquid_Ag_candidate,PF-AGL-1600K-rho103-seed01,160010301,1600,candidate liquid snapshot; not generated or inspected,1.03,temperature-specific experimental liquid Ag number density; exact source/equation pending (1250 K pilot is blocked),64,xyz,"NOT_GENERATED; source, sampler/license and density basis pending",Future geometry-only sampling; approved sampler not selected. Candidate MACE/EAM energies and forces are not labels.,"independent trajectory/seed snapshot after liquid-state, RDF, coordination, order, MSD and diversity checks",training candidate only after separate role freeze; never independent test,NOT_AUTHORIZED; no coordinates/input/checkpoint/output,PROPOSED_RNG_SEED_NOT_USED; structure/trajectory not generated
C-H-AGL-1600K-rho103-seed02,H,HELD_AFTER_PILOT,liquid_Ag_candidate,PF-AGL-1600K-rho103-seed02,160010302,1600,candidate liquid snapshot; not generated or inspected,1.03,temperature-specific experimental liquid Ag number density; exact source/equation pending (1250 K pilot is blocked),64,xyz,"NOT_GENERATED; source, sampler/license and density basis pending",Future geometry-only sampling; approved sampler not selected. Candidate MACE/EAM energies and forces are not labels.,"independent trajectory/seed snapshot after liquid-state, RDF, coordination, order, MSD and diversity checks",training candidate only after separate role freeze; never independent test,NOT_AUTHORIZED; no coordinates/input/checkpoint/output,PROPOSED_RNG_SEED_NOT_USED; structure/trajectory not generated
C-D-TSC-PF01-CFG01,D,HELD_AFTER_PILOT,Ti3SiC2_skeleton,PF-TSC-PF01,7310101,NA,static / controlled small displacement; source ionic temperature not selected,NA,source cell volume pending; record atoms/Angstrom^3 and g/cm^3 after geometry freeze,48-96,xyz,NEW_PARENT_NOT_SELECTED; exact coordinates/hash pending; exclude scored parent families,New supercell/orientation or independent thermal/mode parent from a provenance-reviewed structure; no geometry generated,baseline,"training candidate only after source, label and role review; not dev/test",NOT_AUTHORIZED; no coordinates/input/checkpoint/output,PROPOSED_MODE/SOURCE SEED; parent/source and geometry pending
C-E-TSC-PF01-CFG02,E,HELD_AFTER_PILOT,Ti3SiC2_skeleton,PF-TSC-PF01,7310102,NA,static / controlled small displacement; source ionic temperature not selected,NA,source cell volume pending; record atoms/Angstrom^3 and g/cm^3 after geometry freeze,48-96,xyz,NEW_PARENT_NOT_SELECTED; exact coordinates/hash pending; exclude scored parent families,New supercell/orientation or independent thermal/mode parent from a provenance-reviewed structure; no geometry generated,Ti_mode_displacement,"training candidate only after source, label and role review; not dev/test",NOT_AUTHORIZED; no coordinates/input/checkpoint/output,PROPOSED_MODE/SOURCE SEED; parent/source and geometry pending
C-F-TSC-PF01-CFG03,F,HELD_AFTER_PILOT,Ti3SiC2_skeleton,PF-TSC-PF01,7310103,NA,static / controlled small displacement; source ionic temperature not selected,NA,source cell volume pending; record atoms/Angstrom^3 and g/cm^3 after geometry freeze,48-96,xyz,NEW_PARENT_NOT_SELECTED; exact coordinates/hash pending; exclude scored parent families,New supercell/orientation or independent thermal/mode parent from a provenance-reviewed structure; no geometry generated,C_mode_displacement,"training candidate only after source, label and role review; not dev/test",NOT_AUTHORIZED; no coordinates/input/checkpoint/output,PROPOSED_MODE/SOURCE SEED; parent/source and geometry pending
C-G-TSC-PF02-CFG01,G,HELD_AFTER_PILOT,Ti3SiC2_skeleton,PF-TSC-PF02,7310201,NA,static / controlled small displacement; source ionic temperature not selected,NA,source cell volume pending; record atoms/Angstrom^3 and g/cm^3 after geometry freeze,48-96,xyz,NEW_PARENT_NOT_SELECTED; exact coordinates/hash pending; exclude scored parent families,New supercell/orientation or independent thermal/mode parent from a provenance-reviewed structure; no geometry generated,baseline,"training candidate only after source, label and role review; not dev/test",NOT_AUTHORIZED; no coordinates/input/checkpoint/output,PROPOSED_MODE/SOURCE SEED; parent/source and geometry pending
C-G-TSC-PF02-CFG02,G,HELD_AFTER_PILOT,Ti3SiC2_skeleton,PF-TSC-PF02,7310202,NA,static / controlled small displacement; source ionic temperature not selected,NA,source cell volume pending; record atoms/Angstrom^3 and g/cm^3 after geometry freeze,48-96,xyz,NEW_PARENT_NOT_SELECTED; exact coordinates/hash pending; exclude scored parent families,New supercell/orientation or independent thermal/mode parent from a provenance-reviewed structure; no geometry generated,thermal_or_mode_variant,"training candidate only after source, label and role review; not dev/test",NOT_AUTHORIZED; no coordinates/input/checkpoint/output,PROPOSED_MODE/SOURCE SEED; parent/source and geometry pending
C-H-TSC-PF02-CFG03,H,HELD_AFTER_PILOT,Ti3SiC2_skeleton,PF-TSC-PF02,7310203,NA,static / controlled small displacement; source ionic temperature not selected,NA,source cell volume pending; record atoms/Angstrom^3 and g/cm^3 after geometry freeze,48-96,xyz,NEW_PARENT_NOT_SELECTED; exact coordinates/hash pending; exclude scored parent families,New supercell/orientation or independent thermal/mode parent from a provenance-reviewed structure; no geometry generated,independent_mode_variant,"training candidate only after source, label and role review; not dev/test",NOT_AUTHORIZED; no coordinates/input/checkpoint/output,PROPOSED_MODE/SOURCE SEED; parent/source and geometry pending
C-D-AG-PF01-CFG01,D,HELD_AFTER_PILOT,solid_Ag,PF-AG-PF01,7410101,NA,static / controlled small response; source ionic temperature not selected,NA,source cell volume pending; record atoms/Angstrom^3 and g/cm^3 after geometry freeze,32-64,xyz,NEW_PARENT_NOT_SELECTED; exact coordinates/hash pending; exclude scored parent families,"New fcc Ag supercell/seed from a provenance-reviewed parent, structurally independent of scored numerical controls",baseline,"training candidate only after source, label and role review; not dev/test",NOT_AUTHORIZED; no coordinates/input/checkpoint/output,PROPOSED_MODE/SOURCE SEED; parent/source and geometry pending
C-E-AG-PF01-CFG02,E,HELD_AFTER_PILOT,solid_Ag,PF-AG-PF01,7410102,NA,static / controlled small response; source ionic temperature not selected,NA,source cell volume pending; record atoms/Angstrom^3 and g/cm^3 after geometry freeze,32-64,xyz,NEW_PARENT_NOT_SELECTED; exact coordinates/hash pending; exclude scored parent families,"New fcc Ag supercell/seed from a provenance-reviewed parent, structurally independent of scored numerical controls",small_displacement,"training candidate only after source, label and role review; not dev/test",NOT_AUTHORIZED; no coordinates/input/checkpoint/output,PROPOSED_MODE/SOURCE SEED; parent/source and geometry pending
C-F-AG-PF01-CFG03,F,HELD_AFTER_PILOT,solid_Ag,PF-AG-PF01,7410103,NA,static / controlled small response; source ionic temperature not selected,NA,source cell volume pending; record atoms/Angstrom^3 and g/cm^3 after geometry freeze,32-64,xyz,NEW_PARENT_NOT_SELECTED; exact coordinates/hash pending; exclude scored parent families,"New fcc Ag supercell/seed from a provenance-reviewed parent, structurally independent of scored numerical controls",small_shear_or_mode,"training candidate only after source, label and role review; not dev/test",NOT_AUTHORIZED; no coordinates/input/checkpoint/output,PROPOSED_MODE/SOURCE SEED; parent/source and geometry pending
C-G-AG-PF02-CFG01,G,HELD_AFTER_PILOT,solid_Ag,PF-AG-PF02,7410201,NA,static / controlled small response; source ionic temperature not selected,NA,source cell volume pending; record atoms/Angstrom^3 and g/cm^3 after geometry freeze,32-64,xyz,NEW_PARENT_NOT_SELECTED; exact coordinates/hash pending; exclude scored parent families,"New fcc Ag supercell/seed from a provenance-reviewed parent, structurally independent of scored numerical controls",baseline,"training candidate only after source, label and role review; not dev/test",NOT_AUTHORIZED; no coordinates/input/checkpoint/output,PROPOSED_MODE/SOURCE SEED; parent/source and geometry pending
C-H-AG-PF02-CFG02,H,HELD_AFTER_PILOT,solid_Ag,PF-AG-PF02,7410202,NA,static / controlled small response; source ionic temperature not selected,NA,source cell volume pending; record atoms/Angstrom^3 and g/cm^3 after geometry freeze,32-64,xyz,NEW_PARENT_NOT_SELECTED; exact coordinates/hash pending; exclude scored parent families,"New fcc Ag supercell/seed from a provenance-reviewed parent, structurally independent of scored numerical controls",small_displacement,"training candidate only after source, label and role review; not dev/test",NOT_AUTHORIZED; no coordinates/input/checkpoint/output,PROPOSED_MODE/SOURCE SEED; parent/source and geometry pending
C-H-AG-PF02-CFG03,H,HELD_AFTER_PILOT,solid_Ag,PF-AG-PF02,7410203,NA,static / controlled small response; source ionic temperature not selected,NA,source cell volume pending; record atoms/Angstrom^3 and g/cm^3 after geometry freeze,32-64,xyz,NEW_PARENT_NOT_SELECTED; exact coordinates/hash pending; exclude scored parent families,"New fcc Ag supercell/seed from a provenance-reviewed parent, structurally independent of scored numerical controls",small_volume_response,"training candidate only after source, label and role review; not dev/test",NOT_AUTHORIZED; no coordinates/input/checkpoint/output,PROPOSED_MODE/SOURCE SEED; parent/source and geometry pending
