scenario,batch,proposed_configs,atoms_per_config,new_DFT_singlepoints,cost_hours_4rank,source_or_generation,role_and_independence,value_or_risk
A_role_change_condition,reuse_pure_Ag,7,32,0,0,7 unique source-hash geometries from 15 existing records,"all current numerical controls; explicit future role change required; one parent; already scored; training only, not dev/test",can substitute same-geometry Ag replay only; does not replace new parent coverage
A_role_change_condition,reuse_pure_Ti3SiC2,4,48,0,0,baseline + Ti +/- z + C - z from 10 existing records; C+ is still pending at snapshot,"all current numerical controls; explicit future role change required; one parent; already scored; training only, not dev/test","if B C+ later completes, 5-frame R30+S panel can be assembled without new TSC DFT; one parent is not generalization"
both_A_scenarios,B1-LIQ training candidates,6,64,6,18-48,1250 K; rho factors 0.97/1.00/1.03 x two independent seeds,future training candidate; all six grouped by their independent trajectory seed; no validation claim,first liquid local-force coverage; density curve must be verified before constructing cells
both_A_scenarios,liquid Ag independent dev/test,2,64,2,6-16,one new dev parent and one distinct evaluator-held test parent at 1250 K,test coordinates/labels withheld from C; neither parent related to six training seeds,minimum liquid regression check only; statistically weak
both_A_scenarios,solid Ag dev/test,2,32-64,2,4-8,one new independent Ag parent for dev; another for evaluator test,not variants of the already scored fcc parent,minimum solid response check; does not cover defects/thermal range
both_A_scenarios,Ti3SiC2 dev/test,2,48-96,2,6-12,one independent backbone mode/thermal dev parent; distinct test parent,source geometry/seed differs from current numerical-control parent,minimum independent skeleton check; not a statistics guarantee
both_A_scenarios,Ag-Ti/Si/C dev/test,6,80-120,6,36-72,3 contacts x one new dev parent + one different evaluator test parent,gap/thermal descendants stay within parent; test labels remain evaluator-held,minimum one point per contact and split; misses terminations/registry diversity
A_without_role_change_fallback,new pure Ag/Ti3SiC2 training candidates,12,32-96,12,30-60,6 new Ag + 6 new Ti3SiC2 across two new parent families per phase,new training labels; no conversion of existing controls,preserves existing roles; adds only starter pure-phase coverage
A_role_change_condition,SCENARIO TOTAL (fresh DFT),18,32-120,18,70-156,6 liquid train + 2 liquid dev/test + 4 pure dev/test + 6 interface dev/test,requires future explicit role change for 11 existing pure geometries; keeps new independent dev/test,"lowest cost; very small samples, not sufficient evidence of production validity"
A_without_role_change_fallback,SCENARIO TOTAL (fresh DFT),30,32-120,30,100-216,A-role-change plan + 12 new pure-phase training labels,existing pure controls remain untouched; same small new dev/test panel,preserves current data roles; still only a minimal development design
