evidence_class,source_label_or_group,material_scope,formula,atom_count,source_geometry_sha256,records_on_same_geometry,kpoint_variants,configuration_description,current_data_role,scf_converged_all_records,archive_verification,source_result_summary_hashes_complete,already_model_scored,conditional_reuse_recommendation,maximum_new_singlepoints_avoided_for_same_geometry,repository_path,source_sha256,result_sha256,summary_sha256,sha256_manifest_present,sha256_all_pass,verifier_embedded_hashes_all_pass
pure_phase_unique_source_geometry,Ag_baseline_k2x2x2_v19|Ag_baseline_k4x4x4_v19|Ag_baseline_k6x6x6_v19|Ag_baseline_k8x8x8_v19,solid_Ag,Ag32,32,21138a56bc3138106c102c4eb207ea76e2060bb5315f454a937f3ce26308318f,4,"[2,2,2]|[4,4,4]|[6,6,6]|[8,8,8]",fcc baseline / displacement / shear / volume group by source hash,numerical_pure_phase_control_not_training_or_independent_validation,True,PASS,True,yes,"at most one label for this geometry after explicit role change and selecting converged mesh; training only, never independent validation",1,research/mace-v12-transfer/periodic_interface_v4/pbe_interface_v19_pure_phase_controls/calculations/Ag_baseline_k2x2x2_v19|research/mace-v12-transfer/periodic_interface_v4/pbe_interface_v19_pure_phase_controls/calculations/Ag_baseline_k4x4x4_v19|research/mace-v12-transfer/periodic_interface_v4/pbe_interface_v19_pure_phase_controls/calculations/Ag_baseline_k6x6x6_v19|research/mace-v12-transfer/periodic_interface_v4/pbe_interface_v19_pure_phase_controls/calculations/Ag_baseline_k8x8x8_v19,21138a56bc3138106c102c4eb207ea76e2060bb5315f454a937f3ce26308318f,18d928f2ea167636a9eb76c6c43dd709123350f6ada1820b09b38c53228d3ca5|c2927ca4644457086be85aafaa2ebdbeb22351f3bc827dbc3f83f8561646ff31|553f0456c3952d41cb8c5687a95918b5e5efdb56d10bf16bf7bcc604e4c4c7f4|5a5df757d11e85988d22d97c7f6b2d2700803494215a2a1b40ebc3aa8ba5019d,13af786a8fd42c150af5df272961a11bfa48c16cb964b074043221cbfa7fdba4|34d5bb68b751563017b27fff279d63ff57c71b8bae2fbaa1a8d436f639df8fa3|e2f1ae7e129c333fb25b58f90d42b2e97c9459494198358cf3efcb8e7dc0d2fc|405f371c37671b1123d4c9c08de3c46c0472a003535a092de4ef522a09aa04f6,not recorded in compact eligibility ledger,all source/result/summary hashes present; verifier status PASS for every record,PASS per published eligibility ledger
pure_phase_unique_source_geometry,Ag_volume_p02_k6x6x6_v19|Ag_volume_p02_k8x8x8_v19,solid_Ag,Ag32,32,5de661e1e0411aac4fe15248230cc50f3a57ff83a74f98c1169a16a0ea3efb9a,2,"[6,6,6]|[8,8,8]",fcc baseline / displacement / shear / volume group by source hash,numerical_pure_phase_control_not_training_or_independent_validation,True,PASS,True,yes,"at most one label for this geometry after explicit role change and selecting converged mesh; training only, never independent validation",1,research/mace-v12-transfer/periodic_interface_v4/pbe_interface_v19_pure_phase_controls/calculations/Ag_volume_p02_k6x6x6_v19|research/mace-v12-transfer/periodic_interface_v4/pbe_interface_v19_pure_phase_controls/calculations/Ag_volume_p02_k8x8x8_v19,5de661e1e0411aac4fe15248230cc50f3a57ff83a74f98c1169a16a0ea3efb9a,30eaa31ac370ac2bffc12220cc96fc646e1e5b9bbc3f516922ece68ecbeb2b77|7cf0516d61ee718e03c59b0bc06fcb857b453165e78463b023714b700e83c6af,2389522efccd5054fe92597ff12f376f791a3fbf503cc875c4cbf177def213c2|d384b417d74255630f266adf832ebbe74f8b2d69b74a7876845feb7404716d90,not recorded in compact eligibility ledger,all source/result/summary hashes present; verifier status PASS for every record,PASS per published eligibility ledger
pure_phase_unique_source_geometry,Ag_shear_p005_k6x6x6_v19|Ag_shear_p005_k8x8x8_v19,solid_Ag,Ag32,32,694f6677dc431f58bd589db49d37cdc45faf61fe2427f595ce1d3d33cb104372,2,"[6,6,6]|[8,8,8]",fcc baseline / displacement / shear / volume group by source hash,numerical_pure_phase_control_not_training_or_independent_validation,True,PASS,True,yes,"at most one label for this geometry after explicit role change and selecting converged mesh; training only, never independent validation",1,research/mace-v12-transfer/periodic_interface_v4/pbe_interface_v19_pure_phase_controls/calculations/Ag_shear_p005_k6x6x6_v19|research/mace-v12-transfer/periodic_interface_v4/pbe_interface_v19_pure_phase_controls/calculations/Ag_shear_p005_k8x8x8_v19,694f6677dc431f58bd589db49d37cdc45faf61fe2427f595ce1d3d33cb104372,108bca4f71c897457dfb598cf122b927536260666479aff0a573a62df5999150|8adcd40f780ff367fef11243d1985d7b6972814f2649f94157a4b962a862cb93,654eec7763300036847f04a9a2dff9f802ddef90b9ec0e80d7444a134cbf0c48|e690c0f160edfc82429cfcda50db2638141fc1ae521c8b57418ef073e9cd5f20,not recorded in compact eligibility ledger,all source/result/summary hashes present; verifier status PASS for every record,PASS per published eligibility ledger
pure_phase_unique_source_geometry,Ag_shear_m005_k6x6x6_v19|Ag_shear_m005_k8x8x8_v19,solid_Ag,Ag32,32,7fa523344eda2e4acac6a6240224d090b20ca4d713b15773c9d316e44298e9b6,2,"[6,6,6]|[8,8,8]",fcc baseline / displacement / shear / volume group by source hash,numerical_pure_phase_control_not_training_or_independent_validation,True,PASS,True,yes,"at most one label for this geometry after explicit role change and selecting converged mesh; training only, never independent validation",1,research/mace-v12-transfer/periodic_interface_v4/pbe_interface_v19_pure_phase_controls/calculations/Ag_shear_m005_k6x6x6_v19|research/mace-v12-transfer/periodic_interface_v4/pbe_interface_v19_pure_phase_controls/calculations/Ag_shear_m005_k8x8x8_v19,7fa523344eda2e4acac6a6240224d090b20ca4d713b15773c9d316e44298e9b6,a7560e8ed9f0aebed4d12dbeea2c4e8f387693b3452fbe4890d1e7707328b482|079c9f0dfc7aab65d1119f47cb1ef9420f2938af2fca2d997a86dfa4a33df882,44c7b8c18cee613e50f33f906c0b5eba7e99ab854918916ede778d804dcb9bf7|95e41a264845cbf1b68f139bc8d238d80dead6c437180483e66ce36b3c4996c9,not recorded in compact eligibility ledger,all source/result/summary hashes present; verifier status PASS for every record,PASS per published eligibility ledger
pure_phase_unique_source_geometry,Ag_displacement_p01_k4x4x4_v19|Ag_displacement_p01_k6x6x6_v19,solid_Ag,Ag32,32,af5f7345fe8e40b172a4d63197778325c8f45ec8b3e3de4a3a595a5b5c5c7bb4,2,"[4,4,4]|[6,6,6]",fcc baseline / displacement / shear / volume group by source hash,numerical_pure_phase_control_not_training_or_independent_validation,True,PASS,True,yes,"at most one label for this geometry after explicit role change and selecting converged mesh; training only, never independent validation",1,research/mace-v12-transfer/periodic_interface_v4/pbe_interface_v19_pure_phase_controls/calculations/Ag_displacement_p01_k4x4x4_v19|research/mace-v12-transfer/periodic_interface_v4/pbe_interface_v19_pure_phase_controls/calculations/Ag_displacement_p01_k6x6x6_v19,af5f7345fe8e40b172a4d63197778325c8f45ec8b3e3de4a3a595a5b5c5c7bb4,5b38ed51d399a6a726bbbceef389d450c98268529d5e84557699ff2ea7b1816b|29222d7bdd1363f1411fca55c6adbf220c57fd7120fc6b4b08bc8e043de00923,561f1817f74ce464927b8fe5d60b63806c25860aba8070dfee1a30ee48a82471|4537bab416c78f5e6f850ec225435d1ce8146def6fc72c6a07021afca3754cd4,not recorded in compact eligibility ledger,all source/result/summary hashes present; verifier status PASS for every record,PASS per published eligibility ledger
pure_phase_unique_source_geometry,Ag_volume_m02_k6x6x6_v19|Ag_volume_m02_k8x8x8_v19,solid_Ag,Ag32,32,b28fbe079630f9264361b46b79bc80a55ee5b5eb26965a08123bc795a927e5b0,2,"[6,6,6]|[8,8,8]",fcc baseline / displacement / shear / volume group by source hash,numerical_pure_phase_control_not_training_or_independent_validation,True,PASS,True,yes,"at most one label for this geometry after explicit role change and selecting converged mesh; training only, never independent validation",1,research/mace-v12-transfer/periodic_interface_v4/pbe_interface_v19_pure_phase_controls/calculations/Ag_volume_m02_k6x6x6_v19|research/mace-v12-transfer/periodic_interface_v4/pbe_interface_v19_pure_phase_controls/calculations/Ag_volume_m02_k8x8x8_v19,b28fbe079630f9264361b46b79bc80a55ee5b5eb26965a08123bc795a927e5b0,e97e184581d47b232ecd749413c5e1aa342082ae2401d27bf6fd4298c72d2031|24595b5ebc2eedd7c4a281e5b75c546dd1abf476d95eb7fc698b7a7b4cc84955,086253f96a26d67fd37fb60a5f15ee934ffb3aaeaec6d55540aa8ee12b65103e|eb142bcc15a9e207f22f5ca182a01b89187870aa3ec0101962da9fa44de22ca9,not recorded in compact eligibility ledger,all source/result/summary hashes present; verifier status PASS for every record,PASS per published eligibility ledger
pure_phase_unique_source_geometry,Ag_displacement_m01_k6x6x6_v19,solid_Ag,Ag32,32,c9d78f01f6d3aa1c07f5e487707d5794ac1764aefecdc5ba15b8daa1090d7cfe,1,"[6,6,6]",fcc baseline / displacement / shear / volume group by source hash,numerical_pure_phase_control_not_training_or_independent_validation,True,PASS,True,yes,"at most one label for this geometry after explicit role change and selecting converged mesh; training only, never independent validation",1,research/mace-v12-transfer/periodic_interface_v4/pbe_interface_v19_pure_phase_controls/calculations/Ag_displacement_m01_k6x6x6_v19,c9d78f01f6d3aa1c07f5e487707d5794ac1764aefecdc5ba15b8daa1090d7cfe,77d8105bf3288d2902cec4bcb1f13d02f5a777f6740a7a6d36d6dc9d8ef675f0,b5ba50d843284fbf4063e00685f8ec4857a6719e9546ea897f24fd7000b75a86,not recorded in compact eligibility ledger,all source/result/summary hashes present; verifier status PASS for every record,PASS per published eligibility ledger
pure_phase_unique_source_geometry,Ti3SiC2_baseline_k10x10x2_v19|Ti3SiC2_baseline_k10x10x4_v19|Ti3SiC2_baseline_k4x4x2_v19|Ti3SiC2_baseline_k6x6x2_v19|Ti3SiC2_baseline_k6x6x4_v19|Ti3SiC2_baseline_k8x8x2_v19|Ti3SiC2_baseline_k8x8x4_v19,solid_Ti3SiC2,C16Si8Ti24,48,157c1dab02a28e6140dd5191187ccd914fe558950e2ac6c136866bcc7805c3e4,7,"[10,10,2]|[10,10,4]|[4,4,2]|[6,6,2]|[6,6,4]|[8,8,2]|[8,8,4]",Ti3SiC2 baseline or Ti/C z displacement group by source hash,numerical_pure_phase_control_not_training_or_independent_validation,True,PASS,True,yes,"at most one label for this geometry after explicit role change and selecting converged mesh; training only, never independent validation",1,research/mace-v12-transfer/periodic_interface_v4/pbe_interface_v19_pure_phase_controls/calculations/Ti3SiC2_baseline_k10x10x2_v19|research/mace-v12-transfer/periodic_interface_v4/pbe_interface_v19_pure_phase_controls/calculations/Ti3SiC2_baseline_k10x10x4_v19|research/mace-v12-transfer/periodic_interface_v4/pbe_interface_v19_pure_phase_controls/calculations/Ti3SiC2_baseline_k4x4x2_v19|research/mace-v12-transfer/periodic_interface_v4/pbe_interface_v19_pure_phase_controls/calculations/Ti3SiC2_baseline_k6x6x2_v19|research/mace-v12-transfer/periodic_interface_v4/pbe_interface_v19_pure_phase_controls/calculations/Ti3SiC2_baseline_k6x6x4_v19|research/mace-v12-transfer/periodic_interface_v4/pbe_interface_v19_pure_phase_controls/calculations/Ti3SiC2_baseline_k8x8x2_v19|research/mace-v12-transfer/periodic_interface_v4/pbe_interface_v19_pure_phase_controls/calculations/Ti3SiC2_baseline_k8x8x4_v19,157c1dab02a28e6140dd5191187ccd914fe558950e2ac6c136866bcc7805c3e4,198ea252ba9dc0bb22dc9b968977b18f7422445aa7e9ce37bb0aa8c4701f3916|75b083e225b8b20bbdde181c8e1847bae4b0052a854c6e9ee48885c940166415|20f15465deb0b6f1661385e632ff4a51686fecc4654bba84bc11f08d898e691c|fe7ec9ce8b17884aab37f45d2c1c494878c7536571ca41a41bbf8c584e309c8c|29e9ac254984b4a4ab6a22cbac7043c2cf9a826eb498422f1860a5798e72cee4|87c6cc52d3dfa22449a15f045d51d055263f4f6da4e4a428405055b49d9020aa|8df4f873276ee1e22326c96b4c710b42a01c85c73337659a6bd25b48b3e45a99,9adf429be5c4e0bd5bbe1b84b1795683aae8d728668b280176737fca2a0aa166|d73c15560c1dade6ee9fa7a43ccf5e820d3d420114b90bc3965234edba717110|df787a172089d2a899daa69c4768d7f7fff5761d87db89446e28025849bbce43|0caea4cfadd08989bc9570e0ebf775fd99245e495c51ceab7c4074e79c1b023f|08f6061fa96a3cddd2c81acec37623b3a719cdd1b50a9f1f8aed340c949a3ccc|172aeb667f6bb2bdf0e098c0e540f6c11e2eb39035d01f0cc5d80c4642e59e81|7de561c52cff2ce1b7e40028c8e027a43d65d488d57a8659778ddf2aaf212c67,not recorded in compact eligibility ledger,all source/result/summary hashes present; verifier status PASS for every record,PASS per published eligibility ledger
pure_phase_unique_source_geometry,Ti3SiC2_C4f_id0009_z_m020A_k10x10x4_v19,solid_Ti3SiC2,C16Si8Ti24,48,19f1a4011620f5c7f245d0a8c893964aa8ebd1eb647f8a9b6f4547a75cac586f,1,"[10,10,4]",Ti3SiC2 baseline or Ti/C z displacement group by source hash,numerical_pure_phase_control_not_training_or_independent_validation,True,PASS,True,yes,"at most one label for this geometry after explicit role change and selecting converged mesh; training only, never independent validation",1,research/mace-v12-transfer/periodic_interface_v4/pbe_interface_v19_pure_phase_controls/calculations/Ti3SiC2_C4f_id0009_z_m020A_k10x10x4_v19,19f1a4011620f5c7f245d0a8c893964aa8ebd1eb647f8a9b6f4547a75cac586f,ac021467637026f8728b9b25228b061f8485dda42577b5ce8ae5a8ab4b134850,a56a8df9b560322d59bab0034551982b243602491ec0fb478e62083a9596b59f,not recorded in compact eligibility ledger,all source/result/summary hashes present; verifier status PASS for every record,PASS per published eligibility ledger
pure_phase_unique_source_geometry,Ti3SiC2_Ti4f_id0003_z_m020A_k10x10x4_v19,solid_Ti3SiC2,C16Si8Ti24,48,5529a040f0f35957f826b78754910970741bff741474e321dc1646a5c0c12bbf,1,"[10,10,4]",Ti3SiC2 baseline or Ti/C z displacement group by source hash,numerical_pure_phase_control_not_training_or_independent_validation,True,PASS,True,yes,"at most one label for this geometry after explicit role change and selecting converged mesh; training only, never independent validation",1,research/mace-v12-transfer/periodic_interface_v4/pbe_interface_v19_pure_phase_controls/calculations/Ti3SiC2_Ti4f_id0003_z_m020A_k10x10x4_v19,5529a040f0f35957f826b78754910970741bff741474e321dc1646a5c0c12bbf,95f3803ec53eaa5a89c6b0117446782e66f4060dbcb01588a7bb5488b24220ce,ef1d9a37e95af3d2151cebec62a7cbfad7a3f4f0b5633ca08f2e8dcd39bbf263,not recorded in compact eligibility ledger,all source/result/summary hashes present; verifier status PASS for every record,PASS per published eligibility ledger
pure_phase_unique_source_geometry,Ti3SiC2_Ti4f_id0003_z_p020A_k10x10x4_v19,solid_Ti3SiC2,C16Si8Ti24,48,5829ebcbb9ae331f6cf1dd7dc5abca0787c07667a55778e3c1eea241938b227b,1,"[10,10,4]",Ti3SiC2 baseline or Ti/C z displacement group by source hash,numerical_pure_phase_control_not_training_or_independent_validation,True,PASS,True,yes,"at most one label for this geometry after explicit role change and selecting converged mesh; training only, never independent validation",1,research/mace-v12-transfer/periodic_interface_v4/pbe_interface_v19_pure_phase_controls/calculations/Ti3SiC2_Ti4f_id0003_z_p020A_k10x10x4_v19,5829ebcbb9ae331f6cf1dd7dc5abca0787c07667a55778e3c1eea241938b227b,fa16c172aa4ae926b38347c230e60f8bb93dd79a2e2d66ec2481de79579d1265,07c22ba2daad98244b615599a90c878d6c94728b5d543ffee1f667da70888b5c,not recorded in compact eligibility ledger,all source/result/summary hashes present; verifier status PASS for every record,PASS per published eligibility ledger
public_interface_archive_record,AgC_d2p0,Ag_carbide_silicide_interface_or_cluster,C13Ag2Si10Ti23,48,ed7ccf2a4976f2a9afc41cbf38e109d172c2104667934af35e09829c86359f10,group by exact source hash; not an independent parent count,see published case metadata,historical interface/cluster/slab; source family and numerical-control role vary,unknown_legacy_role_requires_source_and_lineage_review,True,legacy/no current PASS,record-specific; see published audit ledger,not in C 22 static subset; prior role still requires audit,legacy archive: first obtain current per-record verification/hash review,0,research/mace-v12-transfer/periodic_interface_v4/pbe_interface_energy_additions_v12/calculations/AgC_d2p0,ed7ccf2a4976f2a9afc41cbf38e109d172c2104667934af35e09829c86359f10,,,False,,
public_interface_archive_record,AgC_d2p4,Ag_carbide_silicide_interface_or_cluster,C13Ag2Si10Ti23,48,a9f0ea09afcc2812256cfcbd3633e4d2613c29e106a6c73187a2a9958dcd9ed8,group by exact source hash; not an independent parent count,see published case metadata,historical interface/cluster/slab; source family and numerical-control role vary,unknown_legacy_role_requires_source_and_lineage_review,True,legacy/no current PASS,record-specific; see published audit ledger,not in C 22 static subset; prior role still requires audit,legacy archive: first obtain current per-record verification/hash review,0,research/mace-v12-transfer/periodic_interface_v4/pbe_interface_energy_additions_v12/calculations/AgC_d2p4,a9f0ea09afcc2812256cfcbd3633e4d2613c29e106a6c73187a2a9958dcd9ed8,,,False,,
public_interface_archive_record,AgSi_d2p2,Ag_carbide_silicide_interface_or_cluster,C13Ag17Si8Ti13,51,96c5b90d65eb728c46a24dde01aa5214a755f384039f00c873c71959311e74a7,group by exact source hash; not an independent parent count,see published case metadata,historical interface/cluster/slab; source family and numerical-control role vary,unknown_legacy_role_requires_source_and_lineage_review,True,legacy/no current PASS,record-specific; see published audit ledger,not in C 22 static subset; prior role still requires audit,legacy archive: first obtain current per-record verification/hash review,0,research/mace-v12-transfer/periodic_interface_v4/pbe_interface_energy_additions_v12/calculations/AgSi_d2p2,96c5b90d65eb728c46a24dde01aa5214a755f384039f00c873c71959311e74a7,,,False,,
public_interface_archive_record,AgSi_d2p8,Ag_carbide_silicide_interface_or_cluster,C13Ag17Si8Ti13,51,cb415a64a4c868da0a429a9d37cc0581a47a7bc12d1355d0bb0fb2e430602494,group by exact source hash; not an independent parent count,see published case metadata,historical interface/cluster/slab; source family and numerical-control role vary,unknown_legacy_role_requires_source_and_lineage_review,True,legacy/no current PASS,record-specific; see published audit ledger,not in C 22 static subset; prior role still requires audit,legacy archive: first obtain current per-record verification/hash review,0,research/mace-v12-transfer/periodic_interface_v4/pbe_interface_energy_additions_v12/calculations/AgSi_d2p8,cb415a64a4c868da0a429a9d37cc0581a47a7bc12d1355d0bb0fb2e430602494,,,False,,
public_interface_archive_record,AgC_registry_strain_acq_v14_01,Ag_carbide_silicide_interface_or_cluster,C13Ag2Si10Ti23,48,ce992b93cf32ebcee7cd65ff7c23dec91dc8e28616893ed414818253ebe1d260,group by exact source hash; not an independent parent count,see published case metadata,historical interface/cluster/slab; source family and numerical-control role vary,candidate_for_training_after_provenance_and_overlap_review,True,PASS,record-specific; see published audit ledger,not in C 22 static subset; prior role still requires audit,conditional training candidate after source/role/overlap review; not independent test,0,research/mace-v12-transfer/periodic_interface_v4/pbe_interface_v14_parallel_acquisition/calculations/AgC_registry_strain_acq_v14_01,ce992b93cf32ebcee7cd65ff7c23dec91dc8e28616893ed414818253ebe1d260,7df6a624cddd1bfba65e5438e92138cff1f823a93d87db6b57184cff0afcd0d1,,False,,True
public_interface_archive_record,AgSi_registry_strain_acq_v14_01,Ag_carbide_silicide_interface_or_cluster,C13Ag17Si8Ti13,51,0fd6ed880bdcaf84ec95fc6adc7e247f34256ac28b1191040be3e9679ae147eb,group by exact source hash; not an independent parent count,see published case metadata,historical interface/cluster/slab; source family and numerical-control role vary,candidate_for_training_after_provenance_and_overlap_review,True,PASS,record-specific; see published audit ledger,not in C 22 static subset; prior role still requires audit,conditional training candidate after source/role/overlap review; not independent test,0,research/mace-v12-transfer/periodic_interface_v4/pbe_interface_v14_parallel_acquisition/calculations/AgSi_registry_strain_acq_v14_01,0fd6ed880bdcaf84ec95fc6adc7e247f34256ac28b1191040be3e9679ae147eb,253b01b10ea9ca60a89e4199bce6e30ed15356b9802b12c6509215a8b0c437ec,,False,,True
public_interface_archive_record,AgTi_registry_probe_v13_01,Ag_carbide_silicide_interface_or_cluster,C11Ag28SiTi9,49,a30b698b2f3af74784ebb0c33ad31207c8d67681d7531b3b4ac98e0148df6694,group by exact source hash; not an independent parent count,see published case metadata,historical interface/cluster/slab; source family and numerical-control role vary,candidate_for_training_after_provenance_and_overlap_review,True,PASS,record-specific; see published audit ledger,not in C 22 static subset; prior role still requires audit,conditional training candidate after source/role/overlap review; not independent test,0,research/mace-v12-transfer/periodic_interface_v4/pbe_interface_v14_parallel_acquisition/calculations/AgTi_registry_probe_v13_01,a30b698b2f3af74784ebb0c33ad31207c8d67681d7531b3b4ac98e0148df6694,e2ff4802857525b0b20e1cc885a62909ab6382da5e0bc0048de3f339df1b14b1,,False,,True
public_interface_archive_record,AgC_residual_shell_v15_01,Ag_carbide_silicide_interface_or_cluster,C13Ag2Si10Ti23,48,ff05df833156ca7569e4c155c327703a429bbc80b3a0240039d6a18d700d0d33,group by exact source hash; not an independent parent count,see published case metadata,historical interface/cluster/slab; source family and numerical-control role vary,candidate_for_training_after_provenance_and_overlap_review,True,PASS,record-specific; see published audit ledger,not in C 22 static subset; prior role still requires audit,conditional training candidate after source/role/overlap review; not independent test,0,research/mace-v12-transfer/periodic_interface_v4/pbe_interface_v15_targeted_acquisition/calculations/AgC_residual_shell_v15_01,ff05df833156ca7569e4c155c327703a429bbc80b3a0240039d6a18d700d0d33,4d3d9cc0718f53a7f654642576e4e31a794ff0f47548962bad94ff0093d99d9b,,False,,True
public_interface_archive_record,AgSi_residual_shell_v15_01,Ag_carbide_silicide_interface_or_cluster,C13Ag17Si8Ti13,51,a860923ba99d6657e42192e26de52d3051904f4cb84a41dfd759fafc5818beb1,group by exact source hash; not an independent parent count,see published case metadata,historical interface/cluster/slab; source family and numerical-control role vary,candidate_for_training_after_provenance_and_overlap_review,True,PASS,record-specific; see published audit ledger,not in C 22 static subset; prior role still requires audit,conditional training candidate after source/role/overlap review; not independent test,0,research/mace-v12-transfer/periodic_interface_v4/pbe_interface_v15_targeted_acquisition/calculations/AgSi_residual_shell_v15_01,a860923ba99d6657e42192e26de52d3051904f4cb84a41dfd759fafc5818beb1,b1910d2e1f7db46c77f7f9b05a0781eae2dd27121ccc406df48fa932a33a4928,,False,,True
public_interface_archive_record,AgTi_residual_shell_v15_01,Ag_carbide_silicide_interface_or_cluster,C11Ag28SiTi9,49,f33cd351b4213cc9aa8e2420e67bba49f4be45727f9fe0408562cc2cb9f9311f,group by exact source hash; not an independent parent count,see published case metadata,historical interface/cluster/slab; source family and numerical-control role vary,candidate_for_training_after_provenance_and_overlap_review,True,PASS,record-specific; see published audit ledger,not in C 22 static subset; prior role still requires audit,conditional training candidate after source/role/overlap review; not independent test,0,research/mace-v12-transfer/periodic_interface_v4/pbe_interface_v15_targeted_acquisition/calculations/AgTi_residual_shell_v15_01,f33cd351b4213cc9aa8e2420e67bba49f4be45727f9fe0408562cc2cb9f9311f,46c2e7a6298232db3868c15edfd854b69ccfb3a2b3219079d2eeb559b7a3ecf7,,False,,True
public_interface_archive_record,AgC_widespan_registry_acq_v16_01,Ag_carbide_silicide_interface_or_cluster,C13Ag2Si10Ti23,48,061e1c3374962e2da4ee1378f36f00895df8d669758334620277e275821c051a,group by exact source hash; not an independent parent count,see published case metadata,historical interface/cluster/slab; source family and numerical-control role vary,candidate_for_training_after_provenance_and_overlap_review,True,PASS,record-specific; see published audit ledger,not in C 22 static subset; prior role still requires audit,conditional training candidate after source/role/overlap review; not independent test,0,research/mace-v12-transfer/periodic_interface_v4/pbe_interface_v16_main_acquisition/calculations/AgC_widespan_registry_acq_v16_01,061e1c3374962e2da4ee1378f36f00895df8d669758334620277e275821c051a,eebeec2323dc9771266c2c536745dfbf74599389c31ca9dda3553acd248d9371,,False,,True
public_interface_archive_record,AgSi_widespan_registry_acq_v16_01,Ag_carbide_silicide_interface_or_cluster,C13Ag17Si8Ti13,51,92dd6a42087553d506e438cfae153f2bc58c1bc415d70f3f58da33d0e34cea91,group by exact source hash; not an independent parent count,see published case metadata,historical interface/cluster/slab; source family and numerical-control role vary,candidate_for_training_after_provenance_and_overlap_review,True,PASS,record-specific; see published audit ledger,not in C 22 static subset; prior role still requires audit,conditional training candidate after source/role/overlap review; not independent test,0,research/mace-v12-transfer/periodic_interface_v4/pbe_interface_v16_main_acquisition/calculations/AgSi_widespan_registry_acq_v16_01,92dd6a42087553d506e438cfae153f2bc58c1bc415d70f3f58da33d0e34cea91,9fc6334e6f176d6edfb2c43998265f72c865b9c1e5d78dc7af5fa84f58d04c5e,,False,,True
public_interface_archive_record,AgTi_widespan_registry_acq_v16_01,Ag_carbide_silicide_interface_or_cluster,C11Ag28SiTi9,49,6c619d9fcda72876449c2792b4d6c4d3db4afcde86bf976cb824e5e15ef74a6a,group by exact source hash; not an independent parent count,see published case metadata,historical interface/cluster/slab; source family and numerical-control role vary,candidate_for_training_after_provenance_and_overlap_review,True,PASS,record-specific; see published audit ledger,not in C 22 static subset; prior role still requires audit,conditional training candidate after source/role/overlap review; not independent test,0,research/mace-v12-transfer/periodic_interface_v4/pbe_interface_v16_main_acquisition/calculations/AgTi_widespan_registry_acq_v16_01,6c619d9fcda72876449c2792b4d6c4d3db4afcde86bf976cb824e5e15ef74a6a,49cb90e3cc38622639be3fa0c135654691c5699955087e40fd05284f5580a894,,False,,True
public_interface_archive_record,AgC_widespan_distance_acq_v16_01,Ag_carbide_silicide_interface_or_cluster,C13Ag2Si10Ti23,48,75841f91e522499e24953b3d6c9454cccc09bab484e1f55001ad26380686dd21,group by exact source hash; not an independent parent count,see published case metadata,historical interface/cluster/slab; source family and numerical-control role vary,candidate_for_training_after_provenance_and_overlap_review,True,PASS,record-specific; see published audit ledger,not in C 22 static subset; prior role still requires audit,conditional training candidate after source/role/overlap review; not independent test,0,research/mace-v12-transfer/periodic_interface_v4/pbe_interface_v16_parallel_acquisition/calculations/AgC_widespan_distance_acq_v16_01,75841f91e522499e24953b3d6c9454cccc09bab484e1f55001ad26380686dd21,f8a5a044898806fe91f8bc64c5335e8638e7d237d670c53727d3c27c17742b0c,,False,,True
public_interface_archive_record,AgSi_widespan_distance_acq_v16_01,Ag_carbide_silicide_interface_or_cluster,C13Ag17Si8Ti13,51,cccdfcdd8891216a4078d11cd618dd862daae2c368bfe74cef7c3a73ac3b6049,group by exact source hash; not an independent parent count,see published case metadata,historical interface/cluster/slab; source family and numerical-control role vary,candidate_for_training_after_provenance_and_overlap_review,True,PASS,record-specific; see published audit ledger,not in C 22 static subset; prior role still requires audit,conditional training candidate after source/role/overlap review; not independent test,0,research/mace-v12-transfer/periodic_interface_v4/pbe_interface_v16_parallel_acquisition/calculations/AgSi_widespan_distance_acq_v16_01,cccdfcdd8891216a4078d11cd618dd862daae2c368bfe74cef7c3a73ac3b6049,8233b92b45848026c4939a9452664ba5c5d05d7046c47854a4ecb757086a9bba,,False,,True
public_interface_archive_record,AgTi_widespan_distance_acq_v16_01,Ag_carbide_silicide_interface_or_cluster,C11Ag28SiTi9,49,d9a2a87496d133e22778f0531c2a2742a61d0c5a86c61a04fea44d4d500f6115,group by exact source hash; not an independent parent count,see published case metadata,historical interface/cluster/slab; source family and numerical-control role vary,candidate_for_training_after_provenance_and_overlap_review,True,PASS,record-specific; see published audit ledger,not in C 22 static subset; prior role still requires audit,conditional training candidate after source/role/overlap review; not independent test,0,research/mace-v12-transfer/periodic_interface_v4/pbe_interface_v16_parallel_acquisition/calculations/AgTi_widespan_distance_acq_v16_01,d9a2a87496d133e22778f0531c2a2742a61d0c5a86c61a04fea44d4d500f6115,e6e5fb73b43e1f60346c2dc8542320f2ab227a1e2b48528532e6b5ef612229da,,False,,True
public_interface_archive_record,AgC_framework_neighbor_p_acq_v17_01,Ag_carbide_silicide_interface_or_cluster,C13Ag2Si10Ti23,48,09dae5405ad3483981c037a625d0ec24345b62de73b05f554297a03a158104b3,group by exact source hash; not an independent parent count,see published case metadata,historical interface/cluster/slab; source family and numerical-control role vary,candidate_for_training_after_provenance_and_overlap_review,True,PASS,record-specific; see published audit ledger,not in C 22 static subset; prior role still requires audit,conditional training candidate after source/role/overlap review; not independent test,0,research/mace-v12-transfer/periodic_interface_v4/pbe_interface_v17_main_targeted_acquisition/calculations/AgC_framework_neighbor_p_acq_v17_01,09dae5405ad3483981c037a625d0ec24345b62de73b05f554297a03a158104b3,ead489391a3a6a0d6b0d9a5f339cfe83efa0eb0ff9273af11ef6ea68da30eb7a,,False,,True
public_interface_archive_record,AgSi_framework_neighbor_p_acq_v17_01,Ag_carbide_silicide_interface_or_cluster,C13Ag17Si8Ti13,51,005870fe551a65d70066546a08391c7533e5844693ef1c85a72e5b475966582c,group by exact source hash; not an independent parent count,see published case metadata,historical interface/cluster/slab; source family and numerical-control role vary,candidate_for_training_after_provenance_and_overlap_review,True,PASS,record-specific; see published audit ledger,not in C 22 static subset; prior role still requires audit,conditional training candidate after source/role/overlap review; not independent test,0,research/mace-v12-transfer/periodic_interface_v4/pbe_interface_v17_main_targeted_acquisition/calculations/AgSi_framework_neighbor_p_acq_v17_01,005870fe551a65d70066546a08391c7533e5844693ef1c85a72e5b475966582c,733599b4f486d1757cf5ffd3c9fdeff84475840c0cc9c9c76481c7ac98bf66af,,False,,True
public_interface_archive_record,AgSi_transverse_Ag_p_acq_v17_01,Ag_carbide_silicide_interface_or_cluster,C13Ag17Si8Ti13,51,0ec984230be84dec75648be83c7a35355d61b5d3c9f3f40e47dc2958a6703653,group by exact source hash; not an independent parent count,see published case metadata,historical interface/cluster/slab; source family and numerical-control role vary,candidate_for_training_after_provenance_and_overlap_review,True,PASS,record-specific; see published audit ledger,not in C 22 static subset; prior role still requires audit,conditional training candidate after source/role/overlap review; not independent test,0,research/mace-v12-transfer/periodic_interface_v4/pbe_interface_v17_main_targeted_acquisition/calculations/AgSi_transverse_Ag_p_acq_v17_01,0ec984230be84dec75648be83c7a35355d61b5d3c9f3f40e47dc2958a6703653,0598711484528b83a19d8a16584d987f1c6c5c1fb542a067d8369147134e1eb4,,False,,True
public_interface_archive_record,AgTi_framework_neighbor_p_acq_v17_01,Ag_carbide_silicide_interface_or_cluster,C11Ag28SiTi9,49,7e0ebb73b6cfd1bcdf3e40e0e8f133aafa059e528961ce7b0c3a0734ad714768,group by exact source hash; not an independent parent count,see published case metadata,historical interface/cluster/slab; source family and numerical-control role vary,candidate_for_training_after_provenance_and_overlap_review,True,PASS,record-specific; see published audit ledger,not in C 22 static subset; prior role still requires audit,conditional training candidate after source/role/overlap review; not independent test,0,research/mace-v12-transfer/periodic_interface_v4/pbe_interface_v17_main_targeted_acquisition/calculations/AgTi_framework_neighbor_p_acq_v17_01,7e0ebb73b6cfd1bcdf3e40e0e8f133aafa059e528961ce7b0c3a0734ad714768,e60999f18b1e7f9dace529654a79fee5f8473ea9360319d25644f068f75bd823,,False,,True
public_interface_archive_record,AgC_framework_neighbor_m_acq_v17_01,Ag_carbide_silicide_interface_or_cluster,C13Ag2Si10Ti23,48,1ca2296b55c265987291e6167e844cccbaca38822b8340962678e04592ed35ca,group by exact source hash; not an independent parent count,see published case metadata,historical interface/cluster/slab; source family and numerical-control role vary,candidate_for_training_after_provenance_and_overlap_review,True,PASS,record-specific; see published audit ledger,not in C 22 static subset; prior role still requires audit,conditional training candidate after source/role/overlap review; not independent test,0,research/mace-v12-transfer/periodic_interface_v4/pbe_interface_v17_parallel_targeted_acquisition/calculations/AgC_framework_neighbor_m_acq_v17_01,1ca2296b55c265987291e6167e844cccbaca38822b8340962678e04592ed35ca,0d84056cfec43f165dcc1a18426aae6b04da7526c4c17754e464ec6b0c924c7c,,False,,True
public_interface_archive_record,AgSi_framework_neighbor_m_acq_v17_01,Ag_carbide_silicide_interface_or_cluster,C13Ag17Si8Ti13,51,57887b262d29cf3659cab1273e4f031a826900318016e8d8fe6e899925689f45,group by exact source hash; not an independent parent count,see published case metadata,historical interface/cluster/slab; source family and numerical-control role vary,candidate_for_training_after_provenance_and_overlap_review,True,PASS,record-specific; see published audit ledger,not in C 22 static subset; prior role still requires audit,conditional training candidate after source/role/overlap review; not independent test,0,research/mace-v12-transfer/periodic_interface_v4/pbe_interface_v17_parallel_targeted_acquisition/calculations/AgSi_framework_neighbor_m_acq_v17_01,57887b262d29cf3659cab1273e4f031a826900318016e8d8fe6e899925689f45,329469302592cf16cc1188cc4af8bd0cc5f6926debaea9f9a1c18b61c8ad575f,,False,,True
public_interface_archive_record,AgSi_transverse_Ag_m_acq_v17_01,Ag_carbide_silicide_interface_or_cluster,C13Ag17Si8Ti13,51,c4a171481ad09968c0bd5980d43fcb6e2afd7e85a7bdee231208747dde3233b5,group by exact source hash; not an independent parent count,see published case metadata,historical interface/cluster/slab; source family and numerical-control role vary,candidate_for_training_after_provenance_and_overlap_review,True,PASS,record-specific; see published audit ledger,not in C 22 static subset; prior role still requires audit,conditional training candidate after source/role/overlap review; not independent test,0,research/mace-v12-transfer/periodic_interface_v4/pbe_interface_v17_parallel_targeted_acquisition/calculations/AgSi_transverse_Ag_m_acq_v17_01,c4a171481ad09968c0bd5980d43fcb6e2afd7e85a7bdee231208747dde3233b5,30a5a9657a7285576ccc42e59496fed35e44440ea7aa66ac7d816d8e91139579,,False,,True
public_interface_archive_record,AgTi_framework_neighbor_m_acq_v17_01,Ag_carbide_silicide_interface_or_cluster,C11Ag28SiTi9,49,aac0938a9b417bf4a7f61e5ee76f7485ff7e8af4cb4e06f58001b79d5f636293,group by exact source hash; not an independent parent count,see published case metadata,historical interface/cluster/slab; source family and numerical-control role vary,candidate_for_training_after_provenance_and_overlap_review,True,PASS,record-specific; see published audit ledger,not in C 22 static subset; prior role still requires audit,conditional training candidate after source/role/overlap review; not independent test,0,research/mace-v12-transfer/periodic_interface_v4/pbe_interface_v17_parallel_targeted_acquisition/calculations/AgTi_framework_neighbor_m_acq_v17_01,aac0938a9b417bf4a7f61e5ee76f7485ff7e8af4cb4e06f58001b79d5f636293,493a1a4b416a0938ddbfb6805437f4ab1e80d3c3433525de3f859945ac8764c8,,False,,True
public_interface_archive_record,Ti_gap_2p3_rank_recovery_v17_01,Ag_carbide_silicide_interface_or_cluster,C8Ag10Si2Ti12,32,ffd97014cd348708b86612c5442650bde1f7b8bf90616c627df7dd5c5862ab2c,group by exact source hash; not an independent parent count,see published case metadata,historical interface/cluster/slab; source family and numerical-control role vary,candidate_for_training_after_provenance_and_overlap_review,True,PASS,record-specific; see published audit ledger,not in C 22 static subset; prior role still requires audit,conditional training candidate after source/role/overlap review; not independent test,0,research/mace-v12-transfer/periodic_interface_v4/pbe_interface_v17_rank_recovery_parallel/calculations/Ti_gap_2p3_rank_recovery_v17_01,ffd97014cd348708b86612c5442650bde1f7b8bf90616c627df7dd5c5862ab2c,07b1aa0cfdcdd125555d2dc82dec8a8b8c57e07b0a6adc6eb5067ea76cc6f57c,,True,True,True
public_interface_archive_record,AgSi_COD9009647_pilot_gamma,Ag_carbide_silicide_interface_or_cluster,C16Ag4Si8Ti24,52,8fe44bee35e17ebfc433e059925a7a85f0dbb4e775090a75ae1883b3eaa6c36c,group by exact source hash; not an independent parent count,see published case metadata,historical interface/cluster/slab; source family and numerical-control role vary,excluded_by_declared_role_until_explicit_reassignment,True,PASS,record-specific; see published audit ledger,not in C 22 static subset; prior role still requires audit,not reusable under current role; separate explicit role decision required,0,research/mace-v12-transfer/periodic_interface_v4/pbe_interface_v19_cif_convergence_pilot/calculations/AgSi_COD9009647_pilot_gamma,8fe44bee35e17ebfc433e059925a7a85f0dbb4e775090a75ae1883b3eaa6c36c,9d5e3a9ef7060b14d0191f277972bc75a6226dbe95911471742d9f0bc2a91440,,True,True,True
public_interface_archive_record,AgSi_COD9009647_pilot_k2x2,Ag_carbide_silicide_interface_or_cluster,C16Ag4Si8Ti24,52,8fe44bee35e17ebfc433e059925a7a85f0dbb4e775090a75ae1883b3eaa6c36c,group by exact source hash; not an independent parent count,see published case metadata,historical interface/cluster/slab; source family and numerical-control role vary,excluded_by_declared_role_until_explicit_reassignment,True,PASS,record-specific; see published audit ledger,not in C 22 static subset; prior role still requires audit,not reusable under current role; separate explicit role decision required,0,research/mace-v12-transfer/periodic_interface_v4/pbe_interface_v19_cif_convergence_pilot/calculations/AgSi_COD9009647_pilot_k2x2,8fe44bee35e17ebfc433e059925a7a85f0dbb4e775090a75ae1883b3eaa6c36c,8cd8b64731d058dc6264a97dda4b88dab5d33b5c6a03e83cb58d27d26ec28704,,True,True,True
public_interface_archive_record,AgSi_COD9009647_pilot_k3x3,Ag_carbide_silicide_interface_or_cluster,C16Ag4Si8Ti24,52,8fe44bee35e17ebfc433e059925a7a85f0dbb4e775090a75ae1883b3eaa6c36c,group by exact source hash; not an independent parent count,see published case metadata,historical interface/cluster/slab; source family and numerical-control role vary,excluded_by_declared_role_until_explicit_reassignment,True,PASS,record-specific; see published audit ledger,not in C 22 static subset; prior role still requires audit,not reusable under current role; separate explicit role decision required,0,research/mace-v12-transfer/periodic_interface_v4/pbe_interface_v19_cif_convergence_pilot/calculations/AgSi_COD9009647_pilot_k3x3,8fe44bee35e17ebfc433e059925a7a85f0dbb4e775090a75ae1883b3eaa6c36c,0a617df505b12357ddef7fac70d057c81d2c0a4dc5999a23802d96f600c68ba8,,True,True,True
public_interface_archive_record,AgSi_COD9009647_pilot_k4x4,Ag_carbide_silicide_interface_or_cluster,C16Ag4Si8Ti24,52,8fe44bee35e17ebfc433e059925a7a85f0dbb4e775090a75ae1883b3eaa6c36c,group by exact source hash; not an independent parent count,see published case metadata,historical interface/cluster/slab; source family and numerical-control role vary,excluded_by_declared_role_until_explicit_reassignment,True,PASS,record-specific; see published audit ledger,not in C 22 static subset; prior role still requires audit,not reusable under current role; separate explicit role decision required,0,research/mace-v12-transfer/periodic_interface_v4/pbe_interface_v19_cif_convergence_pilot/calculations/AgSi_COD9009647_pilot_k4x4,8fe44bee35e17ebfc433e059925a7a85f0dbb4e775090a75ae1883b3eaa6c36c,8114a12c90496e3052ca2caf33c30c43ba1c653f6b1c298222719eb1cad40d30,,True,True,True
public_interface_archive_record,AgSi_COD9009647_pilot_k5x5,Ag_carbide_silicide_interface_or_cluster,C16Ag4Si8Ti24,52,8fe44bee35e17ebfc433e059925a7a85f0dbb4e775090a75ae1883b3eaa6c36c,group by exact source hash; not an independent parent count,see published case metadata,historical interface/cluster/slab; source family and numerical-control role vary,excluded_by_declared_role_until_explicit_reassignment,True,PASS,record-specific; see published audit ledger,not in C 22 static subset; prior role still requires audit,not reusable under current role; separate explicit role decision required,0,research/mace-v12-transfer/periodic_interface_v4/pbe_interface_v19_cif_convergence_pilot/calculations/AgSi_COD9009647_pilot_k5x5,8fe44bee35e17ebfc433e059925a7a85f0dbb4e775090a75ae1883b3eaa6c36c,8fc211c03027ab31abab0b84cc0f0bb8095ab2831a60f5170087a9a8599123d5,,True,True,True
public_interface_archive_record,AgSi_COD9009647_pilot_k6x6,Ag_carbide_silicide_interface_or_cluster,C16Ag4Si8Ti24,52,8fe44bee35e17ebfc433e059925a7a85f0dbb4e775090a75ae1883b3eaa6c36c,group by exact source hash; not an independent parent count,see published case metadata,historical interface/cluster/slab; source family and numerical-control role vary,excluded_by_declared_role_until_explicit_reassignment,True,PASS,record-specific; see published audit ledger,yes,not reusable under current role; separate explicit role decision required,0,research/mace-v12-transfer/periodic_interface_v4/pbe_interface_v19_cif_convergence_pilot/calculations/AgSi_COD9009647_pilot_k6x6,8fe44bee35e17ebfc433e059925a7a85f0dbb4e775090a75ae1883b3eaa6c36c,e96af31eaad63d66b821391c492bee5687333e9c395d686f653ffd37debabf45,,True,True,True
public_interface_archive_record,AgSi_COD9009647_pilot_k8x8,Ag_carbide_silicide_interface_or_cluster,C16Ag4Si8Ti24,52,8fe44bee35e17ebfc433e059925a7a85f0dbb4e775090a75ae1883b3eaa6c36c,group by exact source hash; not an independent parent count,see published case metadata,historical interface/cluster/slab; source family and numerical-control role vary,excluded_by_declared_role_until_explicit_reassignment,True,PASS,record-specific; see published audit ledger,not in C 22 static subset; prior role still requires audit,not reusable under current role; separate explicit role decision required,0,research/mace-v12-transfer/periodic_interface_v4/pbe_interface_v19_cif_evenmesh_pilot/calculations/AgSi_COD9009647_pilot_k8x8,8fe44bee35e17ebfc433e059925a7a85f0dbb4e775090a75ae1883b3eaa6c36c,c5f80577cf5ce803b41212e5643c437947814842b0e1f01ac51311f76b9b07bf,,True,True,True
public_interface_archive_record,AgSi_originalvac_slab_dipole_off_v19,Ag_carbide_silicide_interface_or_cluster,C16Ag4Si8Ti24,52,9e4fe1a59f8e9b7d8fd8aeb859448dae3af39dd6ce9574dc144233a78c7167f4,group by exact source hash; not an independent parent count,see published case metadata,historical interface/cluster/slab; source family and numerical-control role vary,excluded_by_declared_role_until_explicit_reassignment,True,PASS,record-specific; see published audit ledger,not in C 22 static subset; prior role still requires audit,not reusable under current role; separate explicit role decision required,0,research/mace-v12-transfer/periodic_interface_v4/pbe_interface_v19_cif_slab_controls/calculations/AgSi_originalvac_slab_dipole_off_v19,9e4fe1a59f8e9b7d8fd8aeb859448dae3af39dd6ce9574dc144233a78c7167f4,9fec9feccf9bff6e43cc151acc59d269200b56123bcf60d90e1fb1cfb2c7c7d6,,True,True,True
public_interface_archive_record,AgSi_originalvac_slab_dipole_on_v19,Ag_carbide_silicide_interface_or_cluster,C16Ag4Si8Ti24,52,9e4fe1a59f8e9b7d8fd8aeb859448dae3af39dd6ce9574dc144233a78c7167f4,group by exact source hash; not an independent parent count,see published case metadata,historical interface/cluster/slab; source family and numerical-control role vary,excluded_by_declared_role_until_explicit_reassignment,True,PASS,record-specific; see published audit ledger,not in C 22 static subset; prior role still requires audit,not reusable under current role; separate explicit role decision required,0,research/mace-v12-transfer/periodic_interface_v4/pbe_interface_v19_cif_slab_controls/calculations/AgSi_originalvac_slab_dipole_on_v19,9e4fe1a59f8e9b7d8fd8aeb859448dae3af39dd6ce9574dc144233a78c7167f4,dba46472a32d32c46c8bf10784dbe3bbbc50cfe0d5d7cd8e73804522b8761b32,,True,True,True
public_interface_archive_record,AgSi_parent_26A_dipoleOFF_k6x6x1_sigma0p10_v19,Ag_carbide_silicide_interface_or_cluster,C16Ag4Si8Ti24,52,73eff17b1913b653017647e9af9c9681e340f0b8067936419f3377963a3bc02c,group by exact source hash; not an independent parent count,see published case metadata,historical interface/cluster/slab; source family and numerical-control role vary,excluded_by_declared_role_until_explicit_reassignment,True,PASS,record-specific; see published audit ledger,not in C 22 static subset; prior role still requires audit,not reusable under current role; separate explicit role decision required,0,research/mace-v12-transfer/periodic_interface_v4/pbe_interface_v19_cif_slab_controls/calculations/AgSi_parent_26A_dipoleOFF_k6x6x1_sigma0p10_v19,73eff17b1913b653017647e9af9c9681e340f0b8067936419f3377963a3bc02c,2063e8779a3b9de5a2d96216c0530a74e8e78d05e8268708adf90e4f9b88bef9,,True,True,True
public_interface_archive_record,AgSi_parent_36A_dipoleON_k6x6x1_sigma0p10_v19,Ag_carbide_silicide_interface_or_cluster,C16Ag4Si8Ti24,52,a20543119de0683be769d92ebfc3381f4cc9b89d7c0994f6b0e686f3fbd96cbf,group by exact source hash; not an independent parent count,see published case metadata,historical interface/cluster/slab; source family and numerical-control role vary,excluded_by_declared_role_until_explicit_reassignment,True,PASS,record-specific; see published audit ledger,not in C 22 static subset; prior role still requires audit,not reusable under current role; separate explicit role decision required,0,research/mace-v12-transfer/periodic_interface_v4/pbe_interface_v19_cif_slab_controls/calculations/AgSi_parent_36A_dipoleON_k6x6x1_sigma0p10_v19,a20543119de0683be769d92ebfc3381f4cc9b89d7c0994f6b0e686f3fbd96cbf,15e57e6f69bdde0b7851fecccee7396c69b8d9960eda386412312492e4c755f7,,True,True,True
public_interface_archive_record,AgSi_COD9009647_pilot_k5x5_sigma0p20,Ag_carbide_silicide_interface_or_cluster,C16Ag4Si8Ti24,52,8fe44bee35e17ebfc433e059925a7a85f0dbb4e775090a75ae1883b3eaa6c36c,group by exact source hash; not an independent parent count,see published case metadata,historical interface/cluster/slab; source family and numerical-control role vary,excluded_by_declared_role_until_explicit_reassignment,True,PASS,record-specific; see published audit ledger,not in C 22 static subset; prior role still requires audit,not reusable under current role; separate explicit role decision required,0,research/mace-v12-transfer/periodic_interface_v4/pbe_interface_v19_cif_smearing020_pilot/calculations/AgSi_COD9009647_pilot_k5x5_sigma0p20,8fe44bee35e17ebfc433e059925a7a85f0dbb4e775090a75ae1883b3eaa6c36c,e7dd2fce8330b1cedae63ab7311ffc6d63130cebbdb211255e67a7ba59cdc2ab,,True,True,True
public_interface_archive_record,AgSi_COD9009647_pilot_k6x6_sigma0p20,Ag_carbide_silicide_interface_or_cluster,C16Ag4Si8Ti24,52,8fe44bee35e17ebfc433e059925a7a85f0dbb4e775090a75ae1883b3eaa6c36c,group by exact source hash; not an independent parent count,see published case metadata,historical interface/cluster/slab; source family and numerical-control role vary,excluded_by_declared_role_until_explicit_reassignment,True,PASS,record-specific; see published audit ledger,not in C 22 static subset; prior role still requires audit,not reusable under current role; separate explicit role decision required,0,research/mace-v12-transfer/periodic_interface_v4/pbe_interface_v19_cif_smearing020_pilot/calculations/AgSi_COD9009647_pilot_k6x6_sigma0p20,8fe44bee35e17ebfc433e059925a7a85f0dbb4e775090a75ae1883b3eaa6c36c,7df07293c5d4776d3c084af5b6fd4c14ad27b67ae78bcaf9d4beb7df5d94affe,,True,True,True
public_interface_archive_record,AgSi_COD9009647_pilot_k5x5_sigma0p05,Ag_carbide_silicide_interface_or_cluster,C16Ag4Si8Ti24,52,8fe44bee35e17ebfc433e059925a7a85f0dbb4e775090a75ae1883b3eaa6c36c,group by exact source hash; not an independent parent count,see published case metadata,historical interface/cluster/slab; source family and numerical-control role vary,excluded_by_declared_role_until_explicit_reassignment,True,PASS,record-specific; see published audit ledger,not in C 22 static subset; prior role still requires audit,not reusable under current role; separate explicit role decision required,0,research/mace-v12-transfer/periodic_interface_v4/pbe_interface_v19_cif_smearing_pilot/calculations/AgSi_COD9009647_pilot_k5x5_sigma0p05,8fe44bee35e17ebfc433e059925a7a85f0dbb4e775090a75ae1883b3eaa6c36c,3309f420c84fb48e11f0a45a0f87fe273daaa064133f1d670daf4d130ba63436,,True,True,True
public_interface_archive_record,AgSi_COD9009647_pilot_k6x6_sigma0p05,Ag_carbide_silicide_interface_or_cluster,C16Ag4Si8Ti24,52,8fe44bee35e17ebfc433e059925a7a85f0dbb4e775090a75ae1883b3eaa6c36c,group by exact source hash; not an independent parent count,see published case metadata,historical interface/cluster/slab; source family and numerical-control role vary,excluded_by_declared_role_until_explicit_reassignment,True,PASS,record-specific; see published audit ledger,not in C 22 static subset; prior role still requires audit,not reusable under current role; separate explicit role decision required,0,research/mace-v12-transfer/periodic_interface_v4/pbe_interface_v19_cif_smearing_pilot/calculations/AgSi_COD9009647_pilot_k6x6_sigma0p05,8fe44bee35e17ebfc433e059925a7a85f0dbb4e775090a75ae1883b3eaa6c36c,9644bbd21bd0dc37b2171f3c4981a3456b337a2dafa25440e361fbd1e3958de0,,True,True,True
public_interface_archive_record,AgSi_COD9009647_vacuum26_k6x6_sigma0p10,Ag_carbide_silicide_interface_or_cluster,C16Ag4Si8Ti24,52,81e73a08a241634fc751ed51323177576f502391049ff9476c4c7acf5665f46d,group by exact source hash; not an independent parent count,see published case metadata,historical interface/cluster/slab; source family and numerical-control role vary,excluded_by_declared_role_until_explicit_reassignment,True,PASS,record-specific; see published audit ledger,yes,not reusable under current role; separate explicit role decision required,0,research/mace-v12-transfer/periodic_interface_v4/pbe_interface_v19_cif_vacuum_pilot/calculations/AgSi_COD9009647_vacuum26_k6x6_sigma0p10,81e73a08a241634fc751ed51323177576f502391049ff9476c4c7acf5665f46d,6d0961999eb3e2c92f878f5c7551df2bfded797b61e9e7e746a2a1de57a4e719,,True,True,True
public_interface_archive_record,AgSi_rigid_Ag_z_parent_k6x6x1_sigma0p10_dipoleXY_v19,Ag_carbide_silicide_interface_or_cluster,C16Ag4Si8Ti24,52,73eff17b1913b653017647e9af9c9681e340f0b8067936419f3377963a3bc02c,group by exact source hash; not an independent parent count,see published case metadata,historical interface/cluster/slab; source family and numerical-control role vary,excluded_by_declared_role_until_explicit_reassignment,True,PASS,record-specific; see published audit ledger,not in C 22 static subset; prior role still requires audit,not reusable under current role; separate explicit role decision required,0,research/mace-v12-transfer/periodic_interface_v4/pbe_interface_v19_gap_scan/calculations/AgSi_rigid_Ag_z_parent_k6x6x1_sigma0p10_dipoleXY_v19,73eff17b1913b653017647e9af9c9681e340f0b8067936419f3377963a3bc02c,b3528f0f3bcafa7f8e90b5a8ee64250c9b2364de9b2e215ed184b077839a786a,,True,True,True
public_interface_archive_record,AgC_residual_mode_m_06_v19_acq,Ag_carbide_silicide_interface_or_cluster,C13Ag2Si10Ti23,48,e53658d837014835aa10ded935e4700f2e72a7584fa29ca4f3e8f1e14ed0dd7b,group by exact source hash; not an independent parent count,see published case metadata,historical interface/cluster/slab; source family and numerical-control role vary,candidate_for_training_only_after_group_role_review_never_fresh_validation,True,PASS,record-specific; see published audit ledger,yes,conditional training only after parent/role review; never fresh validation,0,research/mace-v12-transfer/periodic_interface_v4/pbe_interface_v19_residual_acquisition/calculations/AgC_residual_mode_m_06_v19_acq,e53658d837014835aa10ded935e4700f2e72a7584fa29ca4f3e8f1e14ed0dd7b,4a5a666b7a486abffaf557786a39a293b7736e153954eae6fcfca682fbc9f552,,True,True,True
public_interface_archive_record,AgC_residual_mode_p_06_v19_acq,Ag_carbide_silicide_interface_or_cluster,C13Ag2Si10Ti23,48,9d90ac09b3aec60c6d556740a3374659f4259333ae34487c9017c8ef35d9cd8a,group by exact source hash; not an independent parent count,see published case metadata,historical interface/cluster/slab; source family and numerical-control role vary,candidate_for_training_only_after_group_role_review_never_fresh_validation,True,PASS,record-specific; see published audit ledger,yes,conditional training only after parent/role review; never fresh validation,0,research/mace-v12-transfer/periodic_interface_v4/pbe_interface_v19_residual_acquisition/calculations/AgC_residual_mode_p_06_v19_acq,9d90ac09b3aec60c6d556740a3374659f4259333ae34487c9017c8ef35d9cd8a,a6dde520c8deb80a761b56464d55a89d5522363ef9be24efee4376a038da78a4,,True,True,True
public_interface_archive_record,AgSi_residual_mode_m_03_v19_acq,Ag_carbide_silicide_interface_or_cluster,C13Ag17Si8Ti13,51,fc7b88e0e018e10c3427486a45f7b17155d122bdc825c72dee717f2c86e9839c,group by exact source hash; not an independent parent count,see published case metadata,historical interface/cluster/slab; source family and numerical-control role vary,candidate_for_training_only_after_group_role_review_never_fresh_validation,True,PASS,record-specific; see published audit ledger,yes,conditional training only after parent/role review; never fresh validation,0,research/mace-v12-transfer/periodic_interface_v4/pbe_interface_v19_residual_acquisition/calculations/AgSi_residual_mode_m_03_v19_acq,fc7b88e0e018e10c3427486a45f7b17155d122bdc825c72dee717f2c86e9839c,83fa6ec36f3f39c95ef358ff7556eca6407a971618cba24f617825dd66321da8,,True,True,True
public_interface_archive_record,AgSi_residual_mode_p_03_v19_acq,Ag_carbide_silicide_interface_or_cluster,C13Ag17Si8Ti13,51,f1ef4cf1088ed8b1d48c9452a82203ad98b92ffbf33d2373125536c82c6ce7e4,group by exact source hash; not an independent parent count,see published case metadata,historical interface/cluster/slab; source family and numerical-control role vary,candidate_for_training_only_after_group_role_review_never_fresh_validation,True,PASS,record-specific; see published audit ledger,yes,conditional training only after parent/role review; never fresh validation,0,research/mace-v12-transfer/periodic_interface_v4/pbe_interface_v19_residual_acquisition/calculations/AgSi_residual_mode_p_03_v19_acq,f1ef4cf1088ed8b1d48c9452a82203ad98b92ffbf33d2373125536c82c6ce7e4,8236b8c57469101fa483556244605c9e7c221d38e8bb842c0e5a97f9f0ee7d16,,True,True,True
public_interface_archive_record,AgTi_residual_mode_m_03_v19_acq,Ag_carbide_silicide_interface_or_cluster,C11Ag28SiTi9,49,e3b56aef7ba30b0e143970db9bf9f7e368c8d86bfea2bb2b392aa2511ad18e2b,group by exact source hash; not an independent parent count,see published case metadata,historical interface/cluster/slab; source family and numerical-control role vary,candidate_for_training_only_after_group_role_review_never_fresh_validation,True,PASS,record-specific; see published audit ledger,yes,conditional training only after parent/role review; never fresh validation,0,research/mace-v12-transfer/periodic_interface_v4/pbe_interface_v19_residual_acquisition/calculations/AgTi_residual_mode_m_03_v19_acq,e3b56aef7ba30b0e143970db9bf9f7e368c8d86bfea2bb2b392aa2511ad18e2b,82cf6a43c92ae4f08423441002773779b234b010e14ba227a5cb0541bd774da4,,True,True,True
public_interface_archive_record,AgTi_residual_mode_p_03_v19_acq,Ag_carbide_silicide_interface_or_cluster,C11Ag28SiTi9,49,9c8c82d6d9460ab918b0b41bfa07ba5ccb9b72e455161dde0528e609178d9fcf,group by exact source hash; not an independent parent count,see published case metadata,historical interface/cluster/slab; source family and numerical-control role vary,candidate_for_training_only_after_group_role_review_never_fresh_validation,True,PASS,record-specific; see published audit ledger,yes,conditional training only after parent/role review; never fresh validation,0,research/mace-v12-transfer/periodic_interface_v4/pbe_interface_v19_residual_acquisition/calculations/AgTi_residual_mode_p_03_v19_acq,9c8c82d6d9460ab918b0b41bfa07ba5ccb9b72e455161dde0528e609178d9fcf,4bcc14c480e7653703b6140f2d9c2c94b7f9b847f5c246a7a6e8d44cab3dbe0a,,True,True,True
nonadditive_historical_role_summary,V18 train,"30 frames; 21 V16 + 8 V17 signed acquisitions + 1 rank-recovery; all Ag-containing, no pure Ag/Ti3SiC2",,30,,not applicable,,source-level heterogeneity; recheck exact frame hashes and energy key before repackage,actually used for model training,see per-frame archive,see source audit,see source audit,yes / role specified above,already available to reproduce R30; not a new DFT saving; never dev/test,0,see published audit/manifests; aggregate rows overlap above and must not be summed,,,,not stated in aggregate,not stated in aggregate,not stated in aggregate
nonadditive_historical_role_summary,V18 development,3 frames in V18 clean30 manifest,,3,,not applicable,,historic dev only; test count in manifest=0,used for model/epoch selection,see per-frame archive,see source audit,see source audit,yes / role specified above,retain as historic development/reproduction only; not independent dev/test,0,see published audit/manifests; aggregate rows overlap above and must not be summed,,,,not stated in aggregate,not stated in aggregate,not stated in aggregate
nonadditive_historical_role_summary,V19 Ag-X residual diagnostics,"6 local contacts, two per Ag-C/Ag-Si/Ag-Ti; overlap with interface archive must not be double-counted",,6,,not applicable,,verified in V18 audit,already scored on reused development parent families,see per-frame archive,see source audit,see source audit,yes / role specified above,may be considered training only after role/lineage review; never fresh validation,0,see published audit/manifests; aggregate rows overlap above and must not be summed,,,,not stated in aggregate,not stated in aggregate,not stated in aggregate
nonadditive_historical_role_summary,C three-model static subset,"22 public structures: Ag 8, Ti3SiC2 5, local interface 6, Ag-Si slab 3",,22,,not applicable,,verified public development/numerical references; related parent families,all used for frozen model scoring,see per-frame archive,see source audit,see source audit,yes / role specified above,diagnostic only; all scored parents excluded from independent validation,0,see published audit/manifests; aggregate rows overlap above and must not be summed,,,,not stated in aggregate,not stated in aggregate,not stated in aggregate
nonadditive_historical_role_summary,liquid Ag / coexistence public references,no liquid/overcooled Ag or solid-liquid DFT labels found in the audited public PBE archive,,0,,not applicable,,not applicable,missing target coverage,see per-frame archive,see source audit,see source audit,yes / role specified above,zero reusable DFT liquid snapshots identified in published audit,0,see published audit/manifests; aggregate rows overlap above and must not be summed,,,,not stated in aggregate,not stated in aggregate,not stated in aggregate
