time_ps,n_center,mean_cn35,mean_q6,median_q6,q6_n
105.0,223,6.0358744394618835,0.38825735986497284,0.38032179442315395,185
105.05,223,5.932735426008969,0.38010192697720946,0.3819051062150686,179
105.1,220,5.9,0.38168017164432994,0.37406224185832776,176
105.15,221,5.764705882352941,0.38862974614396495,0.38132853443120696,176
105.2,223,5.852017937219731,0.3892200889442432,0.3898949016506289,182
105.25,221,5.9366515837104075,0.39214238935773177,0.3970301876159798,178
105.3,223,6.04932735426009,0.38234601487605957,0.3819095448876596,184
105.35000000000001,225,6.097777777777778,0.37522990167034775,0.37933558437268633,181
105.4,220,6.045454545454546,0.36980519277156754,0.36995563694176625,178
105.45,220,6.095454545454546,0.37908728489626786,0.3752538156975267,179
105.5,219,6.0228310502283104,0.3866955179569565,0.38187481135579193,176
105.55000000000001,221,5.877828054298643,0.3790467708397962,0.37651149577075704,175
105.60000000000001,222,5.95945945945946,0.3873374363791454,0.3852394642305821,180
105.64999999999999,222,5.923423423423423,0.3828149686511974,0.37927670009171166,178
105.69999999999999,218,5.885321100917431,0.387965479609992,0.38409865350247896,180
105.75,221,5.873303167420814,0.3888894716393586,0.3876015948412998,181
105.8,222,5.954954954954955,0.38152959156483734,0.38543941721252245,182
105.85,222,5.914414414414415,0.3792713579976591,0.3822318351598151,175
105.89999999999999,219,5.9132420091324205,0.3930927127077148,0.39698538349512685,175
105.95,222,6.036036036036036,0.38331980308034186,0.37832246601127134,182
106.0,220,5.9409090909090905,0.38093036765901794,0.38397558426368245,179
