label,model,element,n_atoms,force_vector_RMSE_eV_A,max_atom_force_vector_error_eV_A,x_RMSE_eV_A,y_RMSE_eV_A,z_RMSE_eV_A
Ti3SiC2_Ti4f_id0003_z_m020A_k10x10x4_v19,MACE-MP-0b3-medium,C,16,0.03586560807531455,0.04481616080077966,0.0009999132254093434,0.000939654967976967,0.035839350785064124
Ti3SiC2_Ti4f_id0003_z_m020A_k10x10x4_v19,MACE-MP-0b3-medium,Si,8,0.004686880081529711,0.0077038607265503805,0.0024225309251989947,0.0023489137147811724,0.0032528131172275127
Ti3SiC2_Ti4f_id0003_z_m020A_k10x10x4_v19,MACE-MP-0b3-medium,Ti,24,0.050127264235139184,0.1281309262726054,0.002107252701385252,0.0020083698592522157,0.05004266735757014
Ti3SiC2_Ti4f_id0003_z_p020A_k10x10x4_v19,MACE-MP-0b3-medium,C,16,0.03409394692084556,0.03815706398958324,0.0010476897078648517,0.0010019431262158305,0.0340631130827659
Ti3SiC2_Ti4f_id0003_z_p020A_k10x10x4_v19,MACE-MP-0b3-medium,Si,8,0.005692255175457516,0.009129118883723582,0.002749395129100867,0.0026857766749396584,0.004198713976796869
Ti3SiC2_Ti4f_id0003_z_p020A_k10x10x4_v19,MACE-MP-0b3-medium,Ti,24,0.04789215060644956,0.07429367404119921,0.002122251997349634,0.002034477663748251,0.04780183089387165
Ti3SiC2_C4f_id0009_z_m020A_k10x10x4_v19,MACE-MP-0b3-medium,C,16,0.03618128109972684,0.04314563450141647,0.0006322737514484698,0.0005437415108966151,0.036171669536945734
Ti3SiC2_C4f_id0009_z_m020A_k10x10x4_v19,MACE-MP-0b3-medium,Si,8,0.0022910071059530687,0.0034123939125556097,0.001410305986429023,0.0013064719004541828,0.0012461467640264335
Ti3SiC2_C4f_id0009_z_m020A_k10x10x4_v19,MACE-MP-0b3-medium,Ti,24,0.04630303574395468,0.06075871070143696,0.00319916560262122,0.0031447494423661256,0.046085214651747995
Ti3SiC2_C4f_id0009_z_p020A_k10x10x4_v19,MACE-MP-0b3-medium,C,16,0.03932965447154279,0.08940556750546674,0.0006290204814834436,0.000533070226323096,0.03932101079853655
Ti3SiC2_C4f_id0009_z_p020A_k10x10x4_v19,MACE-MP-0b3-medium,Si,8,0.0023826470068406365,0.004020566316694309,0.0015451844524391883,0.0014501036087940112,0.0010893168918682187
Ti3SiC2_C4f_id0009_z_p020A_k10x10x4_v19,MACE-MP-0b3-medium,Ti,24,0.04724792966861584,0.06727405302995687,0.0030096932972839808,0.0029486838056234596,0.047059684104774936
Ti3SiC2_Ti4f_id0003_z_m020A_k10x10x4_v19,V18,C,16,2.631203151838466,2.6622190127528715,0.01940589698913121,0.01941048066131294,2.6310599899369875
Ti3SiC2_Ti4f_id0003_z_m020A_k10x10x4_v19,V18,Si,8,0.010527551888688555,0.01691812444347611,0.004948866159582604,0.004908496686323086,0.007889533115712447
Ti3SiC2_Ti4f_id0003_z_m020A_k10x10x4_v19,V18,Ti,24,3.488279691941887,4.474293082997898,0.0036157686723440694,0.0035895275621864466,3.4882759711242706
Ti3SiC2_Ti4f_id0003_z_p020A_k10x10x4_v19,V18,C,16,2.6254602300814542,2.649079869105579,0.020013499204807047,0.0200184394885078,2.625307628006552
Ti3SiC2_Ti4f_id0003_z_p020A_k10x10x4_v19,V18,Si,8,0.012332326562066589,0.01975940657128124,0.005589149422059768,0.005552821306873634,0.009487563581092474
Ti3SiC2_Ti4f_id0003_z_p020A_k10x10x4_v19,V18,Ti,24,3.4645212752845875,4.267399422266803,0.003691239523428,0.0036698764243204007,3.4645173651834043
Ti3SiC2_C4f_id0009_z_m020A_k10x10x4_v19,V18,C,16,2.625248942675475,2.65751809358021,0.004888001534478258,0.004901866979495575,2.6252398157425185
Ti3SiC2_C4f_id0009_z_m020A_k10x10x4_v19,V18,Si,8,0.003387294981868754,0.007915816790329768,0.0010307589351356355,0.0008936436676152552,0.0031004361478931403
Ti3SiC2_C4f_id0009_z_m020A_k10x10x4_v19,V18,Ti,24,3.4744554890133936,4.279437368230662,0.021274475590695615,0.021274875571761786,3.4743252181528788
Ti3SiC2_C4f_id0009_z_p020A_k10x10x4_v19,V18,C,16,2.6324032751151942,2.8374581784799062,0.004654919553140055,0.004671037087050461,2.632395015185541
Ti3SiC2_C4f_id0009_z_p020A_k10x10x4_v19,V18,Si,8,0.0032044907290552952,0.006807611185014255,0.0011680026916523255,0.0010472638919006422,0.002794238516235753
Ti3SiC2_C4f_id0009_z_p020A_k10x10x4_v19,V18,Ti,24,3.478651203553839,4.290535066457326,0.020140478966153723,0.020139945761539744,3.4785345965906838
