index0,lammps_id,element,central_pair,x_A,y_A,z_A,Fx_eV_A,Fy_eV_A,Fz_eV_A
0,365143,C,0,18.59997229,12.48568832,11.108442070000001,-2.249328931659726,-0.61487245384432021,-0.70244685750396152
1,365320,Ti,0,17.68639525,11.50950205,17.417878819999999,-4.055562200970801,-0.31846157410024978,-2.5830488402947456
2,366772,C,0,16.41880913,11.237453329999999,9.7803035299999994,1.232477971653654,1.4513165336163547,1.3378094833534397
3,366778,C,0,16.478966960000001,14.685177599999999,9.5922069600000004,-0.89503907734740629,0.20596692486928286,0.45680966811864931
4,366929,Si,0,13.032475460000001,10.81256428,11.54588199,0.83488064459336142,0.98236481625407135,-0.52970685112040883
5,366931,C,0,16.85595198,10.574574159999999,13.54804023,-1.5072966853558596,0.974296169598309,1.3045542124898952
6,366933,Si,0,13.247565829999999,10.092995009999999,13.89543918,0.36825948670020636,0.56616096860723308,1.3592349140535027
7,366934,Si,1,13.543999937441475,12.669010747261749,14.347839883293521,-1.3764931065079267,0.46966735847741237,-0.52453776308735167
8,366935,Ti,0,15.299810750000001,11.234897670000001,15.30672895,3.004778229225026,-1.8672748258501117,0.082497707480737884
9,366936,Si,0,14.07452393,13.07440001,11.8452746,-0.42623043301140029,-0.080356970323441274,-0.64221055901227286
10,367109,C,0,16.322936380000002,9.7822819699999997,16.333246079999999,-0.076847006949628024,1.75661343127162,2.8611877064971272
11,367110,Si,0,13.15366079,10.135954330000001,16.638712309999999,-0.15010964877705246,0.15205925891546992,-0.51305729297558034
12,367111,C,0,16.481002499999999,12.764453339999999,16.245680780000001,0.034355503536695385,0.077142318151285638,1.0619499957533916
13,367112,Ti,0,15.25461263,9.9918816899999996,18.18059921,1.0058417019216619,0.43918110982231834,-2.9644658985344523
14,367113,Ti,0,15.21048961,12.941533639999999,18.034872119999999,0.06505506446267606,0.7829844409951412,0.46616571889197805
15,367115,Si,0,13.177417650000001,13.143242150000001,19.70608455,-0.25123386682569099,0.45767935021189116,-1.0965786485165927
16,367117,Ti,0,15.405881219999999,14.54471635,15.86904406,0.58336216460122703,0.47624848951119236,2.8029331769649137
17,367118,Si,0,12.78455653,15.188549220000001,16.368344059999998,0.78217497716173778,0.24647285273356906,0.17678249264925253
18,367120,Si,0,12.95712017,18.302952789999999,16.704423169999998,-0.34204741653433574,-1.3453933698004528,-0.17366048604597806
19,367121,Ti,0,14.512712130000001,16.54892641,18.01865841,0.057378767476120272,-2.2242343678148258,-0.25869199836759488
20,367122,C,0,15.688292710000001,14.87916034,18.37964165,-1.3890146110562092,0.12917019592986353,-1.8117396206757246
21,368645,C,0,9.9064900399999996,12.774317460000001,10.77224184,1.2936906506713812,0.59466400637050232,-0.11630571643279361
22,368823,Ti,0,11.05639828,9.1029122699999991,15.131174189999999,0.0014368089473271656,2.5108050542711196,1.682957044675875
23,368827,Ti,0,11.06514563,10.5797282,12.9420933,-2.3160571397482848,0.51161964986239739,-0.86393955878902573
24,368829,C,0,9.5886966099999995,11.969592909999999,13.50714254,0.88132361686633276,0.23159992407020977,0.31535991660415841
25,368832,Ti,0,8.4192510699999996,13.28695754,14.632294569999999,0.46413895363826146,0.33275117069798676,0.027131505878480674
26,368833,Ti,0,10.9504135,12.38211774,15.00689863,-0.020472366175100194,-0.99473434981116138,1.8932559004281346
27,368838,C,0,9.5613686199999997,16.944323959999998,11.266810680000001,1.4270735617093435,-0.68308850334442472,-0.78176130168073621
28,368841,C,0,8.7499672999999998,15.073830770000001,14.18303296,1.3568928573712644,0.38694458465432696,0.99229505461638901
29,368844,Ti,0,10.217244490000001,15.52569843,15.45789755,-1.212872146534129,-1.651147080751908,-0.32084365833427397
30,369024,C,0,10.101421780000001,10.766866,15.98766623,2.1467760341318813,-1.0633868489708056,-2.0216606918648452
31,369026,C,0,9.7364540399999999,13.620083409999999,16.260333899999999,1.2158370421618887,0.70665683447444327,-0.066438993417640618
32,369031,Ti,0,11.111867869999999,13.46402473,17.9765771,-0.13380719278868031,0.9356766523022082,-1.9274157648397068
33,369042,Ti,0,11.68602437,16.298325349999999,18.342902729999999,0.81825633221923133,-0.17705876614944299,-0.81938776741629438
34,683609,Ag,1,13.841978559999999,15.502326979999999,13.71795822,-0.39507172227836812,-0.050821772512944029,0.087071542266638158
35,685172,Ag,0,15.878444382558525,13.49964123273825,13.711816926706481,1.2880443084598949,-0.85934539075117611,-2.1497204734429207
36,696217,Ag,0,11.838543789999999,17.54725852,13.71397964,0.0037757041738307987,-0.063132007560341888,0.28362316075566668
37,700029,Ag,0,11.836190179999999,17.54660466,9.6305498499999995,-0.2941718771673843,-0.13776832834407057,0.48054868065435241
38,701518,Ag,0,15.88567093,17.546792780000001,13.715031829999999,0.07688811271893943,-0.063353749213836547,0.18343565521183228
39,703887,Ag,0,15.86715484,17.540759269999999,9.6347370399999992,0.060170850158984372,-0.80884779780847704,0.49904023732513625
40,707313,Ag,0,9.80728489,15.50219953,9.6370214700000005,-0.0051939790711956315,0.051226962911567329,1.1784131221461771
41,710704,Ag,0,13.87054979,15.493170320000001,9.6390996300000005,0.93359376141630124,-0.3805537391268603,0.3185740279504804
42,714846,Ag,0,17.881075939999999,17.5489985,11.674426820000001,-0.5007946093655361,-0.25006265855202747,3.5421853973971743e-05
43,729574,Ag,0,11.82877319,19.583072600000001,11.681169280000001,0.12442717324975787,-0.3736233863746054,0.1087387014514641
44,730721,Ag,0,11.84901372,15.4955608,11.6784505,-0.53574759614986989,-0.062499541381357923,0.11726029778846961
45,735549,Ag,0,11.837804889999999,13.47467486,9.6114181999999992,-0.66796445457155451,-0.49192382376958294,1.064086393867598
46,737082,Ag,0,13.86516063,17.53751707,11.67590227,0.18511422174873604,0.24454997475496115,-0.037841726037711763
47,737200,Ag,0,15.88201046,19.596238530000001,15.763158000000001,-0.28261248331334798,-0.71253156287472175,-0.12139940907253653
48,744883,Ag,0,13.85514044,19.607669940000001,13.71347117,-0.056784151484131476,-0.43008948258882745,0.13952066559120274
49,752169,Ag,0,17.894195360000001,15.513833740000001,13.70696502,-0.52067357088454003,0.12935300403799388,0.10459663554648375
50,755982,Ag,0,17.894284119999998,17.553052529999999,15.764262840000001,-0.59188302184649799,-0.098954211547273546,-0.35824419100137772
