frame,config_type,atoms,has_reference_energy,has_reference_forces,energy_error_DFT_minus_MACE_meV_atom,force_vector_RMSE_eV_A,predicted_energy_eV_cell
0,Ti_gap_2p3,32,True,True,-0.3422436052593625,0.02807599948850641,-207.45301652629047
1,Ti_gap_2p6,32,True,True,-0.3128078769014664,0.026557085357785996,-208.7081526611543
2,Ti_gap_2p9,32,True,True,0.02508862888106478,0.030436052136800326,-208.85121797131288
3,Si_gap_2p6,20,True,True,1.6831021373185706,0.02468069637290056,-122.72297842827406
4,C_gap_2p6,20,True,True,11.32760116032685,0.09318666114868017,-117.90377564051475
5,Si_gap_2p4,20,True,True,8.180316900237727,0.0263611663987409,-123.13170729050331
6,C_gap_2p4,20,True,True,10.050157873301657,0.09247989153302323,-118.67649243330723
7,Si_gap_2p8,20,True,True,-3.2779945175995806,0.02751605026581064,-122.06636145527203
8,C_gap_2p8,20,True,True,12.370817372742948,0.09229402486150066,-117.23630007204247
9,AgC_primary_2.0A_LCAO,48,False,True,,0.03448883688334749,-237.647984507575
10,AgC_primary_2.4A_LCAO,48,False,True,,0.043779880792515526,-237.54542693631623
11,AgTi_2p1A_LCAO,49,False,True,,0.0994604989210222,-175.49580597224872
12,AgTi_2p7A_LCAO,49,False,True,,0.08621073055291076,-177.20652100213957
13,AgTi_2p3871A_periodic_PW_PBE_force_only,49,True,True,4.107140813085161,0.03250775730108928,-176.93202516860325
14,AgTi_2p55_periodic_PW_PBE_energy_force,49,True,True,4.02275692534909,0.0332588348079166,-177.1846438378819
15,v10_element_reference_Ag_fcc,4,True,True,1.9627900156433675,6.230186046701355e-17,-11.446783502973979
16,v10_element_reference_Ti_hcp,2,True,True,1.0863882713483264,1.2449000018777872e-09,-13.299824629212008
17,v10_element_reference_Si_diamond,8,True,True,25.254393755266946,6.11147690581039e-06,-43.39892459929424
18,v10_element_reference_C_diamond,8,True,True,1.7421208984202963,8.199666914647135e-05,-72.6905622591939
19,AgSi_d2p2_periodic_PW_PBE_energy_force,51,True,True,-1.9082717852056168,0.02840810065679414,-206.8689871160101
20,AgSi_d2p8_periodic_PW_PBE_energy_force,51,True,True,-2.467402678285689,0.02717027462754624,-207.36339640788174
21,AgC_d2p0_periodic_PW_PBE_energy_force,48,True,True,4.08917332420818,0.044597168060673494,-259.35463463473326
22,AgC_d2p4_periodic_PW_PBE_energy_force,48,True,True,4.006402274748429,0.03770636568833836,-259.1255107639091
23,AgC_validation_d2p30_periodic_PW_PBE_energy_force,48,True,True,3.9853641118388814,0.02345689117372521,-259.2477797328452
24,AgSi_validation_d2p60_periodic_PW_PBE_energy_force,51,True,True,-2.426899770421856,0.018534773122766104,-207.40430994428766
25,AgTi_validation_d2p60_periodic_PW_PBE_energy_force,49,True,True,3.980254907582887,0.03600226714392975,-177.21149247244233
