hit,radius_A,theta_rad,x_A,y_A,launch_z_A,energy_eV,Ag_velocity_z_A_per_ps,spacing_fs
331,7.082158759839384,2.5649084886971356,4.020591719619798,28.119409767373675,60.0,62,-105.3164,200
332,2.9578275566171626,1.7843653681966691,9.330480630404631,27.148509163206413,60.0,62,-105.3164,200
333,7.397234705979147,1.5454121803773377,10.145142131757748,31.652733033771245,60.0,62,-105.3164,200
334,2.637205210352155,3.7815305081194506,7.842000825216143,22.683085951242752,60.0,62,-105.3164,200
335,4.6499485721746545,5.832925137570052,14.14389617324174,22.23422478751126,60.0,62,-105.3164,200
336,5.379973655093175,1.3351384918151419,11.213520523540895,29.489157762814585,60.0,62,-105.3164,200
337,5.636985320358309,5.482690581280917,13.882714284395421,20.212213213433483,60.0,62,-105.3164,200
338,1.9902337491785667,5.376878906479801,11.18468270766806,22.691106864569385,60.0,62,-105.3164,200
339,5.678598342817612,4.7749112508229405,10.312197404257724,18.590378382000385,60.0,62,-105.3164,200
340,4.545514708909182,2.410076011042364,6.574789841489504,27.294280842066307,60.0,62,-105.3164,200
341,2.5779549513735605,5.645956902358665,12.02941558043695,22.724075395146897,60.0,62,-105.3164,200
342,6.630751625466893,2.8421639004510624,3.621672492813362,26.21378357337277,60.0,62,-105.3164,200
343,6.031389559709991,2.4821372268606354,5.190625814047285,27.953232697690588,60.0,62,-105.3164,200
344,5.989562850924613,2.1850427785985156,6.50534790189723,29.152599986580416,60.0,62,-105.3164,200
345,4.917700986353267,0.4581671518381418,14.367902136305656,26.433005324106567,60.0,62,-105.3164,200
346,3.1158159822100786,0.8312922854776156,12.057205433645334,26.559855264512464,60.0,62,-105.3164,200
347,4.173854087081121,5.823054357279355,13.697139507728679,22.40441706554983,60.0,62,-105.3164,200
348,1.1256455505783411,5.248100609246823,10.531979070945841,23.289932516331678,60.0,62,-105.3164,200
349,7.097843877765811,1.7299176335242508,8.832731652345828,31.266057486209423,60.0,62,-105.3164,200
350,6.354503403364264,0.3209454363497117,15.987416960644842,26.262497603943554,60.0,62,-105.3164,200
351,6.95357482728563,0.9915823203447501,13.763542425284877,30.077280457085234,60.0,62,-105.3164,200
352,1.1211277850851002,2.9194452117140672,8.863811984297847,24.504893678520904,60.0,62,-105.3164,200
353,4.201084077854723,3.2291678081139934,5.772405349519085,23.8904409304566,60.0,62,-105.3164,200
354,4.74405231697361,0.7201949596819837,13.523385586888462,27.38673208770451,60.0,62,-105.3164,200
355,4.24743601698326,4.937895649055214,10.90711748261267,20.117986488347498,60.0,62,-105.3164,200
