r_lo_A,r_hi_A,pair_count
0.0,0.05,0
0.05,0.1,0
0.1,0.15000000000000002,0
0.15000000000000002,0.2,0
0.2,0.25,0
0.25,0.30000000000000004,0
0.30000000000000004,0.35000000000000003,0
0.35000000000000003,0.4,0
0.4,0.45,0
0.45,0.5,0
0.5,0.55,0
0.55,0.6000000000000001,0
0.6000000000000001,0.65,0
0.65,0.7000000000000001,0
0.7000000000000001,0.75,0
0.75,0.8,0
0.8,0.8500000000000001,0
0.8500000000000001,0.9,0
0.9,0.9500000000000001,0
0.9500000000000001,1.0,0
1.0,1.05,0
1.05,1.1,0
1.1,1.1500000000000001,0
1.1500000000000001,1.2000000000000002,0
1.2000000000000002,1.25,0
1.25,1.3,0
1.3,1.35,0
1.35,1.4000000000000001,6
1.4000000000000001,1.4500000000000002,0
1.4500000000000002,1.5,5
1.5,1.55,3
1.55,1.6,2
1.6,1.6500000000000001,10
1.6500000000000001,1.7000000000000002,16
1.7000000000000002,1.75,7
1.75,1.8,19
1.8,1.85,25
1.85,1.9000000000000001,40
1.9000000000000001,1.9500000000000002,85
1.9500000000000002,2.0,126
2.0,2.0500000000000003,181
2.0500000000000003,2.1,364
2.1,2.15,561
2.15,2.2,959
2.2,2.25,1501
2.25,2.3000000000000003,2262
2.3000000000000003,2.35,3143
2.35,2.4000000000000004,4174
2.4000000000000004,2.45,4907
2.45,2.5,5745
2.5,2.5500000000000003,6091
2.5500000000000003,2.6,6436
2.6,2.6500000000000004,6447
2.6500000000000004,2.7,6263
2.7,2.75,6127
2.75,2.8000000000000003,6097
2.8000000000000003,2.85,5643
2.85,2.9000000000000004,5679
2.9000000000000004,2.95,5516
2.95,3.0,5092
3.0,3.0500000000000003,5327
3.0500000000000003,3.1,5305
3.1,3.1500000000000004,5116
3.1500000000000004,3.2,5155
3.2,3.25,5092
3.25,3.3000000000000003,5110
3.3000000000000003,3.35,5156
3.35,3.4000000000000004,5455
3.4000000000000004,3.45,5228
3.45,3.5,5389
3.5,3.5500000000000003,5542
3.5500000000000003,3.6,5580
3.6,3.6500000000000004,0
3.6500000000000004,3.7,0
3.7,3.75,0
3.75,3.8000000000000003,0
3.8000000000000003,3.85,0
3.85,3.9000000000000004,0
3.9000000000000004,3.95,0
3.95,4.0,0
4.0,4.05,0
4.05,4.1000000000000005,0
4.1000000000000005,4.15,0
4.15,4.2,0
4.2,4.25,0
4.25,4.3,0
4.3,4.3500000000000005,0
4.3500000000000005,4.4,0
4.4,4.45,0
4.45,4.5,0
