hit,radius_A,theta_rad,x_A,y_A,launch_z_A,energy_eV,Ag_velocity_z_A_per_ps,spacing_fs,min_initial_distance_A,resamples,nearest_initial_atom_id,nearest_initial_atom_type
447,7.0563812900,5.467781295630,14.7950636682,19.1208172285,60.000,62.0,-105.3164,200.0,3.347289,1,4527,4
448,3.4075374164,5.518803787635,12.4169862303,21.8995564483,60.000,62.0,-105.3164,200.0,6.059962,0,4601,4
449,3.4990305620,0.697172015395,12.6399599519,26.5044415247,60.000,62.0,-105.3164,200.0,6.061808,0,4626,4
450,0.9151045789,0.074552291000,10.8699524684,24.3260413846,60.000,62.0,-105.3164,200.0,8.046917,0,4601,4
451,1.9338885859,4.751281797705,10.0325852223,22.3254553013,60.000,62.0,-105.3164,200.0,7.151962,0,4581,4
452,5.1283705676,1.333042169602,11.1652264971,29.2419876820,60.000,62.0,-105.3164,200.0,4.490513,1,4483,4
453,4.9623249140,0.899974355965,13.0421201205,28.1449249578,60.000,62.0,-105.3164,200.0,4.769644,0,4474,4
454,4.6879675086,4.655434934330,9.6905354136,19.5775151870,60.000,62.0,-105.3164,200.0,4.358105,1,4624,4
455,2.1213043901,2.045526506973,8.9877447916,26.1446036746,60.000,62.0,-105.3164,200.0,6.260744,2,4688,4
456,4.8750149269,4.556088702674,9.1985222773,19.4422931289,60.000,62.0,-105.3164,200.0,3.201515,0,4624,4
457,3.9494926076,2.245613737100,7.4899255122,27.3417283392,60.000,62.0,-105.3164,200.0,5.538208,0,4675,4
458,6.5724454905,2.198426298684,6.0978654112,29.5777602889,60.000,62.0,-105.3164,200.0,3.089333,0,4675,4
459,5.7787553385,0.100441347485,15.7070202605,24.8373319527,60.000,62.0,-105.3164,200.0,4.462587,0,4612,4
460,4.7868329102,5.222934487877,12.2964913281,20.0814746665,60.000,62.0,-105.3164,200.0,5.353139,0,4527,4
461,6.9661481127,5.031743570778,12.1444388236,17.6439539860,60.000,62.0,-105.3164,200.0,3.753696,0,4642,4
462,6.3054695731,5.493280709725,14.3958923280,19.7791939007,60.000,62.0,-105.3164,200.0,3.985531,0,4527,4
463,1.9879449801,1.114035831592,10.8341590577,26.0420341414,60.000,62.0,-105.3164,200.0,4.641415,0,4766,4
464,4.6546949031,5.479063857759,13.1865576490,20.9054703952,60.000,62.0,-105.3164,200.0,5.467832,0,4527,4
465,2.1359912733,4.496783904556,9.5004189659,22.1713444898,60.000,62.0,-105.3164,200.0,5.290641,0,4654,4
466,4.6617471539,3.933041014039,6.6810405777,20.9416452647,60.000,62.0,-105.3164,200.0,3.750838,1,4648,4
467,3.4980322240,5.720735458757,12.9165545196,22.3925198892,60.000,62.0,-105.3164,200.0,3.834649,0,4493,4
468,4.4112039783,5.142669256558,11.7974156821,20.2487636488,60.000,62.0,-105.3164,200.0,5.625809,0,4669,4
469,3.9590460278,1.172378608454,11.4933431951,27.9068391694,60.000,62.0,-105.3164,200.0,4.855054,0,4771,4
470,4.6263685220,5.178816042557,12.0378579395,20.1256982153,60.000,62.0,-105.3164,200.0,5.499993,0,4669,4
471,2.9262881330,2.230460982160,8.1640085716,26.5702278450,60.000,62.0,-105.3164,200.0,6.066958,0,4648,4
