model_version,label,source_holdout,role_at_first_scoring,atoms,formula,reference_sha256,status,energy_abs_error_meV_atom,force_vector_RMSE_eV_A,force_vector_max_error_eV_A,separating_force_reference_eV_A,separating_force_prediction_eV_A,separating_force_abs_error_eV_A,local_force_RMSE_eV_A,outside_force_RMSE_eV_A,top_error_atoms
v9,AgC_registry_holdout_v15_01,v15,v15_blind_registry_holdout,48,C13Ag2Si10Ti23,c96c495d4472ae4979ac5c146c8f48a408ca0895d9712f530832e7457f83dd88,scored,494.30926981398335,0.18110985980236247,0.4263219022560411,-1.0212293355816424,-1.2090805569238954,0.18785122134225296,0.20517594052955976,0.1315553339601551,602709:Ti:0.4263;604590:Ti:0.4167;688433:Ag:0.3850
v9,AgSi_registry_holdout_v15_01,v15,v15_blind_registry_holdout,51,C13Ag17Si8Ti13,f44d8c6cec9368f43aad216ad2cf4a00c3bfb9974e84efd4d61f19963a11d465,scored,120.24940351424488,0.5512871057449331,2.492853665940527,2.2796304522834205,2.5248879144759298,0.2452574621925092,0.6826701166619199,0.32642420066015576,685172:Ag:2.4929;366934:Si:2.2730;368645:C:1.0085
v9,AgTi_registry_holdout_v15_01,v15,v15_blind_registry_holdout,49,C11Ag28SiTi9,b2b3449bf30e3e42c4df0b61422e9f618a83054e0472988b14a741c88ee3e167,scored,76.4305874425768,0.15388581324140194,0.4470769885654807,0.22772155443242728,-0.13557362438789172,0.36329517882031903,0.16615547615917126,0.1373375058642078,701905:Ag:0.4471;480975:C:0.3979;479027:Ti:0.2968
v9,AgC_registry_holdout_v16_01,v16,v16_blind_local_registry_holdout,48,C13Ag2Si10Ti23,fd89446076a61189e345e6aabc2689c1a6a37e65b88ac3fc54bc2e5dc8c131b7,scored,491.3097648679461,0.232005680466127,0.8204460280904289,2.8396690237513083,3.348719707965558,0.5090506842142499,0.26791133762763986,0.15462930080383533,688433:Ag:0.8204;602709:Ti:0.4948;600768:Ti:0.3814
v9,AgSi_registry_holdout_v16_01,v16,v16_blind_local_registry_holdout,51,C13Ag17Si8Ti13,0da4db7ac3ae83a71ff50a59b6b05bfaf544605dd55672c308a71499fe906418,scored,123.86314982566157,0.23380658844507585,0.8356943138515641,0.12245445078324042,0.13546021987314041,0.01300576908989999,0.24374973603205355,0.22001420203760821,366778:C:0.8357;710704:Ag:0.8331;685172:Ag:0.5328
v9,AgTi_registry_holdout_v16_01,v16,v16_blind_local_registry_holdout,49,C11Ag28SiTi9,cfb8ef41d279fcd8bee4171a66dd865767f17a38fc85e1f00e4113e3152d3e2c,scored,77.21360583991148,0.16771001645318953,0.5316775190497643,-1.0271446419657608,-1.6600293100238719,0.632884668058111,0.18681388226595397,0.140764360307512,479027:Ti:0.5317;480805:C:0.3372;682693:Ag:0.3141
v10,AgC_registry_holdout_v15_01,v15,v15_blind_registry_holdout,48,C13Ag2Si10Ti23,c96c495d4472ae4979ac5c146c8f48a408ca0895d9712f530832e7457f83dd88,scored,299.7503293582859,0.1782576553838753,0.38575960538320386,-1.0212293355816424,-1.211228725913585,0.18999939033194257,0.20189047000819405,0.1296244887138797,602709:Ti:0.3858;688433:Ag:0.3827;604590:Ti:0.3769
v10,AgSi_registry_holdout_v15_01,v15,v15_blind_registry_holdout,51,C13Ag17Si8Ti13,f44d8c6cec9368f43aad216ad2cf4a00c3bfb9974e84efd4d61f19963a11d465,scored,204.59364465112822,0.5681625726396693,2.5960810073926233,2.2796304522834205,2.505992446812849,0.2263619945294284,0.7082043944880964,0.32435535759087936,685172:Ag:2.5961;366934:Si:2.3570;368645:C:0.9974
v10,AgTi_registry_holdout_v15_01,v15,v15_blind_registry_holdout,49,C11Ag28SiTi9,b2b3449bf30e3e42c4df0b61422e9f618a83054e0472988b14a741c88ee3e167,scored,128.4670919067081,0.1479545195312786,0.45011447746954225,0.22772155443242728,-0.19802903380096726,0.4257505882333945,0.15960621552081028,0.13225914021502866,701905:Ag:0.4501;480975:C:0.3821;479027:Ti:0.3565
v10,AgC_registry_holdout_v16_01,v16,v16_blind_local_registry_holdout,48,C13Ag2Si10Ti23,fd89446076a61189e345e6aabc2689c1a6a37e65b88ac3fc54bc2e5dc8c131b7,scored,296.59005873290903,0.22631395621512215,0.8009137589537021,2.8396690237513083,3.3541805192553915,0.5145114955040833,0.260732551301758,0.1525742853828941,688433:Ag:0.8009;602709:Ti:0.4444;600768:Ti:0.3495
v10,AgSi_registry_holdout_v16_01,v16,v16_blind_local_registry_holdout,51,C13Ag17Si8Ti13,0da4db7ac3ae83a71ff50a59b6b05bfaf544605dd55672c308a71499fe906418,scored,208.8117236287634,0.23299341830468828,0.82213180091288,0.12245445078324042,0.13685994864839957,0.014405497865159142,0.24326945489389007,0.21871128527973852,366778:C:0.8221;710704:Ag:0.8137;685172:Ag:0.5321
v10,AgTi_registry_holdout_v16_01,v16,v16_blind_local_registry_holdout,49,C11Ag28SiTi9,cfb8ef41d279fcd8bee4171a66dd865767f17a38fc85e1f00e4113e3152d3e2c,scored,127.87487421938083,0.16305947146925984,0.56313596956138,-1.0271446419657608,-1.6577467206829326,0.6306020787171718,0.18360424273268056,0.1335949076875473,479027:Ti:0.5631;480805:C:0.3674;682693:Ag:0.2970
v11,AgC_registry_holdout_v15_01,v15,v15_blind_registry_holdout,48,C13Ag2Si10Ti23,c96c495d4472ae4979ac5c146c8f48a408ca0895d9712f530832e7457f83dd88,scored,202.39045142529122,0.18250432252563045,0.42379772933407134,-1.0212293355816424,-1.2629202194508777,0.24169088386923532,0.2105593155013226,0.12218359846611608,604590:Ti:0.4238;688433:Ag:0.4052;602709:Ti:0.3760
v11,AgSi_registry_holdout_v15_01,v15,v15_blind_registry_holdout,51,C13Ag17Si8Ti13,f44d8c6cec9368f43aad216ad2cf4a00c3bfb9974e84efd4d61f19963a11d465,scored,99.61854103455975,0.5362576526154982,2.4005944638133743,2.2796304522834205,2.4921032682324475,0.212472815949027,0.6648682240777234,0.3154563718578457,685172:Ag:2.4006;366934:Si:2.2119;368645:C:0.9934
v11,AgTi_registry_holdout_v15_01,v15,v15_blind_registry_holdout,49,C11Ag28SiTi9,b2b3449bf30e3e42c4df0b61422e9f618a83054e0472988b14a741c88ee3e167,scored,13.683543762293976,0.15273852939170376,0.4317012483587636,0.22772155443242728,-0.21899112691810135,0.44671268135052866,0.1658370734387951,0.13493628406402858,701905:Ag:0.4317;480975:C:0.3720;479027:Ti:0.3395
v11,AgC_registry_holdout_v16_01,v16,v16_blind_local_registry_holdout,48,C13Ag2Si10Ti23,fd89446076a61189e345e6aabc2689c1a6a37e65b88ac3fc54bc2e5dc8c131b7,scored,199.6380196208527,0.22823215819452095,0.7903843246011112,2.8396690237513083,3.334420814158935,0.49475179040762685,0.26551417930821836,0.14632207307220954,688433:Ag:0.7904;602709:Ti:0.4135;600768:Ti:0.3615
v11,AgSi_registry_holdout_v16_01,v16,v16_blind_local_registry_holdout,51,C13Ag17Si8Ti13,0da4db7ac3ae83a71ff50a59b6b05bfaf544605dd55672c308a71499fe906418,scored,102.33597474741745,0.22190038245014207,0.782893985808814,0.12245445078324042,0.09730262511837544,0.025151825664864985,0.2329223800020446,0.2064743598696498,366778:C:0.7829;710704:Ag:0.7532;685172:Ag:0.5112
v11,AgTi_registry_holdout_v16_01,v16,v16_blind_local_registry_holdout,49,C11Ag28SiTi9,cfb8ef41d279fcd8bee4171a66dd865767f17a38fc85e1f00e4113e3152d3e2c,scored,12.699723121256994,0.16855347251756675,0.5681603289395027,-1.0271446419657608,-1.7157049881671056,0.6885603462013448,0.1923353852007783,0.13370508098386108,479027:Ti:0.5682;682693:Ag:0.3651;480805:C:0.3410
v12,AgC_registry_holdout_v15_01,v15,v15_blind_registry_holdout,48,C13Ag2Si10Ti23,c96c495d4472ae4979ac5c146c8f48a408ca0895d9712f530832e7457f83dd88,scored,11.517269554899437,0.1845500543169176,0.47554110711353564,-1.0212293355816424,-1.3883761232007295,0.36714678761908703,0.21067767670957682,0.12980031210580473,604589:Ti:0.4755;602709:Ti:0.3940;688433:Ag:0.3266
v12,AgSi_registry_holdout_v15_01,v15,v15_blind_registry_holdout,51,C13Ag17Si8Ti13,f44d8c6cec9368f43aad216ad2cf4a00c3bfb9974e84efd4d61f19963a11d465,scored,15.964628750536496,0.36352077882535916,1.2891693366913706,2.2796304522834205,2.1128683417912253,0.16676211049219525,0.4164669885783132,0.2861333009823199,685172:Ag:1.2892;366934:Si:1.2351;368645:C:0.8271
v12,AgTi_registry_holdout_v15_01,v15,v15_blind_registry_holdout,49,C11Ag28SiTi9,b2b3449bf30e3e42c4df0b61422e9f618a83054e0472988b14a741c88ee3e167,scored,3.054786062864191,0.1331988238927516,0.34552930559605244,0.22772155443242728,-0.10164164119228539,0.32936319562471267,0.13879741758361974,0.12598825399460387,701905:Ag:0.3455;479027:Ti:0.2829;682693:Ag:0.2785
v12,AgC_registry_holdout_v16_01,v16,v16_blind_local_registry_holdout,48,C13Ag2Si10Ti23,fd89446076a61189e345e6aabc2689c1a6a37e65b88ac3fc54bc2e5dc8c131b7,scored,12.583938935178432,0.22552424046274272,0.6478974026374131,2.8396690237513083,2.8630178249969704,0.023348801245662187,0.26122694870842367,0.14797733005746633,688433:Ag:0.6479;604589:Ti:0.5576;602709:Ti:0.3895
v12,AgSi_registry_holdout_v16_01,v16,v16_blind_local_registry_holdout,51,C13Ag17Si8Ti13,0da4db7ac3ae83a71ff50a59b6b05bfaf544605dd55672c308a71499fe906418,scored,18.303512116599517,0.20702674463953818,0.6445782782762637,0.12245445078324042,0.1355205534562691,0.01306610267302867,0.21339501292106972,0.19832001321903378,710704:Ag:0.6446;366778:C:0.6151;366935:Ti:0.4305
v12,AgTi_registry_holdout_v16_01,v16,v16_blind_local_registry_holdout,49,C11Ag28SiTi9,cfb8ef41d279fcd8bee4171a66dd865767f17a38fc85e1f00e4113e3152d3e2c,scored,4.365778314761382,0.1549235964301756,0.4477372937816201,-1.0271446419657608,-1.5332311938780767,0.5060865519123159,0.1720458913703538,0.13088343528460852,479027:Ti:0.4477;682693:Ag:0.3155;480812:Ti:0.2901
v13,AgC_registry_holdout_v15_01,v15,v15_blind_registry_holdout,48,C13Ag2Si10Ti23,c96c495d4472ae4979ac5c146c8f48a408ca0895d9712f530832e7457f83dd88,scored,2.083868709174652,0.14737784974129123,0.3786107369309568,-1.0212293355816424,-1.2984103566623186,0.2771810210806762,0.17223740672017737,0.09207464976216112,602709:Ti:0.3786;688433:Ag:0.3434;604590:Ti:0.3183
v13,AgSi_registry_holdout_v15_01,v15,v15_blind_registry_holdout,51,C13Ag17Si8Ti13,f44d8c6cec9368f43aad216ad2cf4a00c3bfb9974e84efd4d61f19963a11d465,scored,5.284624196768422,0.39431220425255253,1.5695343914382582,2.2796304522834205,2.2041206367440545,0.07550981553936609,0.4690427434106487,0.27737568084479314,685172:Ag:1.5695;366934:Si:1.4545;368645:C:0.8085
v13,AgTi_registry_holdout_v15_01,v15,v15_blind_registry_holdout,49,C11Ag28SiTi9,b2b3449bf30e3e42c4df0b61422e9f618a83054e0472988b14a741c88ee3e167,scored,3.385629436702309,0.1352452187526748,0.36517812515440473,0.22772155443242728,-0.15503356982818753,0.3827551242606148,0.1433428245157226,0.12459000514297112,701905:Ag:0.3652;479027:Ti:0.3328;480975:C:0.2893
v13,AgC_registry_holdout_v16_01,v16,v16_blind_local_registry_holdout,48,C13Ag2Si10Ti23,fd89446076a61189e345e6aabc2689c1a6a37e65b88ac3fc54bc2e5dc8c131b7,scored,0.3628947814095322,0.20065970144507494,0.6712554729430905,2.8396690237513083,3.0282189576029004,0.18854993385159213,0.23554949116567797,0.12206106713467073,688433:Ag:0.6713;604589:Ti:0.3962;602709:Ti:0.3867
v13,AgSi_registry_holdout_v16_01,v16,v16_blind_local_registry_holdout,51,C13Ag17Si8Ti13,0da4db7ac3ae83a71ff50a59b6b05bfaf544605dd55672c308a71499fe906418,scored,5.136143422893334,0.19668111122707252,0.6269870509010886,0.12245445078324042,0.11770105487929274,0.004753395903947688,0.2054830966779697,0.18443780025682122,710704:Ag:0.6270;366778:C:0.6146;685172:Ag:0.4229
v13,AgTi_registry_holdout_v16_01,v16,v16_blind_local_registry_holdout,49,C11Ag28SiTi9,cfb8ef41d279fcd8bee4171a66dd865767f17a38fc85e1f00e4113e3152d3e2c,scored,2.6021882972681203,0.15775276598203694,0.5226696479328719,-1.0271446419657608,-1.601560709105182,0.5744160671394212,0.1768762126650746,0.13050784880475466,479027:Ti:0.5227;480805:C:0.3363;682693:Ag:0.3042
v14,AgC_registry_holdout_v15_01,v15,v15_blind_registry_holdout; subsequently scored retrospectively by V14/V15,48,C13Ag2Si10Ti23,c96c495d4472ae4979ac5c146c8f48a408ca0895d9712f530832e7457f83dd88,scored,1.0376020548790166,0.14288204294532716,0.4017464581260154,-1.0212293355816424,-1.3362367412147609,0.31500740563311846,0.16747440742299113,0.08771894485881687,604589:Ti:0.4017;688433:Ag:0.3910;602709:Ti:0.3391
v14,AgSi_registry_holdout_v15_01,v15,v15_blind_registry_holdout; subsequently scored retrospectively by V14/V15,51,C13Ag17Si8Ti13,f44d8c6cec9368f43aad216ad2cf4a00c3bfb9974e84efd4d61f19963a11d465,scored,7.798704331252356,0.335893197103298,1.4210854074501023,2.2796304522834205,2.2673466696777584,0.012283782605662097,0.41918997238080585,0.19040799563324937,685172:Ag:1.4211;366934:Si:1.2647;730721:Ag:0.5352
v14,AgTi_registry_holdout_v15_01,v15,v15_blind_registry_holdout; subsequently scored retrospectively by V14/V15,49,C11Ag28SiTi9,b2b3449bf30e3e42c4df0b61422e9f618a83054e0472988b14a741c88ee3e167,scored,0.09325462451960337,0.11687168218274926,0.27688069782435193,0.22772155443242728,-0.08025426773749753,0.3079758221699248,0.1260604461410023,0.1044960069965271,682693:Ag:0.2769;479027:Ti:0.2733;701905:Ag:0.2661
v14,AgC_registry_holdout_v16_01,v16,v16_blind_local_registry_holdout,48,C13Ag2Si10Ti23,fd89446076a61189e345e6aabc2689c1a6a37e65b88ac3fc54bc2e5dc8c131b7,scored,1.0671534334842174,0.1953566348105405,0.7172050179086155,2.8396690237513083,2.893874495879488,0.05420547212817972,0.2309518244995819,0.11346070085799548,688433:Ag:0.7172;604589:Ti:0.4846;602709:Ti:0.3940
v14,AgSi_registry_holdout_v16_01,v16,v16_blind_local_registry_holdout,51,C13Ag17Si8Ti13,0da4db7ac3ae83a71ff50a59b6b05bfaf544605dd55672c308a71499fe906418,scored,7.221825553992122,0.145405772547572,0.35828883595164157,0.12245445078324042,0.07787817488616247,0.04457627589707795,0.14957445022131827,0.13972079375843052,366935:Ti:0.3583;368645:C:0.2936;685172:Ag:0.2885
v14,AgTi_registry_holdout_v16_01,v16,v16_blind_local_registry_holdout,49,C11Ag28SiTi9,cfb8ef41d279fcd8bee4171a66dd865767f17a38fc85e1f00e4113e3152d3e2c,scored,0.675170587804095,0.14472293174477968,0.43950534051884754,-1.0271446419657608,-1.4903093402437466,0.4631646982779858,0.16551773936432151,0.11413634718495996,479027:Ti:0.4395;480805:C:0.3196;682693:Ag:0.2734
v15,AgC_registry_holdout_v15_01,v15,v15_blind_registry_holdout,48,C13Ag2Si10Ti23,c96c495d4472ae4979ac5c146c8f48a408ca0895d9712f530832e7457f83dd88,scored,0.8571461347474477,0.13528201482610833,0.38384223921782334,-1.0212293355816424,-1.4086692442140982,0.3874399086324558,0.15874550559842138,0.08248052405426587,688433:Ag:0.3838;604804:C:0.3238;602709:Ti:0.3151
v15,AgSi_registry_holdout_v15_01,v15,v15_blind_registry_holdout,51,C13Ag17Si8Ti13,f44d8c6cec9368f43aad216ad2cf4a00c3bfb9974e84efd4d61f19963a11d465,scored,4.634390554286381,0.31328263677672086,1.325495050283707,2.2796304522834205,2.2433259448140546,0.036304507469365976,0.3862178428133051,0.18983383085905448,685172:Ag:1.3255;366934:Si:1.0982;730721:Ag:0.5442
v15,AgTi_registry_holdout_v15_01,v15,v15_blind_registry_holdout,49,C11Ag28SiTi9,b2b3449bf30e3e42c4df0b61422e9f618a83054e0472988b14a741c88ee3e167,scored,1.3161534321899144,0.11751377427805651,0.2932577917307219,0.22772155443242728,-0.12240455826042884,0.3501261126928561,0.12868817678439576,0.10214237063088716,479027:Ti:0.2933;682693:Ag:0.2872;701905:Ag:0.2838
v15,AgC_registry_holdout_v16_01,v16,v16_blind_local_registry_holdout,48,C13Ag2Si10Ti23,fd89446076a61189e345e6aabc2689c1a6a37e65b88ac3fc54bc2e5dc8c131b7,scored,2.928448952197016,0.18311533657784856,0.647021473952116,2.8396690237513083,2.8111387850469667,0.02853023870434157,0.21646738874724156,0.1063941727177811,688433:Ag:0.6470;604602:C:0.3791;602709:Ti:0.3746
v15,AgSi_registry_holdout_v16_01,v16,v16_blind_local_registry_holdout,51,C13Ag17Si8Ti13,0da4db7ac3ae83a71ff50a59b6b05bfaf544605dd55672c308a71499fe906418,scored,4.787649455892051,0.133359943967726,0.28733514537579724,0.12245445078324042,0.09642107484014154,0.026033375943098888,0.14017685028256877,0.12380183507777053,368645:C:0.2873;685172:Ag:0.2860;366935:Ti:0.2706
v15,AgTi_registry_holdout_v16_01,v16,v16_blind_local_registry_holdout,49,C11Ag28SiTi9,cfb8ef41d279fcd8bee4171a66dd865767f17a38fc85e1f00e4113e3152d3e2c,scored,2.3711521430263187,0.1478442118915754,0.5300460889385801,-1.0271446419657608,-1.6507368807377234,0.6235922387719626,0.17143413540149535,0.11231383453581362,479027:Ti:0.5300;682693:Ag:0.2882;479021:Ti:0.2800
v16,AgC_registry_holdout_v15_01,v15,v15_blind_registry_holdout,48,C13Ag2Si10Ti23,c96c495d4472ae4979ac5c146c8f48a408ca0895d9712f530832e7457f83dd88,scored,1.5145861799640652,0.07222645520090405,0.18636644321069898,-1.0212293355816424,-1.1239049681638684,0.102675632582226,0.08257854288369043,0.05045528688234133,688433:Ag:0.1864;602709:Ti:0.1823;751743:Ag:0.1642
v16,AgSi_registry_holdout_v15_01,v15,v15_blind_registry_holdout,51,C13Ag17Si8Ti13,f44d8c6cec9368f43aad216ad2cf4a00c3bfb9974e84efd4d61f19963a11d465,scored,5.880842240603045,0.2804036776994711,1.343979740225432,2.2796304522834205,2.2717488214907964,0.007881630792624161,0.36458227367370966,0.1119337509962853,685172:Ag:1.3440;366934:Si:1.1349;730721:Ag:0.3569
v16,AgTi_registry_holdout_v15_01,v15,v15_blind_registry_holdout,49,C11Ag28SiTi9,b2b3449bf30e3e42c4df0b61422e9f618a83054e0472988b14a741c88ee3e167,scored,0.44489067424216716,0.07286508914447681,0.17008666401257777,0.22772155443242728,0.0694479372940583,0.15827361713836896,0.07744009420290036,0.06682357996023247,479027:Ti:0.1701;682693:Ag:0.1492;701905:Ag:0.1480
v16,AgC_registry_holdout_v16_01,v16,v16_blind_local_registry_holdout,48,C13Ag2Si10Ti23,fd89446076a61189e345e6aabc2689c1a6a37e65b88ac3fc54bc2e5dc8c131b7,scored,0.6979026332191532,0.12949627346968376,0.4451391341770198,2.8396690237513083,2.8813714565061908,0.0417024327548825,0.15066251741520512,0.08298254429064399,688433:Ag:0.4451;604805:Ti:0.2915;604602:C:0.2256
v16,AgSi_registry_holdout_v16_01,v16,v16_blind_local_registry_holdout,51,C13Ag17Si8Ti13,0da4db7ac3ae83a71ff50a59b6b05bfaf544605dd55672c308a71499fe906418,scored,3.02136314361383,0.09614811248012738,0.19733242058225162,0.12245445078324042,0.20173644468016552,0.0792819938969251,0.10274231908178562,0.08669274280973646,710704:Ag:0.1973;685172:Ag:0.1882;367120:Si:0.1737
v16,AgTi_registry_holdout_v16_01,v16,v16_blind_local_registry_holdout,49,C11Ag28SiTi9,cfb8ef41d279fcd8bee4171a66dd865767f17a38fc85e1f00e4113e3152d3e2c,scored,1.612019592125089,0.10529373771677675,0.31720055043881457,-1.0271446419657608,-1.349805471557942,0.3226608295921811,0.1185573305919408,0.08627232035688912,479027:Ti:0.3172;480812:Ti:0.2153;682693:Ag:0.1992
