label,category,parent_family_id,model,element,n_atoms,force_vector_RMSE_eV_A,x_RMSE_eV_A,y_RMSE_eV_A,z_RMSE_eV_A,max_atom_force_vector_error_eV_A
Ag_baseline_k8x8x8_v19,solid_Ag_baseline,Ag_fcc_bulk_parent_v19,V18,Ag,32,1.7277540280432474e-05,9.975192531832249e-06,9.975192531803246e-06,9.975192531891378e-06,2.7038121652904978e-05
Ti3SiC2_baseline_k10x10x2_v19,solid_Ti3SiC2_baseline_kz2,Ti3SiC2_bulk_parent_v19,V18,C,16,2.6295878380989857,0.0007944558728425909,0.0007525702675183244,2.629587610397485,2.6295951051947815
Ti3SiC2_baseline_k10x10x2_v19,solid_Ti3SiC2_baseline_kz2,Ti3SiC2_bulk_parent_v19,V18,Si,8,0.0013502745566728004,0.0011647755802504992,0.0006830260302743823,3.829884810141974e-06,0.0013502794929249337
Ti3SiC2_baseline_k10x10x2_v19,solid_Ti3SiC2_baseline_kz2,Ti3SiC2_bulk_parent_v19,V18,Ti,24,3.4767552611520562,0.0014965267249666505,0.0010313294833685723,3.4767547861066874,4.258188318648901
Ti3SiC2_baseline_k10x10x4_v19,solid_Ti3SiC2_baseline_kz4,Ti3SiC2_bulk_parent_v19,V18,C,16,2.6289788253013398,0.00037287803959149994,0.0005302496796525536,2.628978745383853,2.6289905599547048
Ti3SiC2_baseline_k10x10x4_v19,solid_Ti3SiC2_baseline_kz4,Ti3SiC2_bulk_parent_v19,V18,Si,8,0.0007578780236164328,0.0006518570147641353,0.00038653923430580526,6.996522409172398e-06,0.0007578828861433192
Ti3SiC2_baseline_k10x10x4_v19,solid_Ti3SiC2_baseline_kz4,Ti3SiC2_bulk_parent_v19,V18,Ti,24,3.4760996655366907,0.0007051324642577008,0.0005882945791959014,3.476099544236613,4.257348653684223
Ti3SiC2_Ti4f_id0003_z_m020A_k10x10x4_v19,Ti3SiC2_Ti_response_minus,Ti3SiC2_bulk_parent_v19,V18,C,16,2.6312031518646917,0.01940589698996249,0.019410480662144444,2.6310599899632026,2.662219012780312
Ti3SiC2_Ti4f_id0003_z_m020A_k10x10x4_v19,Ti3SiC2_Ti_response_minus,Ti3SiC2_bulk_parent_v19,V18,Si,8,0.010527551888645665,0.004948866159562007,0.004908496686302331,0.00788953311568105,0.01691812444340282
Ti3SiC2_Ti4f_id0003_z_m020A_k10x10x4_v19,Ti3SiC2_Ti_response_minus,Ti3SiC2_bulk_parent_v19,V18,Ti,24,3.4882796919773047,0.0036157686723552575,0.0035895275621988937,3.4882759711596885,4.474293083045513
Ti3SiC2_Ti4f_id0003_z_p020A_k10x10x4_v19,Ti3SiC2_Ti_response_plus,Ti3SiC2_bulk_parent_v19,V18,C,16,2.6254602301071523,0.02001349920557358,0.02001843948927452,2.6253076280322394,2.64907986913152
Ti3SiC2_Ti4f_id0003_z_p020A_k10x10x4_v19,Ti3SiC2_Ti_response_plus,Ti3SiC2_bulk_parent_v19,V18,Si,8,0.012332326561985716,0.0055891494220210195,0.005552821306834732,0.009487563581032948,0.019759406571144944
Ti3SiC2_Ti4f_id0003_z_p020A_k10x10x4_v19,Ti3SiC2_Ti_response_plus,Ti3SiC2_bulk_parent_v19,V18,Ti,24,3.464521275319563,0.0036912395234372586,0.0036698764243308164,3.4645173652183794,4.267399422309886
Ti3SiC2_C4f_id0009_z_m020A_k10x10x4_v19,Ti3SiC2_C_response_minus_only,Ti3SiC2_bulk_parent_v19,V18,C,16,2.625248942701032,0.004888001534478157,0.004901866979496405,2.6252398157680754,2.6575180936061518
Ti3SiC2_C4f_id0009_z_m020A_k10x10x4_v19,Ti3SiC2_C_response_minus_only,Ti3SiC2_bulk_parent_v19,V18,Si,8,0.0033872949818687247,0.001030758935135686,0.0008936436676152111,0.0031004361478931034,0.007915816790329726
Ti3SiC2_C4f_id0009_z_m020A_k10x10x4_v19,Ti3SiC2_C_response_minus_only,Ti3SiC2_bulk_parent_v19,V18,Ti,24,3.474455489048372,0.021274475591379495,0.02127487557244586,3.4743252181878495,4.279437368273745
AgSi_COD9009647_pilot_k6x6,AgSi_COD_slab_original_vacuum,AgSi_COD9009647_slab_family,V18,Ag,4,0.5844227863328086,0.1034275576359297,0.07168593857404956,0.5707134655124476,0.584423437028723
AgSi_COD9009647_pilot_k6x6,AgSi_COD_slab_original_vacuum,AgSi_COD9009647_slab_family,V18,C,16,2.7349028752119633,0.002437228380128307,0.0018173764783285514,2.734901185400164,2.9029371299741356
AgSi_COD9009647_pilot_k6x6,AgSi_COD_slab_original_vacuum,AgSi_COD9009647_slab_family,V18,Si,8,0.8392371786142108,0.07272775127455575,0.047228701499992906,0.8347449705853349,1.1774864120187016
AgSi_COD9009647_pilot_k6x6,AgSi_COD_slab_original_vacuum,AgSi_COD9009647_slab_family,V18,Ti,24,3.1226999054425004,0.0027210344024140693,0.002480596224730352,3.1226977346622506,4.557741762627631
AgSi_COD9009647_vacuum26_k6x6_sigma0p10,AgSi_COD_slab_vacuum26,AgSi_COD9009647_slab_family,V18,Ag,4,0.583775832968285,0.10342461122517738,0.07158936510109432,0.570063624304479,0.5837791076183451
AgSi_COD9009647_vacuum26_k6x6_sigma0p10,AgSi_COD_slab_vacuum26,AgSi_COD9009647_slab_family,V18,C,16,2.734552696691936,0.0024672402375347574,0.0018660659910599519,2.7345509469579214,2.9029563299427217
AgSi_COD9009647_vacuum26_k6x6_sigma0p10,AgSi_COD_slab_vacuum26,AgSi_COD9009647_slab_family,V18,Si,8,0.8384996278428002,0.07265346175302863,0.047272196700818954,0.8340074578844572,1.1764570536819792
AgSi_COD9009647_vacuum26_k6x6_sigma0p10,AgSi_COD_slab_vacuum26,AgSi_COD9009647_slab_family,V18,Ti,24,3.122540793826975,0.0027420225630345736,0.002491518811888519,3.12253859587994,4.557063662169115
Ag_baseline_k8x8x8_v19,solid_Ag_baseline,Ag_fcc_bulk_parent_v19,MACE-MP-0b3-medium,Ag,32,1.727754028049178e-05,9.97519253189555e-06,9.975192531854973e-06,9.975192531879074e-06,2.7038121652989834e-05
Ti3SiC2_baseline_k10x10x2_v19,solid_Ti3SiC2_baseline_kz2,Ti3SiC2_bulk_parent_v19,MACE-MP-0b3-medium,C,16,0.03573784982561011,0.0009223352530753891,0.0005920456610805741,0.035721039875317044,0.03574726299774365
Ti3SiC2_baseline_k10x10x2_v19,solid_Ti3SiC2_baseline_kz2,Ti3SiC2_bulk_parent_v19,MACE-MP-0b3-medium,Si,8,0.0013558610489507442,0.0011745043034031412,0.00067740988871852,3.829884551395679e-06,0.001355866068179352
Ti3SiC2_baseline_k10x10x2_v19,solid_Ti3SiC2_baseline_kz2,Ti3SiC2_bulk_parent_v19,MACE-MP-0b3-medium,Ti,24,0.04642094766691234,0.0015859537045696927,0.0009554421324287616,0.046384008704215676,0.056901089330298714
Ti3SiC2_baseline_k10x10x4_v19,solid_Ti3SiC2_baseline_kz4,Ti3SiC2_bulk_parent_v19,MACE-MP-0b3-medium,C,16,0.03511693538990844,0.0004719775790540113,0.0003338862853313648,0.03511217606888445,0.035129812971993316
Ti3SiC2_baseline_k10x10x4_v19,solid_Ti3SiC2_baseline_kz4,Ti3SiC2_bulk_parent_v19,MACE-MP-0b3-medium,Si,8,0.0007634441973937234,0.0006615857379167771,0.00038092309275980426,6.996522104988321e-06,0.0007634490914846886
Ti3SiC2_baseline_k10x10x4_v19,solid_Ti3SiC2_baseline_kz4,Ti3SiC2_bulk_parent_v19,MACE-MP-0b3-medium,Ti,24,0.04573825232630658,0.000789172936094225,0.0004963216665294349,0.045728750220678,0.05602972373374098
Ti3SiC2_Ti4f_id0003_z_m020A_k10x10x4_v19,Ti3SiC2_Ti_response_minus,Ti3SiC2_bulk_parent_v19,MACE-MP-0b3-medium,C,16,0.03586560810139137,0.0009999132261006244,0.0009396549687174432,0.03583935081112134,0.04481616082828764
Ti3SiC2_Ti4f_id0003_z_m020A_k10x10x4_v19,Ti3SiC2_Ti_response_minus,Ti3SiC2_bulk_parent_v19,MACE-MP-0b3-medium,Si,8,0.0046868800814882,0.002422530925179227,0.002348913714760877,0.003252813117197078,0.007703860726478196
Ti3SiC2_Ti4f_id0003_z_m020A_k10x10x4_v19,Ti3SiC2_Ti_response_minus,Ti3SiC2_bulk_parent_v19,MACE-MP-0b3-medium,Ti,24,0.05012726426890339,0.0021072527014017427,0.0020083698592714616,0.050042667391389954,0.12813092632021766
Ti3SiC2_Ti4f_id0003_z_p020A_k10x10x4_v19,Ti3SiC2_Ti_response_plus,Ti3SiC2_bulk_parent_v19,MACE-MP-0b3-medium,C,16,0.03409394694638094,0.0010476897085261651,0.0010019431269117733,0.03406311310828358,0.03815706401552297
Ti3SiC2_Ti4f_id0003_z_p020A_k10x10x4_v19,Ti3SiC2_Ti_response_plus,Ti3SiC2_bulk_parent_v19,MACE-MP-0b3-medium,Si,8,0.005692255175378077,0.002749395129063205,0.0026857766749012846,0.004198713976738379,0.00912911888358782
Ti3SiC2_Ti4f_id0003_z_p020A_k10x10x4_v19,Ti3SiC2_Ti_response_plus,Ti3SiC2_bulk_parent_v19,MACE-MP-0b3-medium,Ti,24,0.04789215063953669,0.0021222519973629088,0.002034477663763908,0.04780183092702004,0.07429367408427798
Ti3SiC2_C4f_id0009_z_m020A_k10x10x4_v19,Ti3SiC2_C_response_minus_only,Ti3SiC2_bulk_parent_v19,MACE-MP-0b3-medium,C,16,0.036181281123811554,0.0006322737514451443,0.0005437415108995284,0.03617166956103686,0.04314563452735539
Ti3SiC2_C4f_id0009_z_m020A_k10x10x4_v19,Ti3SiC2_C_response_minus_only,Ti3SiC2_bulk_parent_v19,MACE-MP-0b3-medium,Si,8,0.0022910071059530925,0.0014103059864290586,0.001306471900454182,0.0012461467640264377,0.003412393912555721
Ti3SiC2_C4f_id0009_z_m020A_k10x10x4_v19,Ti3SiC2_C_response_minus_only,Ti3SiC2_bulk_parent_v19,MACE-MP-0b3-medium,Ti,24,0.046303035778738025,0.0031991656032645936,0.0031447494430226026,0.046085214686606285,0.06075871074451399
AgSi_COD9009647_pilot_k6x6,AgSi_COD_slab_original_vacuum,AgSi_COD9009647_slab_family,MACE-MP-0b3-medium,Ag,4,0.4827371906833911,0.10941128371715252,0.0798173887411192,0.4633503541800811,0.4827378454067062
AgSi_COD9009647_pilot_k6x6,AgSi_COD_slab_original_vacuum,AgSi_COD9009647_slab_family,MACE-MP-0b3-medium,C,16,0.13656742767017777,0.0012143342513718579,0.0013475824234701922,0.13655537966109987,0.22816189437584472
AgSi_COD9009647_pilot_k6x6,AgSi_COD_slab_original_vacuum,AgSi_COD9009647_slab_family,MACE-MP-0b3-medium,Si,8,0.1482602722950007,0.0870091401010586,0.05883588179632239,0.10463678556373604,0.19663046845649343
AgSi_COD9009647_pilot_k6x6,AgSi_COD_slab_original_vacuum,AgSi_COD9009647_slab_family,MACE-MP-0b3-medium,Ti,24,0.16689017715674612,0.006675496151618558,0.0035702456773437385,0.16671839229174218,0.2266915029416484
AgSi_COD9009647_vacuum26_k6x6_sigma0p10,AgSi_COD_slab_vacuum26,AgSi_COD9009647_slab_family,MACE-MP-0b3-medium,Ag,4,0.48209683401247966,0.10940833730639737,0.07972081526800001,0.4627005129732529,0.4821000889031552
AgSi_COD9009647_vacuum26_k6x6_sigma0p10,AgSi_COD_slab_vacuum26,AgSi_COD9009647_slab_family,MACE-MP-0b3-medium,C,16,0.1360649619917688,0.0012266182441447568,0.001388361043952082,0.13605234927452098,0.22848413064450002
AgSi_COD9009647_vacuum26_k6x6_sigma0p10,AgSi_COD_slab_vacuum26,AgSi_COD9009647_slab_family,MACE-MP-0b3-medium,Si,8,0.1478294514873061,0.08693483976780794,0.05887948710786465,0.10406289617100876,0.19591805355936875
AgSi_COD9009647_vacuum26_k6x6_sigma0p10,AgSi_COD_slab_vacuum26,AgSi_COD9009647_slab_family,MACE-MP-0b3-medium,Ti,24,0.1670404380761259,0.0066761590422138905,0.003584864100947658,0.16686846796949045,0.22707444032710658
Ag_baseline_k6x6x6_v19,solid_Ag,Ag_fcc_bulk_parent_v19,MACE-MP-0b3-medium,Ag,32,2.2935700987117012e-05,1.3241933139002987e-05,1.3241933138924753e-05,1.3241933138966575e-05,2.8582098189133892e-05
Ag_baseline_k6x6x6_v19,solid_Ag,Ag_fcc_bulk_parent_v19,V18,Ag,32,2.2935700987024042e-05,1.3241933138913803e-05,1.3241933138862122e-05,1.3241933138957366e-05,2.8582098188928835e-05
Ag_displacement_m01_k6x6x6_v19,solid_Ag,Ag_fcc_bulk_parent_v19,MACE-MP-0b3-medium,Ag,32,0.0012115677202295403,0.0011173733159265938,0.0003311896839859539,0.000331189683985926,0.005604522421055795
Ag_displacement_m01_k6x6x6_v19,solid_Ag,Ag_fcc_bulk_parent_v19,V18,Ag,32,0.0023771978724038785,0.002126535201932281,0.0007513047848590824,0.0007513047848591189,0.011156966351616837
Ag_displacement_p01_k6x6x6_v19,solid_Ag,Ag_fcc_bulk_parent_v19,MACE-MP-0b3-medium,Ag,32,0.0012115677884053612,0.0011173733707499263,0.00033118971620537573,0.0003311897162053927,0.005604522694391087
Ag_displacement_p01_k6x6x6_v19,solid_Ag,Ag_fcc_bulk_parent_v19,V18,Ag,32,0.0023771979434376264,0.002126535258543075,0.0007513048171205523,0.0007513048171206344,0.011156966624952476
Ag_shear_m005_k8x8x8_v19,solid_Ag,Ag_fcc_bulk_parent_v19,MACE-MP-0b3-medium,Ag,32,2.6270252067576312e-05,1.5527281936523978e-05,1.5633744736965894e-05,1.4304393900374977e-05,4.284544649137301e-05
Ag_shear_m005_k8x8x8_v19,solid_Ag,Ag_fcc_bulk_parent_v19,V18,Ag,32,2.627025206756989e-05,1.552728193640389e-05,1.5633744737091496e-05,1.4304393900356264e-05,4.284544649162727e-05
Ag_shear_p005_k8x8x8_v19,solid_Ag,Ag_fcc_bulk_parent_v19,MACE-MP-0b3-medium,Ag,32,2.627025180416806e-05,1.5527281626091804e-05,1.5633744544586145e-05,1.4304393963850757e-05,4.284544610596582e-05
Ag_shear_p005_k8x8x8_v19,solid_Ag,Ag_fcc_bulk_parent_v19,V18,Ag,32,2.6270251804097244e-05,1.5527281626001686e-05,1.5633744544559907e-05,1.4304393963847206e-05,4.2845446105893234e-05
Ag_volume_m02_k8x8x8_v19,solid_Ag,Ag_fcc_bulk_parent_v19,MACE-MP-0b3-medium,Ag,32,5.600413977218595e-07,3.2334005181320204e-07,3.233400517502043e-07,3.233400516327433e-07,7.240523526478514e-07
Ag_volume_m02_k8x8x8_v19,solid_Ag,Ag_fcc_bulk_parent_v19,V18,Ag,32,5.597830114709867e-07,3.2319087235840956e-07,3.231908724003168e-07,3.2319087232293423e-07,7.219987332529992e-07
Ag_volume_p02_k8x8x8_v19,solid_Ag,Ag_fcc_bulk_parent_v19,MACE-MP-0b3-medium,Ag,32,3.4732153420341426e-05,2.0052618126779583e-05,2.005261812677621e-05,2.0052618126752708e-05,5.476092644726615e-05
Ag_volume_p02_k8x8x8_v19,solid_Ag,Ag_fcc_bulk_parent_v19,V18,Ag,32,3.473324947150445e-05,2.0053250932225746e-05,2.005325093217323e-05,2.0053250932211593e-05,5.476184511904303e-05
AgC_residual_mode_m_06_v19_acq,interface_AgC,AgC_residual_acquisition_parent_v19,MACE-MP-0b3-medium,Ag,2,0.5414849576808292,0.3768988847187984,0.1320523475497444,0.3656711194487976,0.7438783898320839
AgC_residual_mode_m_06_v19_acq,interface_AgC,AgC_residual_acquisition_parent_v19,MACE-MP-0b3-medium,C,13,1.0059205080120228,0.6194952195781261,0.6219092781039319,0.4912541004075809,1.621626754898079
AgC_residual_mode_m_06_v19_acq,interface_AgC,AgC_residual_acquisition_parent_v19,MACE-MP-0b3-medium,Si,10,0.5990088711615827,0.2831326375349325,0.23101735337144944,0.47463514380420363,1.1339693798994177
AgC_residual_mode_m_06_v19_acq,interface_AgC,AgC_residual_acquisition_parent_v19,MACE-MP-0b3-medium,Ti,23,0.9599326547282382,0.6501823344976961,0.4013463956893029,0.5810806348416151,1.9248982657471676
AgC_residual_mode_m_06_v19_acq,interface_AgC,AgC_residual_acquisition_parent_v19,V18,Ag,2,0.2762052559632235,0.18835164951253097,0.15151678516984995,0.13362508506793178,0.3181719053928025
AgC_residual_mode_m_06_v19_acq,interface_AgC,AgC_residual_acquisition_parent_v19,V18,C,13,0.14848562089465112,0.06618562800175672,0.1033470692803384,0.08358723305414566,0.30290727903267634
AgC_residual_mode_m_06_v19_acq,interface_AgC,AgC_residual_acquisition_parent_v19,V18,Si,10,0.04250004124615664,0.024924432279943204,0.018222515411332053,0.029205583601963975,0.0531981979664259
AgC_residual_mode_m_06_v19_acq,interface_AgC,AgC_residual_acquisition_parent_v19,V18,Ti,23,0.13639701607934104,0.08183076390671969,0.07105016916139688,0.08282358079633856,0.4497811200450361
AgC_residual_mode_p_06_v19_acq,interface_AgC,AgC_residual_acquisition_parent_v19,MACE-MP-0b3-medium,Ag,2,0.7636626613253437,0.637137987464006,0.2015473399952577,0.3696140080863529,1.047505101617309
AgC_residual_mode_p_06_v19_acq,interface_AgC,AgC_residual_acquisition_parent_v19,MACE-MP-0b3-medium,C,13,1.0140423134789767,0.6177781504583427,0.6351122064921667,0.49321846630749316,1.6245376952018944
AgC_residual_mode_p_06_v19_acq,interface_AgC,AgC_residual_acquisition_parent_v19,MACE-MP-0b3-medium,Si,10,0.5920739654043322,0.28066411554911286,0.22451554576820235,0.4705018644607594,1.1341618982500346
AgC_residual_mode_p_06_v19_acq,interface_AgC,AgC_residual_acquisition_parent_v19,MACE-MP-0b3-medium,Ti,23,0.9813853278356738,0.6618710547957914,0.39395188648221524,0.6081494714720574,1.9267143900447599
AgC_residual_mode_p_06_v19_acq,interface_AgC,AgC_residual_acquisition_parent_v19,V18,Ag,2,0.32830869967704884,0.22204819779863746,0.22133804640785423,0.09742006646664939,0.3760384070865389
AgC_residual_mode_p_06_v19_acq,interface_AgC,AgC_residual_acquisition_parent_v19,V18,C,13,0.15288510065698038,0.057879182949418906,0.12356216858605835,0.06896553253845876,0.3258816964476069
AgC_residual_mode_p_06_v19_acq,interface_AgC,AgC_residual_acquisition_parent_v19,V18,Si,10,0.04089594392982425,0.023695894741349255,0.017706486473085883,0.02823938984993571,0.04966478844985589
AgC_residual_mode_p_06_v19_acq,interface_AgC,AgC_residual_acquisition_parent_v19,V18,Ti,23,0.1445471223113263,0.09056555765385796,0.06700745318799387,0.09056352219624665,0.48361725820371976
AgSi_residual_mode_m_03_v19_acq,interface_AgSi,AgSi_residual_acquisition_parent_v19,MACE-MP-0b3-medium,Ag,17,0.2972729453331269,0.16554913422491901,0.14633437381097233,0.19887417938425953,0.5921219877470714
AgSi_residual_mode_m_03_v19_acq,interface_AgSi,AgSi_residual_acquisition_parent_v19,MACE-MP-0b3-medium,C,13,0.8974806415619512,0.635635311451271,0.4895469278751053,0.4022226475756227,1.780378229160972
AgSi_residual_mode_m_03_v19_acq,interface_AgSi,AgSi_residual_acquisition_parent_v19,MACE-MP-0b3-medium,Si,8,0.6565851750656326,0.3902459356228989,0.37612783743712735,0.37059418742155886,0.9796281729409765
AgSi_residual_mode_m_03_v19_acq,interface_AgSi,AgSi_residual_acquisition_parent_v19,MACE-MP-0b3-medium,Ti,13,0.9661720042398452,0.6824138892401332,0.5235008697240917,0.4401664059729163,1.5338419682388065
AgSi_residual_mode_m_03_v19_acq,interface_AgSi,AgSi_residual_acquisition_parent_v19,V18,Ag,17,0.056465921283592756,0.03644217308242943,0.03707706371026358,0.02203768667669556,0.09864541692763495
AgSi_residual_mode_m_03_v19_acq,interface_AgSi,AgSi_residual_acquisition_parent_v19,V18,C,13,0.047377365616269956,0.022047169126467956,0.030015612393722274,0.029284810378017858,0.08030097187250038
AgSi_residual_mode_m_03_v19_acq,interface_AgSi,AgSi_residual_acquisition_parent_v19,V18,Si,8,0.07736292928887743,0.029939687473260118,0.05706797105110815,0.042800521285017594,0.1359869413582774
AgSi_residual_mode_m_03_v19_acq,interface_AgSi,AgSi_residual_acquisition_parent_v19,V18,Ti,13,0.0450863454212324,0.02263651648885355,0.02687132874304604,0.028254174138978006,0.058536743126854675
AgSi_residual_mode_p_03_v19_acq,interface_AgSi,AgSi_residual_acquisition_parent_v19,MACE-MP-0b3-medium,Ag,17,0.29882225061128104,0.1650414699282193,0.1499670739758363,0.1989118583379331,0.5871102662046256
AgSi_residual_mode_p_03_v19_acq,interface_AgSi,AgSi_residual_acquisition_parent_v19,MACE-MP-0b3-medium,C,13,0.899438664059724,0.63768603299159,0.4893887876212068,0.4035406401883647,1.77839944260709
AgSi_residual_mode_p_03_v19_acq,interface_AgSi,AgSi_residual_acquisition_parent_v19,MACE-MP-0b3-medium,Si,8,0.6550805946677669,0.37848310439405053,0.38158413278666165,0.3745326084654964,0.9857728424263887
AgSi_residual_mode_p_03_v19_acq,interface_AgSi,AgSi_residual_acquisition_parent_v19,MACE-MP-0b3-medium,Ti,13,0.9717445088101088,0.6879018038411888,0.5275167002213071,0.43909523985379517,1.5421328654887503
AgSi_residual_mode_p_03_v19_acq,interface_AgSi,AgSi_residual_acquisition_parent_v19,V18,Ag,17,0.05659080053635503,0.03586798033303638,0.03735497807530607,0.02281693023103324,0.10104880548789263
AgSi_residual_mode_p_03_v19_acq,interface_AgSi,AgSi_residual_acquisition_parent_v19,V18,C,13,0.05030067017867929,0.02438137807414132,0.03213250608171524,0.030053417052618013,0.07938425355646182
AgSi_residual_mode_p_03_v19_acq,interface_AgSi,AgSi_residual_acquisition_parent_v19,V18,Si,8,0.08546235679594373,0.03807357073428716,0.060474051695004624,0.046873304899999635,0.14577709141292966
AgSi_residual_mode_p_03_v19_acq,interface_AgSi,AgSi_residual_acquisition_parent_v19,V18,Ti,13,0.0494431435347563,0.023792088342719758,0.026261586817417432,0.03448028469606913,0.06502120503548182
AgTi_residual_mode_m_03_v19_acq,interface_AgTi,AgTi_residual_acquisition_parent_v19,MACE-MP-0b3-medium,Ag,28,0.2058230162217828,0.12551232021864014,0.11948259497398574,0.11105710683359389,0.4652948028166841
AgTi_residual_mode_m_03_v19_acq,interface_AgTi,AgTi_residual_acquisition_parent_v19,MACE-MP-0b3-medium,C,11,0.667366337334629,0.3859391303460209,0.35935269599689457,0.4090164492474092,1.0723137391320883
AgTi_residual_mode_m_03_v19_acq,interface_AgTi,AgTi_residual_acquisition_parent_v19,MACE-MP-0b3-medium,Si,1,0.43736298314120076,0.24656713383422812,0.3491026669340076,0.09283509828996483,0.43736298314120076
AgTi_residual_mode_m_03_v19_acq,interface_AgTi,AgTi_residual_acquisition_parent_v19,MACE-MP-0b3-medium,Ti,9,0.8566264935563295,0.5691391633083759,0.47082190101814275,0.4338390251843604,1.10378853074763
AgTi_residual_mode_m_03_v19_acq,interface_AgTi,AgTi_residual_acquisition_parent_v19,V18,Ag,28,0.05320968076977028,0.029580654828806483,0.03223407925842014,0.03028562566436027,0.12519335844504276
AgTi_residual_mode_m_03_v19_acq,interface_AgTi,AgTi_residual_acquisition_parent_v19,V18,C,11,0.07573175844046479,0.035721987539177984,0.04637806014962499,0.0480449204338345,0.11606024012144242
AgTi_residual_mode_m_03_v19_acq,interface_AgTi,AgTi_residual_acquisition_parent_v19,V18,Si,1,0.04184181479925874,0.009667649543028123,0.012589442463984635,0.0387140795635732,0.04184181479925874
AgTi_residual_mode_m_03_v19_acq,interface_AgTi,AgTi_residual_acquisition_parent_v19,V18,Ti,9,0.12555711423876945,0.09805967198069764,0.047413388083677906,0.062456867496152396,0.19842809796112
AgTi_residual_mode_p_03_v19_acq,interface_AgTi,AgTi_residual_acquisition_parent_v19,MACE-MP-0b3-medium,Ag,28,0.20412882560375178,0.12265949217768529,0.11944002002769022,0.11116342940402757,0.464850855129452
AgTi_residual_mode_p_03_v19_acq,interface_AgTi,AgTi_residual_acquisition_parent_v19,MACE-MP-0b3-medium,C,11,0.7031568737250239,0.47588845362569654,0.34720108580688874,0.3839416294008895,1.2157733784187725
AgTi_residual_mode_p_03_v19_acq,interface_AgTi,AgTi_residual_acquisition_parent_v19,MACE-MP-0b3-medium,Si,1,0.44049453193519766,0.24998867545988301,0.3501582163778604,0.09450036142628049,0.44049453193519766
AgTi_residual_mode_p_03_v19_acq,interface_AgTi,AgTi_residual_acquisition_parent_v19,MACE-MP-0b3-medium,Ti,9,0.8643870018809758,0.5660573922362508,0.49723872020692295,0.4236715388629011,1.0991947999188103
AgTi_residual_mode_p_03_v19_acq,interface_AgTi,AgTi_residual_acquisition_parent_v19,V18,Ag,28,0.057422190395336824,0.030839499309400435,0.038088838943726624,0.02992446457436887,0.13895565311735017
AgTi_residual_mode_p_03_v19_acq,interface_AgTi,AgTi_residual_acquisition_parent_v19,V18,C,11,0.1440286902433252,0.07847176379264667,0.0915892758978108,0.0787264278434725,0.41303345773415007
AgTi_residual_mode_p_03_v19_acq,interface_AgTi,AgTi_residual_acquisition_parent_v19,V18,Si,1,0.04196911090753104,0.0071663702357990244,0.012194448364164057,0.03951385626721127,0.04196911090753104
AgTi_residual_mode_p_03_v19_acq,interface_AgTi,AgTi_residual_acquisition_parent_v19,V18,Ti,9,0.22519247640626208,0.15915766764724776,0.11349583780473434,0.11179974534888065,0.5414984331771684
AgSi_rigid_Ag_z_m020_k6x6x1_sigma0p10_dipoleXY_v19,AgSi_slab_rigid_Ag_minus020,AgSi_rigid_gap_parent_A_v19,MACE-MP-0b3-medium,Ag,4,0.5160593070601005,0.07777699395446908,0.06399031304120084,0.5061355425690303,0.5160649796524062
AgSi_rigid_Ag_z_m020_k6x6x1_sigma0p10_dipoleXY_v19,AgSi_slab_rigid_Ag_minus020,AgSi_rigid_gap_parent_A_v19,MACE-MP-0b3-medium,C,16,0.13131930765335445,0.0010215581095684317,0.0019214825770395936,0.13130127526528926,0.21520779140540194
AgSi_rigid_Ag_z_m020_k6x6x1_sigma0p10_dipoleXY_v19,AgSi_slab_rigid_Ag_minus020,AgSi_rigid_gap_parent_A_v19,MACE-MP-0b3-medium,Si,8,0.12577824243738314,0.059869926471359046,0.04189760786944622,0.10237357388393406,0.162894360282517
AgSi_rigid_Ag_z_m020_k6x6x1_sigma0p10_dipoleXY_v19,AgSi_slab_rigid_Ag_minus020,AgSi_rigid_gap_parent_A_v19,MACE-MP-0b3-medium,Ti,24,0.16620231801013574,0.005913527660667207,0.0025101818748923775,0.16607811321635305,0.2264839358005468
AgSi_rigid_Ag_z_m020_k6x6x1_sigma0p10_dipoleXY_v19,AgSi_slab_rigid_Ag_minus020,AgSi_rigid_gap_parent_A_v19,V18,Ag,4,0.7120082739592416,0.096771227145692,0.07659340058422064,0.701230748591418,0.7120139359382973
AgSi_rigid_Ag_z_m020_k6x6x1_sigma0p10_dipoleXY_v19,AgSi_slab_rigid_Ag_minus020,AgSi_rigid_gap_parent_A_v19,V18,C,16,2.725865388721705,0.001031139318769339,0.0024065299463029914,2.725864131389577,2.9035744115756694
AgSi_rigid_Ag_z_m020_k6x6x1_sigma0p10_dipoleXY_v19,AgSi_slab_rigid_Ag_minus020,AgSi_rigid_gap_parent_A_v19,V18,Si,8,0.8933410956926423,0.06693301729448559,0.046467185291609626,0.8896173813164073,1.2549565031348306
AgSi_rigid_Ag_z_m020_k6x6x1_sigma0p10_dipoleXY_v19,AgSi_slab_rigid_Ag_minus020,AgSi_rigid_gap_parent_A_v19,V18,Ti,24,3.1202160137159125,0.004349888379598618,0.0032082115583218977,3.120211332281662,4.557966436523461
