label,category,parent_family_id,formula,n_atoms,pbc,dataset_role,scf_converged,archive_verification,source_sha256,result_sha256,summary_sha256,result_repo_path,mesh,independent_validation,training_use
Ag_baseline_k6x6x6_v19,solid_Ag,Ag_fcc_bulk_parent_v19,Ag32,32,"[true, true, true]",numerical_pure_phase_control_not_training_or_independent_validation,True,PASS,21138a56bc3138106c102c4eb207ea76e2060bb5315f454a937f3ce26308318f,553f0456c3952d41cb8c5687a95918b5e5efdb56d10bf16bf7bcc604e4c4c7f4,e2f1ae7e129c333fb25b58f90d42b2e97c9459494198358cf3efcb8e7dc0d2fc,research/mace-v12-transfer/periodic_interface_v4/pbe_interface_v19_pure_phase_controls/calculations/Ag_baseline_k6x6x6_v19/Ag_baseline_k6x6x6_v19_PW_PBE.extxyz,6x6x6,False,False
Ag_displacement_m01_k6x6x6_v19,solid_Ag,Ag_fcc_bulk_parent_v19,Ag32,32,"[true, true, true]",numerical_pure_phase_control_not_training_or_independent_validation,True,PASS,c9d78f01f6d3aa1c07f5e487707d5794ac1764aefecdc5ba15b8daa1090d7cfe,77d8105bf3288d2902cec4bcb1f13d02f5a777f6740a7a6d36d6dc9d8ef675f0,b5ba50d843284fbf4063e00685f8ec4857a6719e9546ea897f24fd7000b75a86,research/mace-v12-transfer/periodic_interface_v4/pbe_interface_v19_pure_phase_controls/calculations/Ag_displacement_m01_k6x6x6_v19/Ag_displacement_m01_k6x6x6_v19_PW_PBE.extxyz,6x6x6,False,False
Ag_displacement_p01_k6x6x6_v19,solid_Ag,Ag_fcc_bulk_parent_v19,Ag32,32,"[true, true, true]",numerical_pure_phase_control_not_training_or_independent_validation,True,PASS,af5f7345fe8e40b172a4d63197778325c8f45ec8b3e3de4a3a595a5b5c5c7bb4,29222d7bdd1363f1411fca55c6adbf220c57fd7120fc6b4b08bc8e043de00923,4537bab416c78f5e6f850ec225435d1ce8146def6fc72c6a07021afca3754cd4,research/mace-v12-transfer/periodic_interface_v4/pbe_interface_v19_pure_phase_controls/calculations/Ag_displacement_p01_k6x6x6_v19/Ag_displacement_p01_k6x6x6_v19_PW_PBE.extxyz,6x6x6,False,False
Ag_baseline_k8x8x8_v19,solid_Ag,Ag_fcc_bulk_parent_v19,Ag32,32,"[true, true, true]",numerical_pure_phase_control_not_training_or_independent_validation,True,PASS,21138a56bc3138106c102c4eb207ea76e2060bb5315f454a937f3ce26308318f,5a5df757d11e85988d22d97c7f6b2d2700803494215a2a1b40ebc3aa8ba5019d,405f371c37671b1123d4c9c08de3c46c0472a003535a092de4ef522a09aa04f6,research/mace-v12-transfer/periodic_interface_v4/pbe_interface_v19_pure_phase_controls/calculations/Ag_baseline_k8x8x8_v19/Ag_baseline_k8x8x8_v19_PW_PBE.extxyz,8x8x8,False,False
Ag_shear_m005_k8x8x8_v19,solid_Ag,Ag_fcc_bulk_parent_v19,Ag32,32,"[true, true, true]",numerical_pure_phase_control_not_training_or_independent_validation,True,PASS,7fa523344eda2e4acac6a6240224d090b20ca4d713b15773c9d316e44298e9b6,079c9f0dfc7aab65d1119f47cb1ef9420f2938af2fca2d997a86dfa4a33df882,95e41a264845cbf1b68f139bc8d238d80dead6c437180483e66ce36b3c4996c9,research/mace-v12-transfer/periodic_interface_v4/pbe_interface_v19_pure_phase_controls/calculations/Ag_shear_m005_k8x8x8_v19/Ag_shear_m005_k8x8x8_v19_PW_PBE.extxyz,8x8x8,False,False
Ag_shear_p005_k8x8x8_v19,solid_Ag,Ag_fcc_bulk_parent_v19,Ag32,32,"[true, true, true]",numerical_pure_phase_control_not_training_or_independent_validation,True,PASS,694f6677dc431f58bd589db49d37cdc45faf61fe2427f595ce1d3d33cb104372,8adcd40f780ff367fef11243d1985d7b6972814f2649f94157a4b962a862cb93,e690c0f160edfc82429cfcda50db2638141fc1ae521c8b57418ef073e9cd5f20,research/mace-v12-transfer/periodic_interface_v4/pbe_interface_v19_pure_phase_controls/calculations/Ag_shear_p005_k8x8x8_v19/Ag_shear_p005_k8x8x8_v19_PW_PBE.extxyz,8x8x8,False,False
Ag_volume_m02_k8x8x8_v19,solid_Ag,Ag_fcc_bulk_parent_v19,Ag32,32,"[true, true, true]",numerical_pure_phase_control_not_training_or_independent_validation,True,PASS,b28fbe079630f9264361b46b79bc80a55ee5b5eb26965a08123bc795a927e5b0,24595b5ebc2eedd7c4a281e5b75c546dd1abf476d95eb7fc698b7a7b4cc84955,eb142bcc15a9e207f22f5ca182a01b89187870aa3ec0101962da9fa44de22ca9,research/mace-v12-transfer/periodic_interface_v4/pbe_interface_v19_pure_phase_controls/calculations/Ag_volume_m02_k8x8x8_v19/Ag_volume_m02_k8x8x8_v19_PW_PBE.extxyz,8x8x8,False,False
Ag_volume_p02_k8x8x8_v19,solid_Ag,Ag_fcc_bulk_parent_v19,Ag32,32,"[true, true, true]",numerical_pure_phase_control_not_training_or_independent_validation,True,PASS,5de661e1e0411aac4fe15248230cc50f3a57ff83a74f98c1169a16a0ea3efb9a,7cf0516d61ee718e03c59b0bc06fcb857b453165e78463b023714b700e83c6af,d384b417d74255630f266adf832ebbe74f8b2d69b74a7876845feb7404716d90,research/mace-v12-transfer/periodic_interface_v4/pbe_interface_v19_pure_phase_controls/calculations/Ag_volume_p02_k8x8x8_v19/Ag_volume_p02_k8x8x8_v19_PW_PBE.extxyz,8x8x8,False,False
Ti3SiC2_baseline_k10x10x2_v19,solid_Ti3SiC2,Ti3SiC2_bulk_parent_v19,C16Si8Ti24,48,"[true, true, true]",numerical_pure_phase_control_not_training_or_independent_validation,True,PASS,157c1dab02a28e6140dd5191187ccd914fe558950e2ac6c136866bcc7805c3e4,198ea252ba9dc0bb22dc9b968977b18f7422445aa7e9ce37bb0aa8c4701f3916,9adf429be5c4e0bd5bbe1b84b1795683aae8d728668b280176737fca2a0aa166,research/mace-v12-transfer/periodic_interface_v4/pbe_interface_v19_pure_phase_controls/calculations/Ti3SiC2_baseline_k10x10x2_v19/Ti3SiC2_baseline_k10x10x2_v19_PW_PBE.extxyz,"[10,10,2]",False,False
Ti3SiC2_baseline_k10x10x4_v19,solid_Ti3SiC2,Ti3SiC2_bulk_parent_v19,C16Si8Ti24,48,"[true, true, true]",numerical_pure_phase_control_not_training_or_independent_validation,True,PASS,157c1dab02a28e6140dd5191187ccd914fe558950e2ac6c136866bcc7805c3e4,75b083e225b8b20bbdde181c8e1847bae4b0052a854c6e9ee48885c940166415,d73c15560c1dade6ee9fa7a43ccf5e820d3d420114b90bc3965234edba717110,research/mace-v12-transfer/periodic_interface_v4/pbe_interface_v19_pure_phase_controls/calculations/Ti3SiC2_baseline_k10x10x4_v19/Ti3SiC2_baseline_k10x10x4_v19_PW_PBE.extxyz,"[10,10,4]",False,False
Ti3SiC2_Ti4f_id0003_z_m020A_k10x10x4_v19,solid_Ti3SiC2,Ti3SiC2_bulk_parent_v19,C16Si8Ti24,48,"[true, true, true]",numerical_pure_phase_control_not_training_or_independent_validation,True,PASS,5529a040f0f35957f826b78754910970741bff741474e321dc1646a5c0c12bbf,95f3803ec53eaa5a89c6b0117446782e66f4060dbcb01588a7bb5488b24220ce,ef1d9a37e95af3d2151cebec62a7cbfad7a3f4f0b5633ca08f2e8dcd39bbf263,research/mace-v12-transfer/periodic_interface_v4/pbe_interface_v19_pure_phase_controls/calculations/Ti3SiC2_Ti4f_id0003_z_m020A_k10x10x4_v19/Ti3SiC2_Ti4f_id0003_z_m020A_k10x10x4_v19_PW_PBE.extxyz,"[10,10,4]",False,False
Ti3SiC2_Ti4f_id0003_z_p020A_k10x10x4_v19,solid_Ti3SiC2,Ti3SiC2_bulk_parent_v19,C16Si8Ti24,48,"[true, true, true]",numerical_pure_phase_control_not_training_or_independent_validation,True,PASS,5829ebcbb9ae331f6cf1dd7dc5abca0787c07667a55778e3c1eea241938b227b,fa16c172aa4ae926b38347c230e60f8bb93dd79a2e2d66ec2481de79579d1265,07c22ba2daad98244b615599a90c878d6c94728b5d543ffee1f667da70888b5c,research/mace-v12-transfer/periodic_interface_v4/pbe_interface_v19_pure_phase_controls/calculations/Ti3SiC2_Ti4f_id0003_z_p020A_k10x10x4_v19/Ti3SiC2_Ti4f_id0003_z_p020A_k10x10x4_v19_PW_PBE.extxyz,"[10,10,4]",False,False
Ti3SiC2_C4f_id0009_z_m020A_k10x10x4_v19,solid_Ti3SiC2,Ti3SiC2_bulk_parent_v19,C16Si8Ti24,48,"[true, true, true]",numerical_pure_phase_control_not_training_or_independent_validation,True,PASS,19f1a4011620f5c7f245d0a8c893964aa8ebd1eb647f8a9b6f4547a75cac586f,ac021467637026f8728b9b25228b061f8485dda42577b5ce8ae5a8ab4b134850,a56a8df9b560322d59bab0034551982b243602491ec0fb478e62083a9596b59f,research/mace-v12-transfer/periodic_interface_v4/pbe_interface_v19_pure_phase_controls/calculations/Ti3SiC2_C4f_id0009_z_m020A_k10x10x4_v19/Ti3SiC2_C4f_id0009_z_m020A_k10x10x4_v19_PW_PBE.extxyz,"[10,10,4]",False,False
AgC_residual_mode_m_06_v19_acq,interface_AgC,AgC_residual_acquisition_parent_v19,C13Ag2Si10Ti23,48,"[true, true, true]",training_acquisition_reused_development_family,True,PASS,e53658d837014835aa10ded935e4700f2e72a7584fa29ca4f3e8f1e14ed0dd7b,4a5a666b7a486abffaf557786a39a293b7736e153954eae6fcfca682fbc9f552,2ad2f6d9cd266dc5c48f46f0e541042971eaea94f4e73bccdf6466b0f0edd359,research/mace-v12-transfer/periodic_interface_v4/pbe_interface_v19_residual_acquisition/calculations/AgC_residual_mode_m_06_v19_acq/AgC_residual_mode_m_06_v19_acq_PW_PBE.extxyz,,False,False
AgC_residual_mode_p_06_v19_acq,interface_AgC,AgC_residual_acquisition_parent_v19,C13Ag2Si10Ti23,48,"[true, true, true]",training_acquisition_reused_development_family,True,PASS,9d90ac09b3aec60c6d556740a3374659f4259333ae34487c9017c8ef35d9cd8a,a6dde520c8deb80a761b56464d55a89d5522363ef9be24efee4376a038da78a4,6f5bfc2b27f8c4643865b81c6fba06fed176f698028a67c0823cc78bd6e049ba,research/mace-v12-transfer/periodic_interface_v4/pbe_interface_v19_residual_acquisition/calculations/AgC_residual_mode_p_06_v19_acq/AgC_residual_mode_p_06_v19_acq_PW_PBE.extxyz,,False,False
AgSi_residual_mode_m_03_v19_acq,interface_AgSi,AgSi_residual_acquisition_parent_v19,C13Ag17Si8Ti13,51,"[true, true, true]",training_acquisition_reused_development_family,True,PASS,fc7b88e0e018e10c3427486a45f7b17155d122bdc825c72dee717f2c86e9839c,83fa6ec36f3f39c95ef358ff7556eca6407a971618cba24f617825dd66321da8,d6662b92ddc9232bd7abb68449a5b80a43d6d66942dc1437307717586cd19ddb,research/mace-v12-transfer/periodic_interface_v4/pbe_interface_v19_residual_acquisition/calculations/AgSi_residual_mode_m_03_v19_acq/AgSi_residual_mode_m_03_v19_acq_PW_PBE.extxyz,,False,False
AgSi_residual_mode_p_03_v19_acq,interface_AgSi,AgSi_residual_acquisition_parent_v19,C13Ag17Si8Ti13,51,"[true, true, true]",training_acquisition_reused_development_family,True,PASS,f1ef4cf1088ed8b1d48c9452a82203ad98b92ffbf33d2373125536c82c6ce7e4,8236b8c57469101fa483556244605c9e7c221d38e8bb842c0e5a97f9f0ee7d16,e92ab028f1c55ba4b7fac3372137315083bede838ba0afdcec66c804b7b545c2,research/mace-v12-transfer/periodic_interface_v4/pbe_interface_v19_residual_acquisition/calculations/AgSi_residual_mode_p_03_v19_acq/AgSi_residual_mode_p_03_v19_acq_PW_PBE.extxyz,,False,False
AgTi_residual_mode_m_03_v19_acq,interface_AgTi,AgTi_residual_acquisition_parent_v19,C11Ag28SiTi9,49,"[true, true, true]",training_acquisition_reused_development_family,True,PASS,e3b56aef7ba30b0e143970db9bf9f7e368c8d86bfea2bb2b392aa2511ad18e2b,82cf6a43c92ae4f08423441002773779b234b010e14ba227a5cb0541bd774da4,6a57dfcac94febd6a15adfc6d8e26f72d11ae1709a50956dc10580c735d57e6b,research/mace-v12-transfer/periodic_interface_v4/pbe_interface_v19_residual_acquisition/calculations/AgTi_residual_mode_m_03_v19_acq/AgTi_residual_mode_m_03_v19_acq_PW_PBE.extxyz,,False,False
AgTi_residual_mode_p_03_v19_acq,interface_AgTi,AgTi_residual_acquisition_parent_v19,C11Ag28SiTi9,49,"[true, true, true]",training_acquisition_reused_development_family,True,PASS,9c8c82d6d9460ab918b0b41bfa07ba5ccb9b72e455161dde0528e609178d9fcf,4bcc14c480e7653703b6140f2d9c2c94b7f9b847f5c246a7a6e8d44cab3dbe0a,a1b786a36d27f1b95df1754902c10360a48f01de2e72458059aef1bbf5afd3ba,research/mace-v12-transfer/periodic_interface_v4/pbe_interface_v19_residual_acquisition/calculations/AgTi_residual_mode_p_03_v19_acq/AgTi_residual_mode_p_03_v19_acq_PW_PBE.extxyz,,False,False
AgSi_rigid_Ag_z_m020_k6x6x1_sigma0p10_dipoleXY_v19,AgSi_slab_rigid_Ag_minus020,AgSi_rigid_gap_parent_A_v19,C16Ag4Si8Ti24,52,"[true, true, false]",same uploaded CIF parent; training/numerical diagnostic only; not independent validation,True,PASS,ea1c62e43ece0339f7047ac85b09d95fe6c6f07cf3d58fd0eab444ce9a088c43,e6cc182e99f82b1a1df52c874a4fa30d54dfb10fa1a65551615c99ba79de8cef,0836f8ae96851c07b4b9269e5769b95c0fd8ba7a67e01a6b6ab8a9f636cc8be4,research/mace-v12-transfer/periodic_interface_v4/pbe_interface_v19_gap_scan/calculations/AgSi_rigid_Ag_z_m020_k6x6x1_sigma0p10_dipoleXY_v19/AgSi_rigid_Ag_z_m020_k6x6x1_sigma0p10_dipoleXY_v19_PW_PBE.extxyz,,False,False
AgSi_COD9009647_pilot_k6x6,AgSi_COD_slab_original_vacuum,AgSi_COD9009647_slab_family,C16Ag4Si8Ti24,52,published audit input,numerical_convergence_pilot_not_training_or_validation_label,True,PASS,8fe44bee35e17ebfc433e059925a7a85f0dbb4e775090a75ae1883b3eaa6c36c,e96af31eaad63d66b821391c492bee5687333e9c395d686f653ffd37debabf45,covered by published audit manifest,research/mace-v12-transfer/periodic_interface_v4/pbe_interface_v19_cif_convergence_pilot/calculations/AgSi_COD9009647_pilot_k6x6,from published DFT coverage ledger,False,False
AgSi_COD9009647_vacuum26_k6x6_sigma0p10,AgSi_COD_slab_vacuum26,AgSi_COD9009647_slab_family,C16Ag4Si8Ti24,52,published audit input,numerical_convergence_pilot_not_training_or_validation_label,True,PASS,81e73a08a241634fc751ed51323177576f502391049ff9476c4c7acf5665f46d,6d0961999eb3e2c92f878f5c7551df2bfded797b61e9e7e746a2a1de57a4e719,covered by published audit manifest,research/mace-v12-transfer/periodic_interface_v4/pbe_interface_v19_cif_vacuum_pilot/calculations/AgSi_COD9009647_vacuum26_k6x6_sigma0p10,from published DFT coverage ledger,False,False
