label,model,metric,prior,recomputed,abs_difference,status
Ag_baseline_k6x6x6_v19,MACE-MP-0b3-medium,force_vector_RMSE_eV_A,2.2935700987117012e-05,2.2935700987117012e-05,0.0,PASS
Ag_baseline_k6x6x6_v19,V18,force_vector_RMSE_eV_A,2.2935700987024042e-05,2.2935700987024042e-05,0.0,PASS
Ag_baseline_k8x8x8_v19,MACE-MP-0b3-medium,force_vector_RMSE_eV_A,1.727754028049178e-05,1.727754028049178e-05,0.0,PASS
Ag_baseline_k8x8x8_v19,V18,force_vector_RMSE_eV_A,1.7277540280432474e-05,1.7277540280432474e-05,0.0,PASS
Ag_displacement_m01_k6x6x6_v19,MACE-MP-0b3-medium,force_vector_RMSE_eV_A,0.0012115677202295403,0.0012115677202295403,0.0,PASS
Ag_displacement_m01_k6x6x6_v19,V18,force_vector_RMSE_eV_A,0.0023771978724038785,0.0023771978724038785,0.0,PASS
Ag_displacement_p01_k6x6x6_v19,MACE-MP-0b3-medium,force_vector_RMSE_eV_A,0.0012115677884053612,0.0012115677884053612,0.0,PASS
Ag_displacement_p01_k6x6x6_v19,V18,force_vector_RMSE_eV_A,0.0023771979434376264,0.0023771979434376264,0.0,PASS
Ag_shear_m005_k8x8x8_v19,MACE-MP-0b3-medium,force_vector_RMSE_eV_A,2.6270252067576312e-05,2.6270252067576312e-05,0.0,PASS
Ag_shear_m005_k8x8x8_v19,V18,force_vector_RMSE_eV_A,2.627025206756989e-05,2.627025206756989e-05,0.0,PASS
Ag_shear_p005_k8x8x8_v19,MACE-MP-0b3-medium,force_vector_RMSE_eV_A,2.627025180416806e-05,2.627025180416806e-05,0.0,PASS
Ag_shear_p005_k8x8x8_v19,V18,force_vector_RMSE_eV_A,2.6270251804097248e-05,2.6270251804097244e-05,3.3881317890172014e-21,PASS
Ag_volume_m02_k8x8x8_v19,MACE-MP-0b3-medium,force_vector_RMSE_eV_A,5.600413977218595e-07,5.600413977218595e-07,0.0,PASS
Ag_volume_m02_k8x8x8_v19,V18,force_vector_RMSE_eV_A,5.597830114709867e-07,5.597830114709867e-07,0.0,PASS
Ag_volume_p02_k8x8x8_v19,MACE-MP-0b3-medium,force_vector_RMSE_eV_A,3.4732153420341426e-05,3.4732153420341426e-05,0.0,PASS
Ag_volume_p02_k8x8x8_v19,V18,force_vector_RMSE_eV_A,3.473324947150445e-05,3.473324947150445e-05,0.0,PASS
AgC_residual_mode_m_06_v19_acq,MACE-MP-0b3-medium,force_vector_RMSE_eV_A,0.8958555410764475,0.8958555410764475,0.0,PASS
AgC_residual_mode_m_06_v19_acq,V18,force_vector_RMSE_eV_A,0.13579705405783732,0.1357970540578373,2.7755575615628914e-17,PASS
AgC_residual_mode_p_06_v19_acq,MACE-MP-0b3-medium,force_vector_RMSE_eV_A,0.9150504929195677,0.9150504929195677,0.0,PASS
AgC_residual_mode_p_06_v19_acq,V18,force_vector_RMSE_eV_A,0.1455390205393947,0.1455390205393947,0.0,PASS
AgSi_residual_mode_m_03_v19_acq,MACE-MP-0b3-medium,force_vector_RMSE_eV_A,0.7350819772105196,0.7350819772105196,0.0,PASS
AgSi_residual_mode_m_03_v19_acq,V18,force_vector_RMSE_eV_A,0.055605243839414016,0.055605243839414016,0.0,PASS
AgSi_residual_mode_p_03_v19_acq,MACE-MP-0b3-medium,force_vector_RMSE_eV_A,0.7375590389318619,0.7375590389318619,0.0,PASS
AgSi_residual_mode_p_03_v19_acq,V18,force_vector_RMSE_eV_A,0.05900240899753089,0.059002408997530884,6.938893903907228e-18,PASS
AgTi_residual_mode_m_03_v19_acq,MACE-MP-0b3-medium,force_vector_RMSE_eV_A,0.512713673260256,0.512713673260256,0.0,PASS
AgTi_residual_mode_m_03_v19_acq,V18,force_vector_RMSE_eV_A,0.07639797692910197,0.07639797692910197,0.0,PASS
AgTi_residual_mode_p_03_v19_acq,MACE-MP-0b3-medium,force_vector_RMSE_eV_A,0.5253563432444602,0.5253563432444602,0.0,PASS
AgTi_residual_mode_p_03_v19_acq,V18,force_vector_RMSE_eV_A,0.12606103085247714,0.12606103085247714,0.0,PASS
