label,category,parent_family_id,model,prediction_origin,dataset_role,n_atoms,force_vector_RMSE_eV_A,x_RMSE_eV_A,y_RMSE_eV_A,z_RMSE_eV_A,max_atom_force_vector_error_eV_A,z_squared_error_fraction
Ag_baseline_k8x8x8_v19,solid_Ag_baseline,Ag_fcc_bulk_parent_v19,V18,reused_v18_audit_per_atom.csv,numerical_pure_phase_control_not_training_or_independent_validation,32,1.7277540280432474e-05,9.975192531832249e-06,9.975192531803246e-06,9.975192531891378e-06,2.7038121652904978e-05,0.33333333333661397
Ti3SiC2_baseline_k10x10x2_v19,solid_Ti3SiC2_baseline_kz2,Ti3SiC2_bulk_parent_v19,V18,reused_v18_audit_per_atom.csv,numerical_pure_phase_control_not_training_or_independent_validation,48,2.889433267893062,0.001247517477215869,0.0008935108731788928,2.8894328604322412,4.258188318648901,0.9999997179649056
Ti3SiC2_baseline_k10x10x4_v19,solid_Ti3SiC2_baseline_kz4,Ti3SiC2_bulk_parent_v19,V18,reused_v18_audit_per_atom.csv,numerical_pure_phase_control_not_training_or_independent_validation,48,2.888854056437651,0.0006047904608163646,0.0005400638173609421,2.8888539426485096,4.257348653684223,0.9999999212219542
Ti3SiC2_Ti4f_id0003_z_m020A_k10x10x4_v19,Ti3SiC2_Ti_response_minus,Ti3SiC2_bulk_parent_v19,V18,reused_v18_audit_per_atom.csv,numerical_pure_phase_control_not_training_or_independent_validation,48,2.896861995058848,0.01166826394907204,0.01166391145906727,2.8968150136317337,4.474293083045513,0.9999675641806745
Ti3SiC2_Ti4f_id0003_z_p020A_k10x10x4_v19,Ti3SiC2_Ti_response_plus,Ti3SiC2_bulk_parent_v19,V18,reused_v18_audit_per_atom.csv,numerical_pure_phase_control_not_training_or_independent_validation,48,2.8808262104083004,0.01206368268691076,0.012060359603170395,2.880775706274566,4.267399422309886,0.9999649380508584
Ti3SiC2_C4f_id0009_z_m020A_k10x10x4_v19,Ti3SiC2_C_response_minus_only,Ti3SiC2_bulk_parent_v19,V18,reused_v18_audit_per_atom.csv,numerical_pure_phase_control_not_training_or_independent_validation,48,2.8867339772427982,0.015311528973560464,0.015311848302557425,2.8866527605082806,4.279437368273745,0.9999437318487515
AgSi_COD9009647_pilot_k6x6,AgSi_COD_slab_original_vacuum,AgSi_COD9009647_slab_family,V18,reused_v18_audit_per_atom.csv,numerical_convergence_pilot_not_training_or_validation_label,52,2.6337526783776086,0.040519791733331416,0.027245473660535414,2.6333000211719373,4.557741762627631,0.999656293993894
AgSi_COD9009647_vacuum26_k6x6_sigma0p10,AgSi_COD_slab_vacuum26,AgSi_COD9009647_slab_family,V18,reused_v18_audit_per_atom.csv,numerical_convergence_pilot_not_training_or_validation_label,52,2.6335065441282914,0.040499916847448025,0.02723901777638883,2.633054217180585,4.557063662169115,0.9996565126422552
Ag_baseline_k8x8x8_v19,solid_Ag_baseline,Ag_fcc_bulk_parent_v19,MACE-MP-0b3-medium,reused_v18_audit_per_atom.csv,numerical_pure_phase_control_not_training_or_independent_validation,32,1.727754028049178e-05,9.97519253189555e-06,9.975192531854973e-06,9.975192531879074e-06,2.7038121652989834e-05,0.3333333333335033
Ti3SiC2_baseline_k10x10x2_v19,solid_Ti3SiC2_baseline_kz2,Ti3SiC2_bulk_parent_v19,MACE-MP-0b3-medium,reused_v18_audit_per_atom.csv,numerical_pure_phase_control_not_training_or_independent_validation,48,0.03877486154366517,0.0013308275906341624,0.0008060737447862492,0.038743632131904945,0.056901089330298714,0.9983898415428114
Ti3SiC2_baseline_k10x10x4_v19,solid_Ti3SiC2_baseline_kz4,Ti3SiC2_bulk_parent_v19,MACE-MP-0b3-medium,reused_v18_audit_per_atom.csv,numerical_pure_phase_control_not_training_or_independent_validation,48,0.038172730945434524,0.0006772005030595932,0.00042954784282663955,0.038164306307882936,0.05602972373374098,0.9995586531173698
Ti3SiC2_Ti4f_id0003_z_m020A_k10x10x4_v19,Ti3SiC2_Ti_response_minus,Ti3SiC2_bulk_parent_v19,MACE-MP-0b3-medium,reused_v18_audit_per_atom.csv,numerical_pure_phase_control_not_training_or_independent_validation,48,0.0410951708499447,0.0018792662950207662,0.0017974030819839638,0.041012812236414835,0.12813092632021766,0.995995827023062
Ti3SiC2_Ti4f_id0003_z_p020A_k10x10x4_v19,Ti3SiC2_Ti_response_plus,Ti3SiC2_bulk_parent_v19,MACE-MP-0b3-medium,reused_v18_audit_per_atom.csv,numerical_pure_phase_control_not_training_or_independent_validation,48,0.03923894851714539,0.0019691936440817733,0.0018990556644307027,0.03914346618155689,0.07429367408427798,0.9951392089783492
Ti3SiC2_C4f_id0009_z_m020A_k10x10x4_v19,Ti3SiC2_C_response_minus_only,Ti3SiC2_bulk_parent_v19,MACE-MP-0b3-medium,reused_v18_audit_per_atom.csv,numerical_pure_phase_control_not_training_or_independent_validation,48,0.03884870716008744,0.002362642759010363,0.002308192859728142,0.038708038091923816,0.06075871074451399,0.9927712193849887
AgSi_COD9009647_pilot_k6x6,AgSi_COD_slab_original_vacuum,AgSi_COD9009647_slab_family,MACE-MP-0b3-medium,reused_v18_audit_per_atom.csv,numerical_convergence_pilot_not_training_or_validation_label,52,0.19975254856198876,0.04589727815861818,0.032079086594617175,0.19174319471077755,0.4827378454067062,0.9214149620139758
AgSi_COD9009647_vacuum26_k6x6_sigma0p10,AgSi_COD_slab_vacuum26,AgSi_COD9009647_slab_family,MACE-MP-0b3-medium,reused_v18_audit_per_atom.csv,numerical_convergence_pilot_not_training_or_validation_label,52,0.19953680864638682,0.04587521701450945,0.03207420972160561,0.1915245350846489,0.4821000889031552,0.921303645756843
Ag_baseline_k6x6x6_v19,solid_Ag,Ag_fcc_bulk_parent_v19,MACE-MP-0b3-medium,new_frozen_CPU_float64_inference,numerical_pure_phase_control_not_training_or_independent_validation,32,2.2935700987117012e-05,1.3241933139002987e-05,1.3241933138924753e-05,1.3241933138966575e-05,2.8582098189133892e-05,0.33333333333342413
Ag_baseline_k6x6x6_v19,solid_Ag,Ag_fcc_bulk_parent_v19,V18,new_frozen_CPU_float64_inference,numerical_pure_phase_control_not_training_or_independent_validation,32,2.2935700987024042e-05,1.3241933138913803e-05,1.3241933138862122e-05,1.3241933138957366e-05,2.8582098188928835e-05,0.33333333333566284
Ag_displacement_m01_k6x6x6_v19,solid_Ag,Ag_fcc_bulk_parent_v19,MACE-MP-0b3-medium,new_frozen_CPU_float64_inference,numerical_pure_phase_control_not_training_or_independent_validation,32,0.0012115677202295403,0.0011173733159265938,0.0003311896839859539,0.000331189683985926,0.005604522421055795,0.07472367342112601
Ag_displacement_m01_k6x6x6_v19,solid_Ag,Ag_fcc_bulk_parent_v19,V18,new_frozen_CPU_float64_inference,numerical_pure_phase_control_not_training_or_independent_validation,32,0.0023771978724038785,0.002126535201932281,0.0007513047848590824,0.0007513047848591189,0.011156966351616837,0.09988531504024295
Ag_displacement_p01_k6x6x6_v19,solid_Ag,Ag_fcc_bulk_parent_v19,MACE-MP-0b3-medium,new_frozen_CPU_float64_inference,numerical_pure_phase_control_not_training_or_independent_validation,32,0.0012115677884053612,0.0011173733707499263,0.00033118971620537573,0.0003311897162053927,0.005604522694391087,0.07472367955045188
Ag_displacement_p01_k6x6x6_v19,solid_Ag,Ag_fcc_bulk_parent_v19,V18,new_frozen_CPU_float64_inference,numerical_pure_phase_control_not_training_or_independent_validation,32,0.0023771979434376264,0.002126535258543075,0.0007513048171205523,0.0007513048171206344,0.011156966624952476,0.09988531764911861
Ag_shear_m005_k8x8x8_v19,solid_Ag,Ag_fcc_bulk_parent_v19,MACE-MP-0b3-medium,new_frozen_CPU_float64_inference,numerical_pure_phase_control_not_training_or_independent_validation,32,2.6270252067576312e-05,1.5527281936523978e-05,1.5633744736965894e-05,1.4304393900374977e-05,4.284544649137301e-05,0.2964902673616312
Ag_shear_m005_k8x8x8_v19,solid_Ag,Ag_fcc_bulk_parent_v19,V18,new_frozen_CPU_float64_inference,numerical_pure_phase_control_not_training_or_independent_validation,32,2.627025206756989e-05,1.552728193640389e-05,1.5633744737091496e-05,1.4304393900356264e-05,4.284544649162727e-05,0.29649026736100054
Ag_shear_p005_k8x8x8_v19,solid_Ag,Ag_fcc_bulk_parent_v19,MACE-MP-0b3-medium,new_frozen_CPU_float64_inference,numerical_pure_phase_control_not_training_or_independent_validation,32,2.627025180416806e-05,1.5527281626091804e-05,1.5633744544586145e-05,1.4304393963850757e-05,4.284544610596582e-05,0.2964902759387192
Ag_shear_p005_k8x8x8_v19,solid_Ag,Ag_fcc_bulk_parent_v19,V18,new_frozen_CPU_float64_inference,numerical_pure_phase_control_not_training_or_independent_validation,32,2.6270251804097244e-05,1.5527281626001686e-05,1.5633744544559907e-05,1.4304393963847206e-05,4.2845446105893234e-05,0.29649027594017036
Ag_volume_m02_k8x8x8_v19,solid_Ag,Ag_fcc_bulk_parent_v19,MACE-MP-0b3-medium,new_frozen_CPU_float64_inference,numerical_pure_phase_control_not_training_or_independent_validation,32,5.600413977218595e-07,3.2334005181320204e-07,3.233400517502043e-07,3.233400516327433e-07,7.240523526478514e-07,0.3333333331285818
Ag_volume_m02_k8x8x8_v19,solid_Ag,Ag_fcc_bulk_parent_v19,V18,new_frozen_CPU_float64_inference,numerical_pure_phase_control_not_training_or_independent_validation,32,5.597830114709867e-07,3.2319087235840956e-07,3.231908724003168e-07,3.2319087232293423e-07,7.219987332529992e-07,0.33333333325573355
Ag_volume_p02_k8x8x8_v19,solid_Ag,Ag_fcc_bulk_parent_v19,MACE-MP-0b3-medium,new_frozen_CPU_float64_inference,numerical_pure_phase_control_not_training_or_independent_validation,32,3.4732153420341426e-05,2.0052618126779583e-05,2.005261812677621e-05,2.0052618126752708e-05,5.476092644726615e-05,0.33333333333277504
Ag_volume_p02_k8x8x8_v19,solid_Ag,Ag_fcc_bulk_parent_v19,V18,new_frozen_CPU_float64_inference,numerical_pure_phase_control_not_training_or_independent_validation,32,3.473324947150445e-05,2.0053250932225746e-05,2.005325093217323e-05,2.0053250932211593e-05,5.476184511904303e-05,0.3333333333336017
AgC_residual_mode_m_06_v19_acq,interface_AgC,AgC_residual_acquisition_parent_v19,MACE-MP-0b3-medium,new_frozen_CPU_float64_inference,training_acquisition_reused_development_family,48,0.8958555410764475,0.5736899071863192,0.4402036968770196,0.5288267638137578,1.9248982657471676,0.34845835708944445
AgC_residual_mode_m_06_v19_acq,interface_AgC,AgC_residual_acquisition_parent_v19,V18,new_frozen_CPU_float64_inference,training_acquisition_reused_development_family,48,0.1357970540578373,0.07747664255419785,0.07960713442971086,0.07810834716729187,0.4497811200450361,0.3308370949120452
AgC_residual_mode_p_06_v19_acq,interface_AgC,AgC_residual_acquisition_parent_v19,MACE-MP-0b3-medium,new_frozen_CPU_float64_inference,training_acquisition_reused_development_family,48,0.9150504929195677,0.5887264997460776,0.4424987923745388,0.5430592341873494,1.9267143900447599,0.3522121124183866
AgC_residual_mode_p_06_v19_acq,interface_AgC,AgC_residual_acquisition_parent_v19,V18,new_frozen_CPU_float64_inference,training_acquisition_reused_development_family,48,0.1455390205393947,0.08371884017045347,0.09161344899728122,0.07602458985685465,0.48361725820371976,0.2728659067017082
AgSi_residual_mode_m_03_v19_acq,interface_AgSi,AgSi_residual_acquisition_parent_v19,MACE-MP-0b3-medium,new_frozen_CPU_float64_inference,training_acquisition_reused_development_family,51,0.7350819772105196,0.5046959566495158,0.4003437873260275,0.35405134728003707,1.780378229160972,0.23198556006115287
AgSi_residual_mode_m_03_v19_acq,interface_AgSi,AgSi_residual_acquisition_parent_v19,V18,new_frozen_CPU_float64_inference,training_acquisition_reused_development_family,51,0.055605243839414016,0.028944838280938363,0.03718610917958751,0.029518346217476572,0.1359869413582774,0.2818074988038132
AgSi_residual_mode_p_03_v19_acq,interface_AgSi,AgSi_residual_acquisition_parent_v19,MACE-MP-0b3-medium,new_frozen_CPU_float64_inference,training_acquisition_reused_development_family,51,0.7375590389318619,0.5057926054715348,0.4028881518234565,0.354751058181209,1.77839944260709,0.2313416451511219
AgSi_residual_mode_p_03_v19_acq,interface_AgSi,AgSi_residual_acquisition_parent_v19,V18,new_frozen_CPU_float64_inference,training_acquisition_reused_development_family,51,0.059002408997530884,0.0308551881327587,0.03844190614899516,0.03242624684473721,0.14577709141292966,0.3020326418753826
AgTi_residual_mode_m_03_v19_acq,interface_AgTi,AgTi_residual_acquisition_parent_v19,MACE-MP-0b3-medium,new_frozen_CPU_float64_inference,training_acquisition_reused_development_family,49,0.512713673260256,0.32120953053409596,0.28346041474835526,0.2816912166056666,1.10378853074763,0.30185391426447183
AgTi_residual_mode_m_03_v19_acq,interface_AgTi,AgTi_residual_acquisition_parent_v19,V18,new_frozen_CPU_float64_inference,training_acquisition_reused_development_family,49,0.07639797692910197,0.050542333261117185,0.03863590687991685,0.042301183517109264,0.19842809796112,0.3065782353762745
AgTi_residual_mode_p_03_v19_acq,interface_AgTi,AgTi_residual_acquisition_parent_v19,MACE-MP-0b3-medium,new_frozen_CPU_float64_inference,training_acquisition_reused_development_family,49,0.5253563432444602,0.34578278339829116,0.28832054613842495,0.270748622834839,1.2157733784187725,0.26559784795431307
AgTi_residual_mode_p_03_v19_acq,interface_AgTi,AgTi_residual_acquisition_parent_v19,V18,new_frozen_CPU_float64_inference,training_acquisition_reused_development_family,49,0.12606103085247714,0.0811144206126422,0.07128217450050528,0.06504372273128341,0.5414984331771684,0.26622514439057127
AgSi_rigid_Ag_z_m020_k6x6x1_sigma0p10_dipoleXY_v19,AgSi_slab_rigid_Ag_minus020,AgSi_rigid_gap_parent_A_v19,MACE-MP-0b3-medium,new_frozen_CPU_float64_inference,same uploaded CIF parent; training/numerical diagnostic only; not independent validation,52,0.20242298559556776,0.03214399113629309,0.02427115051141413,0.1983752509364654,0.5160649796524062,0.9604070204779293
AgSi_rigid_Ag_z_m020_k6x6x1_sigma0p10_dipoleXY_v19,AgSi_slab_rigid_Ag_minus020,AgSi_rigid_gap_parent_A_v19,V18,new_frozen_CPU_float64_inference,same uploaded CIF parent; training/numerical diagnostic only; not independent validation,52,2.634664315384879,0.03766503191416878,0.028106759253920467,2.6342451310038744,4.557966436523461,0.9996818182629946
