interface,metric,V16,V17,delta_V17_minus_V16,reduction_percent
AgC,energy_abs_error_meV_atom,2.9181062354043754,2.7552374979660974,-0.162868737438278,5.581316247580292
AgC,force_vector_RMSE_eV_A,0.13764435161815752,0.12825387741111088,-0.00939047420704664,6.822273559831193
AgC,separating_force_abs_error_eV_A,0.20438981935445977,0.09479635404966835,-0.10959346530479142,53.61982590469964
AgC,force_vector_max_error_eV_A,0.4590258768423375,0.4284629849029352,-0.03056289193940226,6.65820675506269
AgSi,energy_abs_error_meV_atom,2.845099434783744,1.771149838515719,-1.073949596268025,37.74734841032563
AgSi,force_vector_RMSE_eV_A,0.07289430815811863,0.06129409880223268,-0.011600209355885953,15.913738190262219
AgSi,separating_force_abs_error_eV_A,0.20347316273295146,0.19092631480636124,-0.012546847926590221,6.166340444148569
AgSi,force_vector_max_error_eV_A,0.2034793527033396,0.16153353322342695,-0.04194581947991266,20.61428784917902
AgTi,energy_abs_error_meV_atom,1.5702774278991558,1.2212907977799177,-0.34898663011923814,22.224520579534836
AgTi,force_vector_RMSE_eV_A,0.10153355311926318,0.09416294790821386,-0.007370605211049319,7.259280291699898
AgTi,separating_force_abs_error_eV_A,0.18564666883709702,0.21347105697002045,0.027824388132923428,-14.987819769251574
AgTi,force_vector_max_error_eV_A,0.3153620399711357,0.34819619619067005,0.03283415621953434,-10.411575287418728
