draft_train_frame,config_type,atoms,formula,status,dft_method_declaration,source_path,source_frame,source_sha256,original_import_commit,original_import_frame,geometry_sha256,persistent_atom_ids,k_points_declared,SCF_converged,original_output_identity,missing_materials,relabel_priority
0,Ti_gap_2p3,32,C8Ag10Si2Ti12,partial_recovery,"GPAW PW-PBE 500 eV, 1x4x2, 0.1 eV smearing",research/mace-v12-transfer/periodic_interface_v4/mace_periodic_v14_interface_energy/data/train.extxyz,0,3323cdbd3081fc8d91673662c5f83c8da93ba3b4d7a23428f6b70d0e7a4c9faf,56b2370e0b2829ca4d6f9ba17a0a559c199240b0,0,9f37bf908add549e2fe553e71de3f236e583e91e8d33b6e3b0d27f4829733834,null,"[1, 4, 2]",unknown,unknown,"Original fixed-geometry calculator input/script and full parameters; Original run log with SCF stopping evidence and tolerances; GPAW/ASE and PAW setup versions; Original labeled output plus input/output SHA256 link to the stored REF arrays; Independent original log: the declared recovered-from-extxyz summary would be circular evidence; Original persistent IDs are absent; recover ordered element/position mapping, never invent historical IDs",recover original records first; matched relabel if unavailable
1,Ti_gap_2p6,32,C8Ag10Si2Ti12,partial_recovery,"GPAW PW-PBE 500 eV, 1x4x2, 0.1 eV smearing",research/mace-v12-transfer/periodic_interface_v4/mace_periodic_v14_interface_energy/data/train.extxyz,1,3323cdbd3081fc8d91673662c5f83c8da93ba3b4d7a23428f6b70d0e7a4c9faf,56b2370e0b2829ca4d6f9ba17a0a559c199240b0,1,8db8137fb92b9a9125e3c353fa7d69dabbcb68e09bbf34e13db56f377e79474e,null,"[1, 4, 2]",unknown,unknown,"Original fixed-geometry calculator input/script and full parameters; Original run log with SCF stopping evidence and tolerances; GPAW/ASE and PAW setup versions; Original labeled output plus input/output SHA256 link to the stored REF arrays; Original persistent IDs are absent; recover ordered element/position mapping, never invent historical IDs",recover original records first; matched relabel if unavailable
2,Ti_gap_2p9,32,C8Ag10Si2Ti12,partial_recovery,"GPAW PW-PBE 500 eV, 1x4x2, 0.1 eV smearing",research/mace-v12-transfer/periodic_interface_v4/mace_periodic_v14_interface_energy/data/train.extxyz,2,3323cdbd3081fc8d91673662c5f83c8da93ba3b4d7a23428f6b70d0e7a4c9faf,56b2370e0b2829ca4d6f9ba17a0a559c199240b0,2,7496c61c8bfcfddeb2cd3887d0fa712b1219b1b158e499ca5f607526c827341d,null,"[1, 4, 2]",unknown,unknown,"Original fixed-geometry calculator input/script and full parameters; Original run log with SCF stopping evidence and tolerances; GPAW/ASE and PAW setup versions; Original labeled output plus input/output SHA256 link to the stored REF arrays; Original persistent IDs are absent; recover ordered element/position mapping, never invent historical IDs",recover original records first; matched relabel if unavailable
3,Si_gap_2p6,20,C4Ag6Si4Ti6,partial_recovery,"GPAW PW-PBE 500 eV, 1x4x2, 0.1 eV smearing",research/mace-v12-transfer/periodic_interface_v4/mace_periodic_v14_interface_energy/data/train.extxyz,3,3323cdbd3081fc8d91673662c5f83c8da93ba3b4d7a23428f6b70d0e7a4c9faf,56b2370e0b2829ca4d6f9ba17a0a559c199240b0,3,e55bcab964895c682fe2cedc81ca1cb3145cc920dd6ad548fb49b04ee7dd19e0,null,"[1, 4, 2]",unknown,unknown,"Original fixed-geometry calculator input/script and full parameters; Original run log with SCF stopping evidence and tolerances; GPAW/ASE and PAW setup versions; Original labeled output plus input/output SHA256 link to the stored REF arrays; Original persistent IDs are absent; recover ordered element/position mapping, never invent historical IDs",recover original records first; matched relabel if unavailable
4,C_gap_2p6,20,C6Ag6Si2Ti6,partial_recovery,"GPAW PW-PBE 500 eV, 1x4x2, 0.1 eV smearing",research/mace-v12-transfer/periodic_interface_v4/mace_periodic_v14_interface_energy/data/train.extxyz,4,3323cdbd3081fc8d91673662c5f83c8da93ba3b4d7a23428f6b70d0e7a4c9faf,56b2370e0b2829ca4d6f9ba17a0a559c199240b0,4,241422fd55cf982147cc084e719dce14ac54f1c266d33c03ab88bdaf802572fa,null,"[1, 4, 2]",unknown,unknown,"Original fixed-geometry calculator input/script and full parameters; Original run log with SCF stopping evidence and tolerances; GPAW/ASE and PAW setup versions; Original labeled output plus input/output SHA256 link to the stored REF arrays; Original persistent IDs are absent; recover ordered element/position mapping, never invent historical IDs",recover original records first; matched relabel if unavailable
5,Si_gap_2p4,20,C4Ag6Si4Ti6,partial_recovery,"GPAW PW-PBE 500 eV, 1x4x2, 0.1 eV smearing",research/mace-v12-transfer/periodic_interface_v4/mace_periodic_v14_interface_energy/data/train.extxyz,5,3323cdbd3081fc8d91673662c5f83c8da93ba3b4d7a23428f6b70d0e7a4c9faf,56b2370e0b2829ca4d6f9ba17a0a559c199240b0,5,f41700bc5f62ea6d2497238bc0540c5db2daac623f89860a7dde5ea5b6734b78,null,"[1, 4, 2]",unknown,unknown,"Original fixed-geometry calculator input/script and full parameters; Original run log with SCF stopping evidence and tolerances; GPAW/ASE and PAW setup versions; Original labeled output plus input/output SHA256 link to the stored REF arrays; Original persistent IDs are absent; recover ordered element/position mapping, never invent historical IDs",recover original records first; matched relabel if unavailable
6,C_gap_2p4,20,C6Ag6Si2Ti6,partial_recovery,"GPAW PW-PBE 500 eV, 1x4x2, 0.1 eV smearing",research/mace-v12-transfer/periodic_interface_v4/mace_periodic_v14_interface_energy/data/train.extxyz,6,3323cdbd3081fc8d91673662c5f83c8da93ba3b4d7a23428f6b70d0e7a4c9faf,56b2370e0b2829ca4d6f9ba17a0a559c199240b0,6,436dde6f223b4ef1f2fa0f14adb64fc0591dd8a62e5c6403de5cef605ffa6316,null,"[1, 4, 2]",unknown,unknown,"Original fixed-geometry calculator input/script and full parameters; Original run log with SCF stopping evidence and tolerances; GPAW/ASE and PAW setup versions; Original labeled output plus input/output SHA256 link to the stored REF arrays; Original persistent IDs are absent; recover ordered element/position mapping, never invent historical IDs",recover original records first; matched relabel if unavailable
7,Si_gap_2p8,20,C4Ag6Si4Ti6,partial_recovery,"GPAW PW-PBE 500 eV, 1x4x2, 0.1 eV smearing",research/mace-v12-transfer/periodic_interface_v4/mace_periodic_v14_interface_energy/data/train.extxyz,7,3323cdbd3081fc8d91673662c5f83c8da93ba3b4d7a23428f6b70d0e7a4c9faf,56b2370e0b2829ca4d6f9ba17a0a559c199240b0,7,5544cec28485481536c198b4fe70035badce840cfaa2dadbfd654da0f2b20b1b,null,"[1, 4, 2]",unknown,unknown,"Original fixed-geometry calculator input/script and full parameters; Original run log with SCF stopping evidence and tolerances; GPAW/ASE and PAW setup versions; Original labeled output plus input/output SHA256 link to the stored REF arrays; Original persistent IDs are absent; recover ordered element/position mapping, never invent historical IDs",recover original records first; matched relabel if unavailable
8,C_gap_2p8,20,C6Ag6Si2Ti6,partial_recovery,"GPAW PW-PBE 500 eV, 1x4x2, 0.1 eV smearing",research/mace-v12-transfer/periodic_interface_v4/mace_periodic_v14_interface_energy/data/train.extxyz,8,3323cdbd3081fc8d91673662c5f83c8da93ba3b4d7a23428f6b70d0e7a4c9faf,56b2370e0b2829ca4d6f9ba17a0a559c199240b0,8,267ab1b0fb874392f72037f40dd1dac1e2255c3b1e1b39b8654e477dce7bc6dd,null,"[1, 4, 2]",unknown,unknown,"Original fixed-geometry calculator input/script and full parameters; Original run log with SCF stopping evidence and tolerances; GPAW/ASE and PAW setup versions; Original labeled output plus input/output SHA256 link to the stored REF arrays; Original persistent IDs are absent; recover ordered element/position mapping, never invent historical IDs",recover original records first; matched relabel if unavailable
9,AgTi_2p3871A_periodic_PW_PBE_force_only,49,C11Ag28SiTi9,unresolved,,research/mace-v12-transfer/periodic_interface_v4/mace_periodic_v14_interface_energy/data/train.extxyz,13,3323cdbd3081fc8d91673662c5f83c8da93ba3b4d7a23428f6b70d0e7a4c9faf,56b2370e0b2829ca4d6f9ba17a0a559c199240b0,17,bfbed204492f1ca9fb6ab6732be15781ef9c92833172c6341bdf4fa019ce8696,"[478831, 478840, 478841, 478844, 479021, 479027, 479028, 479030, 479031, 480798, 480801, 480802, 480805, 480807, 480810, 480811, 480812, 480813, 480974, 480975, 480980, 682693, 685396, 685467, 686309, 686324, 686418, 686622, 686899, 687243, 687247, 688096, 688280, 688689, 688707, 689682, 690927, 691757, 694331, 696686, 700223, 701905, 703736, 704767, 716228, 720990, 721910, 728014, 741114]",null,unknown,unknown,Original fixed-geometry calculator input/script and full parameters; Original run log with SCF stopping evidence and tolerances; GPAW/ASE and PAW setup versions; Original labeled output plus input/output SHA256 link to the stored REF arrays; Exact phase-specific k-point mesh/offset; global dense-mesh claim is not a per-frame value; Direct basis/XC/cutoff/k-grid/smearing evidence for the AgTi frame whose energy was appended to an older force-only geometry,first: unmatched energy/force method binding
10,AgTi_2p55_periodic_PW_PBE_energy_force,49,C11Ag28SiTi9,partial_recovery,"GPAW PW-PBE 500 eV, Gamma, Fermi smearing 0.1 eV",research/mace-v12-transfer/periodic_interface_v4/mace_periodic_v14_interface_energy/data/train.extxyz,14,3323cdbd3081fc8d91673662c5f83c8da93ba3b4d7a23428f6b70d0e7a4c9faf,56b2370e0b2829ca4d6f9ba17a0a559c199240b0,18,440b8f50fccb7b4ae511cf0e7f407ee1e9628066d73724fb56a81719328f271a,"[478831, 478840, 478841, 478844, 479021, 479027, 479028, 479030, 479031, 480798, 480801, 480802, 480805, 480807, 480810, 480811, 480812, 480813, 480974, 480975, 480980, 682693, 685396, 685467, 686309, 686324, 686418, 686622, 686899, 687243, 687247, 688096, 688280, 688689, 688707, 689682, 690927, 691757, 694331, 696686, 700223, 701905, 703736, 704767, 716228, 720990, 721910, 728014, 741114]","[1, 1, 1]",unknown,unknown,Original fixed-geometry calculator input/script and full parameters; Original run log with SCF stopping evidence and tolerances; GPAW/ASE and PAW setup versions; Original labeled output plus input/output SHA256 link to the stored REF arrays,recover original records first; matched relabel if unavailable
11,v10_element_reference_Ag_fcc,4,Ag4,partial_recovery,GPAW PW-PBE 500 eV; Fermi smearing 0.1 eV,research/mace-v12-transfer/periodic_interface_v4/mace_periodic_v14_interface_energy/data/train.extxyz,15,3323cdbd3081fc8d91673662c5f83c8da93ba3b4d7a23428f6b70d0e7a4c9faf,56b2370e0b2829ca4d6f9ba17a0a559c199240b0,19,1bd1ed66ca00f61e7f33bd69da102a271da8a75d683166c02aefd572da5f309d,null,null,unknown,unknown,"Original fixed-geometry calculator input/script and full parameters; Original run log with SCF stopping evidence and tolerances; GPAW/ASE and PAW setup versions; Original labeled output plus input/output SHA256 link to the stored REF arrays; Exact phase-specific k-point mesh/offset; global dense-mesh claim is not a per-frame value; Original persistent IDs are absent; recover ordered element/position mapping, never invent historical IDs",high: elemental numerical reference
12,v10_element_reference_Ti_hcp,2,Ti2,partial_recovery,GPAW PW-PBE 500 eV; Fermi smearing 0.1 eV,research/mace-v12-transfer/periodic_interface_v4/mace_periodic_v14_interface_energy/data/train.extxyz,16,3323cdbd3081fc8d91673662c5f83c8da93ba3b4d7a23428f6b70d0e7a4c9faf,56b2370e0b2829ca4d6f9ba17a0a559c199240b0,20,9a77c251e130f9e6cfb164a1d439d6375d9b6b5b087301592db388c724923515,null,null,unknown,unknown,"Original fixed-geometry calculator input/script and full parameters; Original run log with SCF stopping evidence and tolerances; GPAW/ASE and PAW setup versions; Original labeled output plus input/output SHA256 link to the stored REF arrays; Exact phase-specific k-point mesh/offset; global dense-mesh claim is not a per-frame value; Original persistent IDs are absent; recover ordered element/position mapping, never invent historical IDs",high: elemental numerical reference
13,v10_element_reference_Si_diamond,8,Si8,partial_recovery,GPAW PW-PBE 500 eV; Fermi smearing 0.1 eV,research/mace-v12-transfer/periodic_interface_v4/mace_periodic_v14_interface_energy/data/train.extxyz,17,3323cdbd3081fc8d91673662c5f83c8da93ba3b4d7a23428f6b70d0e7a4c9faf,56b2370e0b2829ca4d6f9ba17a0a559c199240b0,21,dcd3ca1b8014bc44be24a7299594409d67d94bee917e3cd0a82a71d37edf4e35,null,null,unknown,unknown,"Original fixed-geometry calculator input/script and full parameters; Original run log with SCF stopping evidence and tolerances; GPAW/ASE and PAW setup versions; Original labeled output plus input/output SHA256 link to the stored REF arrays; Exact phase-specific k-point mesh/offset; global dense-mesh claim is not a per-frame value; Original persistent IDs are absent; recover ordered element/position mapping, never invent historical IDs",high: elemental numerical reference
14,v10_element_reference_C_diamond,8,C8,partial_recovery,GPAW PW-PBE 500 eV; Fermi smearing 0.1 eV,research/mace-v12-transfer/periodic_interface_v4/mace_periodic_v14_interface_energy/data/train.extxyz,18,3323cdbd3081fc8d91673662c5f83c8da93ba3b4d7a23428f6b70d0e7a4c9faf,56b2370e0b2829ca4d6f9ba17a0a559c199240b0,22,b2b686073468f81426081ee5aef9817795adf9785247b445c4d81b3bc2794608,null,null,unknown,unknown,"Original fixed-geometry calculator input/script and full parameters; Original run log with SCF stopping evidence and tolerances; GPAW/ASE and PAW setup versions; Original labeled output plus input/output SHA256 link to the stored REF arrays; Exact phase-specific k-point mesh/offset; global dense-mesh claim is not a per-frame value; Original persistent IDs are absent; recover ordered element/position mapping, never invent historical IDs",high: elemental numerical reference
